Vivado Simulator 2018.2
Time resolution is 1 ps
Time=0 | Ped=0 | Highway=001 | Side=100 | Walk=0
Time=85000 | Ped=0 | Highway=010 | Side=100 | Walk=0
Time=100000 | Ped=1 | Highway=010 | Side=100 | Walk=0
Time=110000 | Ped=0 | Highway=010 | Side=100 | Walk=0
Time=115000 | Ped=0 | Highway=100 | Side=100 | Walk=1
Time=155000 | Ped=0 | Highway=100 | Side=100 | Walk=0
Time=165000 | Ped=0 | Highway=100 | Side=001 | Walk=0
Time=225000 | Ped=0 | Highway=001 | Side=100 | Walk=0
$finish called at time : 260 ns : File "C:/Users/PC5/Desktop/vlsiproject/Traffic_Light_Controller/tb_traffic_light_controller.v" Line 64
Time=285000 | Ped=0 | Highway=010 | Side=100 | Walk=0
Time=315000 | Ped=0 | Highway=100 | Side=001 | Walk=0
Time=375000 | Ped=0 | Highway=001 | Side=100 | Walk=0
Time=435000 | Ped=0 | Highway=010 | Side=100 | Walk=0
Time=465000 | Ped=0 | Highway=100 | Side=001 | Walk=0
Time=525000 | Ped=0 | Highway=001 | Side=100 | Walk=0
Time=585000 | Ped=0 | Highway=010 | Side=100 | Walk=0
Time=615000 | Ped=0 | Highway=100 | Side=001 | Walk=0
Time=675000 | Ped=0 | Highway=001 | Side=100 | Walk=0
Time=735000 | Ped=0 | Highway=010 | Side=100 | Walk=0
Time=765000 | Ped=0 | Highway=100 | Side=001 | Walk=0
Time=825000 | Ped=0 | Highway=001 | Side=100 | Walk=0
Time=885000 | Ped=0 | Highway=010 | Side=100 | Walk=0
Time=915000 | Ped=0 | Highway=100 | Side=001 | Walk=0
Time=975000 | Ped=0 | Highway=001 | Side=100 | Walk=0
Time=1035000 | Ped=0 | Highway=010 | Side=100 | Walk=0
Time=1065000 | Ped=0 | Highway=100 | Side=001 | Walk=0
Time=1125000 | Ped=0 | Highway=001 | Side=100 | Walk=0
Time=1185000 | Ped=0 | Highway=010 | Side=100 | Walk=0
Time=1215000 | Ped=0 | Highway=100 | Side=001 | Walk=0
Time=1275000 | Ped=0 | Highway=001 | Side=100 | Walk=0
Time=1335000 | Ped=0 | Highway=010 | Side=100 | Walk=0
Time=1365000 | Ped=0 | Highway=100 | Side=001 | Walk=0
Time=1425000 | Ped=0 | Highway=001 | Side=100 | Walk=0
Time=1485000 | Ped=0 | Highway=010 | Side=100 | Walk=0
Time=1515000 | Ped=0 | Highway=100 | Side=001 | Walk=0
Time=1575000 | Ped=0 | Highway=001 | Side=100 | Walk=0
Time=1635000 | Ped=0 | Highway=010 | Side=100 | Walk=0
Time=1665000 | Ped=0 | Highway=100 | Side=001 | Walk=0
Time=1725000 | Ped=0 | Highway=001 | Side=100 | Walk=0
Time=1785000 | Ped=0 | Highway=010 | Side=100 | Walk=0
Time=1815000 | Ped=0 | Highway=100 | Side=001 | Walk=0
Time=1875000 | Ped=0 | Highway=001 | Side=100 | Walk=0
Time=1935000 | Ped=0 | Highway=010 | Side=100 | Walk=0
Time=1965000 | Ped=0 | Highway=100 | Side=001 | Walk=0
Time=2025000 | Ped=0 | Highway=001 | Side=100 | Walk=0
Time=2085000 | Ped=0 | Highway=010 | Side=100 | Walk=0
Time=2115000 | Ped=0 | Highway=100 | Side=001 | Walk=0
Time=2175000 | Ped=0 | Highway=001 | Side=100 | Walk=0
Time=2235000 | Ped=0 | Highway=010 | Side=100 | Walk=0
Time=2265000 | Ped=0 | Highway=100 | Side=001 | Walk=0
Time=2325000 | Ped=0 | Highway=001 | Side=100 | Walk=0
Time=2385000 | Ped=0 | Highway=010 | Side=100 | Walk=0
Time=2415000 | Ped=0 | Highway=100 | Side=001 | Walk=0
Time=2475000 | Ped=0 | Highway=001 | Side=100 | Walk=0
Time=2535000 | Ped=0 | Highway=010 | Side=100 | Walk=0
Time=2565000 | Ped=0 | Highway=100 | Side=001 | Walk=0
Time=2625000 | Ped=0 | Highway=001 | Side=100 | Walk=0
Time=2685000 | Ped=0 | Highway=010 | Side=100 | Walk=0
Time=2715000 | Ped=0 | Highway=100 | Side=001 | Walk=0
Time=2775000 | Ped=0 | Highway=001 | Side=100 | Walk=0
Time=2835000 | Ped=0 | Highway=010 | Side=100 | Walk=0
Time=2865000 | Ped=0 | Highway=100 | Side=001 | Walk=0
Time=2925000 | Ped=0 | Highway=001 | Side=100 | Walk=0
Time=2985000 | Ped=0 | Highway=010 | Side=100 | Walk=0
Time=3015000 | Ped=0 | Highway=100 | Side=001 | Walk=0
Time=3075000 | Ped=0 | Highway=001 | Side=100 | Walk=0
Time=3135000 | Ped=0 | Highway=010 | Side=100 | Walk=0
Time=3165000 | Ped=0 | Highway=100 | Side=001 | Walk=0
Time=3225000 | Ped=0 | Highway=001 | Side=100 | Walk=0
Time=3285000 | Ped=0 | Highway=010 | Side=100 | Walk=0
Time=3315000 | Ped=0 | Highway=100 | Side=001 | Walk=0
Time=3375000 | Ped=0 | Highway=001 | Side=100 | Walk=0
Time=3435000 | Ped=0 | Highway=010 | Side=100 | Walk=0
Time=3465000 | Ped=0 | Highway=100 | Side=001 | Walk=0
Time=3525000 | Ped=0 | Highway=001 | Side=100 | Walk=0
Time=3585000 | Ped=0 | Highway=010 | Side=100 | Walk=0
Time=3615000 | Ped=0 | Highway=100 | Side=001 | Walk=0
Time=3675000 | Ped=0 | Highway=001 | Side=100 | Walk=0
Time=3735000 | Ped=0 | Highway=010 | Side=100 | Walk=0
Time=3765000 | Ped=0 | Highway=100 | Side=001 | Walk=0
Time=3825000 | Ped=0 | Highway=001 | Side=100 | Walk=0
Time=3885000 | Ped=0 | Highway=010 | Side=100 | Walk=0
Time=3915000 | Ped=0 | Highway=100 | Side=001 | Walk=0
Time=3975000 | Ped=0 | Highway=001 | Side=100 | Walk=0
Time=4035000 | Ped=0 | Highway=010 | Side=100 | Walk=0
Time=4065000 | Ped=0 | Highway=100 | Side=001 | Walk=0
Time=4125000 | Ped=0 | Highway=001 | Side=100 | Walk=0
Time=4185000 | Ped=0 | Highway=010 | Side=100 | Walk=0
Time=4215000 | Ped=0 | Highway=100 | Side=001 | Walk=0
Time=4275000 | Ped=0 | Highway=001 | Side=100 | Walk=0
Time=4335000 | Ped=0 | Highway=010 | Side=100 | Walk=0
Time=4365000 | Ped=0 | Highway=100 | Side=001 | Walk=0
Time=4425000 | Ped=0 | Highway=001 | Side=100 | Walk=0
Time=4485000 | Ped=0 | Highway=010 | Side=100 | Walk=0
Time=4515000 | Ped=0 | Highway=100 | Side=001 | Walk=0
Time=4575000 | Ped=0 | Highway=001 | Side=100 | Walk=0
Time=4635000 | Ped=0 | Highway=010 | Side=100 | Walk=0
Time=4665000 | Ped=0 | Highway=100 | Side=001 | Walk=0
Time=4725000 | Ped=0 | Highway=001 | Side=100 | Walk=0
Time=4785000 | Ped=0 | Highway=010 | Side=100 | Walk=0
Time=4815000 | Ped=0 | Highway=100 | Side=001 | Walk=0
Time=4875000 | Ped=0 | Highway=001 | Side=100 | Walk=0
Time=4935000 | Ped=0 | Highway=010 | Side=100 | Walk=0
Time=4965000 | Ped=0 | Highway=100 | Side=001 | Walk=0
Time=5025000 | Ped=0 | Highway=001 | Side=100 | Walk=0
Time=5085000 | Ped=0 | Highway=010 | Side=100 | Walk=0
Time=5115000 | Ped=0 | Highway=100 | Side=001 | Walk=0
Time=5175000 | Ped=0 | Highway=001 | Side=100 | Walk=0
Time=5235000 | Ped=0 | Highway=010 | Side=100 | Walk=0
Time=5265000 | Ped=0 | Highway=100 | Side=001 | Walk=0
Time=5325000 | Ped=0 | Highway=001 | Side=100 | Walk=0
Time=5385000 | Ped=0 | Highway=010 | Side=100 | Walk=0
Time=5415000 | Ped=0 | Highway=100 | Side=001 | Walk=0
Time=5475000 | Ped=0 | Highway=001 | Side=100 | Walk=0
Time=5535000 | Ped=0 | Highway=010 | Side=100 | Walk=0
Time=5565000 | Ped=0 | Highway=100 | Side=001 | Walk=0
Time=5625000 | Ped=0 | Highway=001 | Side=100 | Walk=0
Time=5685000 | Ped=0 | Highway=010 | Side=100 | Walk=0
Time=5715000 | Ped=0 | Highway=100 | Side=001 | Walk=0
Time=5775000 | Ped=0 | Highway=001 | Side=100 | Walk=0
Time=5835000 | Ped=0 | Highway=010 | Side=100 | Walk=0
Time=5865000 | Ped=0 | Highway=100 | Side=001 | Walk=0
Time=5925000 | Ped=0 | Highway=001 | Side=100 | Walk=0
Time=5985000 | Ped=0 | Highway=010 | Side=100 | Walk=0
Time=6015000 | Ped=0 | Highway=100 | Side=001 | Walk=0
Time=6075000 | Ped=0 | Highway=001 | Side=100 | Walk=0
Time=6135000 | Ped=0 | Highway=010 | Side=100 | Walk=0
Time=6165000 | Ped=0 | Highway=100 | Side=001 | Walk=0
Time=6225000 | Ped=0 | Highway=001 | Side=100 | Walk=0
Time=6285000 | Ped=0 | Highway=010 | Side=100 | Walk=0
Time=6315000 | Ped=0 | Highway=100 | Side=001 | Walk=0
Time=6375000 | Ped=0 | Highway=001 | Side=100 | Walk=0
Time=6435000 | Ped=0 | Highway=010 | Side=100 | Walk=0
Time=6465000 | Ped=0 | Highway=100 | Side=001 | Walk=0
Time=6525000 | Ped=0 | Highway=001 | Side=100 | Walk=0
Time=6585000 | Ped=0 | Highway=010 | Side=100 | Walk=0
Time=6615000 | Ped=0 | Highway=100 | Side=001 | Walk=0
Time=6675000 | Ped=0 | Highway=001 | Side=100 | Walk=0
Time=6735000 | Ped=0 | Highway=010 | Side=100 | Walk=0
Time=6765000 | Ped=0 | Highway=100 | Side=001 | Walk=0
Time=6825000 | Ped=0 | Highway=001 | Side=100 | Walk=0
Time=6885000 | Ped=0 | Highway=010 | Side=100 | Walk=0
Time=6915000 | Ped=0 | Highway=100 | Side=001 | Walk=0
Time=6975000 | Ped=0 | Highway=001 | Side=100 | Walk=0
Time=7035000 | Ped=0 | Highway=010 | Side=100 | Walk=0
Time=7065000 | Ped=0 | Highway=100 | Side=001 | Walk=0
Time=7125000 | Ped=0 | Highway=001 | Side=100 | Walk=0
Time=7185000 | Ped=0 | Highway=010 | Side=100 | Walk=0
Time=7215000 | Ped=0 | Highway=100 | Side=001 | Walk=0
Time=7275000 | Ped=0 | Highway=001 | Side=100 | Walk=0
Time=7335000 | Ped=0 | Highway=010 | Side=100 | Walk=0
Time=7365000 | Ped=0 | Highway=100 | Side=001 | Walk=0
Time=7425000 | Ped=0 | Highway=001 | Side=100 | Walk=0
Time=7485000 | Ped=0 | Highway=010 | Side=100 | Walk=0
Time=7515000 | Ped=0 | Highway=100 | Side=001 | Walk=0
Time=7575000 | Ped=0 | Highway=001 | Side=100 | Walk=0
Time=7635000 | Ped=0 | Highway=010 | Side=100 | Walk=0
Time=7665000 | Ped=0 | Highway=100 | Side=001 | Walk=0
Time=7725000 | Ped=0 | Highway=001 | Side=100 | Walk=0
Time=7785000 | Ped=0 | Highway=010 | Side=100 | Walk=0
Time=7815000 | Ped=0 | Highway=100 | Side=001 | Walk=0
Time=7875000 | Ped=0 | Highway=001 | Side=100 | Walk=0
Time=7935000 | Ped=0 | Highway=010 | Side=100 | Walk=0
Time=7965000 | Ped=0 | Highway=100 | Side=001 | Walk=0
Time=8025000 | Ped=0 | Highway=001 | Side=100 | Walk=0
Time=8085000 | Ped=0 | Highway=010 | Side=100 | Walk=0
Time=8115000 | Ped=0 | Highway=100 | Side=001 | Walk=0
Time=8175000 | Ped=0 | Highway=001 | Side=100 | Walk=0
Time=8235000 | Ped=0 | Highway=010 | Side=100 | Walk=0
Time=8265000 | Ped=0 | Highway=100 | Side=001 | Walk=0
Time=8325000 | Ped=0 | Highway=001 | Side=100 | Walk=0
Time=8385000 | Ped=0 | Highway=010 | Side=100 | Walk=0
Time=8415000 | Ped=0 | Highway=100 | Side=001 | Walk=0
Time=8475000 | Ped=0 | Highway=001 | Side=100 | Walk=0
Time=8535000 | Ped=0 | Highway=010 | Side=100 | Walk=0
Time=8565000 | Ped=0 | Highway=100 | Side=001 | Walk=0
Time=8625000 | Ped=0 | Highway=001 | Side=100 | Walk=0
Time=8685000 | Ped=0 | Highway=010 | Side=100 | Walk=0
Time=8715000 | Ped=0 | Highway=100 | Side=001 | Walk=0
Time=8775000 | Ped=0 | Highway=001 | Side=100 | Walk=0
Time=8835000 | Ped=0 | Highway=010 | Side=100 | Walk=0
Time=8865000 | Ped=0 | Highway=100 | Side=001 | Walk=0
Time=8925000 | Ped=0 | Highway=001 | Side=100 | Walk=0
Time=8985000 | Ped=0 | Highway=010 | Side=100 | Walk=0
Time=9015000 | Ped=0 | Highway=100 | Side=001 | Walk=0
Time=9075000 | Ped=0 | Highway=001 | Side=100 | Walk=0
Time=9135000 | Ped=0 | Highway=010 | Side=100 | Walk=0
Time=9165000 | Ped=0 | Highway=100 | Side=001 | Walk=0
Time=9225000 | Ped=0 | Highway=001 | Side=100 | Walk=0
Time=9285000 | Ped=0 | Highway=010 | Side=100 | Walk=0
Time=9315000 | Ped=0 | Highway=100 | Side=001 | Walk=0
Time=9375000 | Ped=0 | Highway=001 | Side=100 | Walk=0
Time=9435000 | Ped=0 | Highway=010 | Side=100 | Walk=0
Time=9465000 | Ped=0 | Highway=100 | Side=001 | Walk=0
Time=9525000 | Ped=0 | Highway=001 | Side=100 | Walk=0
Time=9585000 | Ped=0 | Highway=010 | Side=100 | Walk=0
Time=9615000 | Ped=0 | Highway=100 | Side=001 | Walk=0
Time=9675000 | Ped=0 | Highway=001 | Side=100 | Walk=0
Time=9735000 | Ped=0 | Highway=010 | Side=100 | Walk=0
Time=9765000 | Ped=0 | Highway=100 | Side=001 | Walk=0
Time=9825000 | Ped=0 | Highway=001 | Side=100 | Walk=0
Time=9885000 | Ped=0 | Highway=010 | Side=100 | Walk=0
Time=9915000 | Ped=0 | Highway=100 | Side=001 | Walk=0
Time=9975000 | Ped=0 | Highway=001 | Side=100 | Walk=0
Time=10035000 | Ped=0 | Highway=010 | Side=100 | Walk=0
Time=10065000 | Ped=0 | Highway=100 | Side=001 | Walk=0
Time=10125000 | Ped=0 | Highway=001 | Side=100 | Walk=0
Time=10185000 | Ped=0 | Highway=010 | Side=100 | Walk=0
Time=10215000 | Ped=0 | Highway=100 | Side=001 | Walk=0
Time=10275000 | Ped=0 | Highway=001 | Side=100 | Walk=0
Time=10335000 | Ped=0 | Highway=010 | Side=100 | Walk=0
Time=10365000 | Ped=0 | Highway=100 | Side=001 | Walk=0
Time=10425000 | Ped=0 | Highway=001 | Side=100 | Walk=0
Time=10485000 | Ped=0 | Highway=010 | Side=100 | Walk=0
Time=10515000 | Ped=0 | Highway=100 | Side=001 | Walk=0
Time=10575000 | Ped=0 | Highway=001 | Side=100 | Walk=0
Time=10635000 | Ped=0 | Highway=010 | Side=100 | Walk=0
Time=10665000 | Ped=0 | Highway=100 | Side=001 | Walk=0
Time=10725000 | Ped=0 | Highway=001 | Side=100 | Walk=0
Time=10785000 | Ped=0 | Highway=010 | Side=100 | Walk=0
Time=10815000 | Ped=0 | Highway=100 | Side=001 | Walk=0
Time=10875000 | Ped=0 | Highway=001 | Side=100 | Walk=0
Time=10935000 | Ped=0 | Highway=010 | Side=100 | Walk=0
Time=10965000 | Ped=0 | Highway=100 | Side=001 | Walk=0
Time=11025000 | Ped=0 | Highway=001 | Side=100 | Walk=0
Time=11085000 | Ped=0 | Highway=010 | Side=100 | Walk=0
Time=11115000 | Ped=0 | Highway=100 | Side=001 | Walk=0
Time=11175000 | Ped=0 | Highway=001 | Side=100 | Walk=0
Time=11235000 | Ped=0 | Highway=010 | Side=100 | Walk=0
Time=11265000 | Ped=0 | Highway=100 | Side=001 | Walk=0
Time=11325000 | Ped=0 | Highway=001 | Side=100 | Walk=0
Time=11385000 | Ped=0 | Highway=010 | Side=100 | Walk=0
Time=11415000 | Ped=0 | Highway=100 | Side=001 | Walk=0
Time=11475000 | Ped=0 | Highway=001 | Side=100 | Walk=0
Time=11535000 | Ped=0 | Highway=010 | Side=100 | Walk=0
Time=11565000 | Ped=0 | Highway=100 | Side=001 | Walk=0
Time=11625000 | Ped=0 | Highway=001 | Side=100 | Walk=0
Time=11685000 | Ped=0 | Highway=010 | Side=100 | Walk=0
Time=11715000 | Ped=0 | Highway=100 | Side=001 | Walk=0
Time=11775000 | Ped=0 | Highway=001 | Side=100 | Walk=0
Time=11835000 | Ped=0 | Highway=010 | Side=100 | Walk=0
Time=11865000 | Ped=0 | Highway=100 | Side=001 | Walk=0
Time=11925000 | Ped=0 | Highway=001 | Side=100 | Walk=0
Time=11985000 | Ped=0 | Highway=010 | Side=100 | Walk=0
Time=12015000 | Ped=0 | Highway=100 | Side=001 | Walk=0
Time=12075000 | Ped=0 | Highway=001 | Side=100 | Walk=0
Time=12135000 | Ped=0 | Highway=010 | Side=100 | Walk=0
Time=12165000 | Ped=0 | Highway=100 | Side=001 | Walk=0
Time=12225000 | Ped=0 | Highway=001 | Side=100 | Walk=0
Time=12285000 | Ped=0 | Highway=010 | Side=100 | Walk=0
Time=12315000 | Ped=0 | Highway=100 | Side=001 | Walk=0
Time=12375000 | Ped=0 | Highway=001 | Side=100 | Walk=0
Time=12435000 | Ped=0 | Highway=010 | Side=100 | Walk=0
Time=12465000 | Ped=0 | Highway=100 | Side=001 | Walk=0
Time=12525000 | Ped=0 | Highway=001 | Side=100 | Walk=0
Time=12585000 | Ped=0 | Highway=010 | Side=100 | Walk=0
Time=12615000 | Ped=0 | Highway=100 | Side=001 | Walk=0
Time=12675000 | Ped=0 | Highway=001 | Side=100 | Walk=0
Time=12735000 | Ped=0 | Highway=010 | Side=100 | Walk=0
Time=12765000 | Ped=0 | Highway=100 | Side=001 | Walk=0
Time=12825000 | Ped=0 | Highway=001 | Side=100 | Walk=0
Time=12885000 | Ped=0 | Highway=010 | Side=100 | Walk=0
Time=12915000 | Ped=0 | Highway=100 | Side=001 | Walk=0
Time=12975000 | Ped=0 | Highway=001 | Side=100 | Walk=0
Time=13035000 | Ped=0 | Highway=010 | Side=100 | Walk=0
Time=13065000 | Ped=0 | Highway=100 | Side=001 | Walk=0
Time=13125000 | Ped=0 | Highway=001 | Side=100 | Walk=0
Time=13185000 | Ped=0 | Highway=010 | Side=100 | Walk=0
Time=13215000 | Ped=0 | Highway=100 | Side=001 | Walk=0
Time=13275000 | Ped=0 | Highway=001 | Side=100 | Walk=0
Time=13335000 | Ped=0 | Highway=010 | Side=100 | Walk=0
Time=13365000 | Ped=0 | Highway=100 | Side=001 | Walk=0
Time=13425000 | Ped=0 | Highway=001 | Side=100 | Walk=0
Time=13485000 | Ped=0 | Highway=010 | Side=100 | Walk=0
Time=13515000 | Ped=0 | Highway=100 | Side=001 | Walk=0
Time=13575000 | Ped=0 | Highway=001 | Side=100 | Walk=0
Time=13635000 | Ped=0 | Highway=010 | Side=100 | Walk=0
Time=13665000 | Ped=0 | Highway=100 | Side=001 | Walk=0
Time=13725000 | Ped=0 | Highway=001 | Side=100 | Walk=0
Time=13785000 | Ped=0 | Highway=010 | Side=100 | Walk=0
Time=13815000 | Ped=0 | Highway=100 | Side=001 | Walk=0
Time=13875000 | Ped=0 | Highway=001 | Side=100 | Walk=0
Time=13935000 | Ped=0 | Highway=010 | Side=100 | Walk=0
Time=13965000 | Ped=0 | Highway=100 | Side=001 | Walk=0
Time=14025000 | Ped=0 | Highway=001 | Side=100 | Walk=0
Time=14085000 | Ped=0 | Highway=010 | Side=100 | Walk=0
Time=14115000 | Ped=0 | Highway=100 | Side=001 | Walk=0
Time=14175000 | Ped=0 | Highway=001 | Side=100 | Walk=0
Time=14235000 | Ped=0 | Highway=010 | Side=100 | Walk=0
Time=14265000 | Ped=0 | Highway=100 | Side=001 | Walk=0
Time=14325000 | Ped=0 | Highway=001 | Side=100 | Walk=0
Time=14385000 | Ped=0 | Highway=010 | Side=100 | Walk=0
Time=14415000 | Ped=0 | Highway=100 | Side=001 | Walk=0
Time=14475000 | Ped=0 | Highway=001 | Side=100 | Walk=0
Time=14535000 | Ped=0 | Highway=010 | Side=100 | Walk=0
Time=14565000 | Ped=0 | Highway=100 | Side=001 | Walk=0
Time=14625000 | Ped=0 | Highway=001 | Side=100 | Walk=0
Time=14685000 | Ped=0 | Highway=010 | Side=100 | Walk=0
Time=14715000 | Ped=0 | Highway=100 | Side=001 | Walk=0
Time=14775000 | Ped=0 | Highway=001 | Side=100 | Walk=0
Time=14835000 | Ped=0 | Highway=010 | Side=100 | Walk=0
Time=14865000 | Ped=0 | Highway=100 | Side=001 | Walk=0
Time=14925000 | Ped=0 | Highway=001 | Side=100 | Walk=0
Time=14985000 | Ped=0 | Highway=010 | Side=100 | Walk=0
Time=15015000 | Ped=0 | Highway=100 | Side=001 | Walk=0
Time=15075000 | Ped=0 | Highway=001 | Side=100 | Walk=0
Time=15135000 | Ped=0 | Highway=010 | Side=100 | Walk=0
Time=15165000 | Ped=0 | Highway=100 | Side=001 | Walk=0
Time=15225000 | Ped=0 | Highway=001 | Side=100 | Walk=0
Time=15285000 | Ped=0 | Highway=010 | Side=100 | Walk=0
Time=15315000 | Ped=0 | Highway=100 | Side=001 | Walk=0
Time=15375000 | Ped=0 | Highway=001 | Side=100 | Walk=0
Time=15435000 | Ped=0 | Highway=010 | Side=100 | Walk=0
Time=15465000 | Ped=0 | Highway=100 | Side=001 | Walk=0
Time=15525000 | Ped=0 | Highway=001 | Side=100 | Walk=0
Time=15585000 | Ped=0 | Highway=010 | Side=100 | Walk=0
Time=15615000 | Ped=0 | Highway=100 | Side=001 | Walk=0
Time=15675000 | Ped=0 | Highway=001 | Side=100 | Walk=0
Time=15735000 | Ped=0 | Highway=010 | Side=100 | Walk=0
Time=15765000 | Ped=0 | Highway=100 | Side=001 | Walk=0
Time=15825000 | Ped=0 | Highway=001 | Side=100 | Walk=0
Time=15885000 | Ped=0 | Highway=010 | Side=100 | Walk=0
Time=15915000 | Ped=0 | Highway=100 | Side=001 | Walk=0
Time=15975000 | Ped=0 | Highway=001 | Side=100 | Walk=0
Time=16035000 | Ped=0 | Highway=010 | Side=100 | Walk=0
Time=16065000 | Ped=0 | Highway=100 | Side=001 | Walk=0
Time=16125000 | Ped=0 | Highway=001 | Side=100 | Walk=0
Time=16185000 | Ped=0 | Highway=010 | Side=100 | Walk=0
Time=16215000 | Ped=0 | Highway=100 | Side=001 | Walk=0
Time=16275000 | Ped=0 | Highway=001 | Side=100 | Walk=0
Time=16335000 | Ped=0 | Highway=010 | Side=100 | Walk=0
Time=16365000 | Ped=0 | Highway=100 | Side=001 | Walk=0
Time=16425000 | Ped=0 | Highway=001 | Side=100 | Walk=0
Time=16485000 | Ped=0 | Highway=010 | Side=100 | Walk=0
Time=16515000 | Ped=0 | Highway=100 | Side=001 | Walk=0
Time=16575000 | Ped=0 | Highway=001 | Side=100 | Walk=0
Time=16635000 | Ped=0 | Highway=010 | Side=100 | Walk=0
Time=16665000 | Ped=0 | Highway=100 | Side=001 | Walk=0
Time=16725000 | Ped=0 | Highway=001 | Side=100 | Walk=0
Time=16785000 | Ped=0 | Highway=010 | Side=100 | Walk=0
Time=16815000 | Ped=0 | Highway=100 | Side=001 | Walk=0
Time=16875000 | Ped=0 | Highway=001 | Side=100 | Walk=0
Time=16935000 | Ped=0 | Highway=010 | Side=100 | Walk=0
Time=16965000 | Ped=0 | Highway=100 | Side=001 | Walk=0
Time=17025000 | Ped=0 | Highway=001 | Side=100 | Walk=0
Time=17085000 | Ped=0 | Highway=010 | Side=100 | Walk=0
Time=17115000 | Ped=0 | Highway=100 | Side=001 | Walk=0
Time=17175000 | Ped=0 | Highway=001 | Side=100 | Walk=0
Time=17235000 | Ped=0 | Highway=010 | Side=100 | Walk=0
Time=17265000 | Ped=0 | Highway=100 | Side=001 | Walk=0
Time=17325000 | Ped=0 | Highway=001 | Side=100 | Walk=0
Time=17385000 | Ped=0 | Highway=010 | Side=100 | Walk=0
Time=17415000 | Ped=0 | Highway=100 | Side=001 | Walk=0
Time=17475000 | Ped=0 | Highway=001 | Side=100 | Walk=0
Time=17535000 | Ped=0 | Highway=010 | Side=100 | Walk=0
Time=17565000 | Ped=0 | Highway=100 | Side=001 | Walk=0
Time=17625000 | Ped=0 | Highway=001 | Side=100 | Walk=0
Time=17685000 | Ped=0 | Highway=010 | Side=100 | Walk=0
Time=17715000 | Ped=0 | Highway=100 | Side=001 | Walk=0
Time=17775000 | Ped=0 | Highway=001 | Side=100 | Walk=0
Time=17835000 | Ped=0 | Highway=010 | Side=100 | Walk=0
Time=17865000 | Ped=0 | Highway=100 | Side=001 | Walk=0
Time=17925000 | Ped=0 | Highway=001 | Side=100 | Walk=0
Time=17985000 | Ped=0 | Highway=010 | Side=100 | Walk=0
Time=18015000 | Ped=0 | Highway=100 | Side=001 | Walk=0
Time=18075000 | Ped=0 | Highway=001 | Side=100 | Walk=0
Time=18135000 | Ped=0 | Highway=010 | Side=100 | Walk=0
Time=18165000 | Ped=0 | Highway=100 | Side=001 | Walk=0
Time=18225000 | Ped=0 | Highway=001 | Side=100 | Walk=0
Time=18285000 | Ped=0 | Highway=010 | Side=100 | Walk=0
Time=18315000 | Ped=0 | Highway=100 | Side=001 | Walk=0
Time=18375000 | Ped=0 | Highway=001 | Side=100 | Walk=0
Time=18435000 | Ped=0 | Highway=010 | Side=100 | Walk=0
Time=18465000 | Ped=0 | Highway=100 | Side=001 | Walk=0
Time=18525000 | Ped=0 | Highway=001 | Side=100 | Walk=0
Time=18585000 | Ped=0 | Highway=010 | Side=100 | Walk=0
Time=18615000 | Ped=0 | Highway=100 | Side=001 | Walk=0
Time=18675000 | Ped=0 | Highway=001 | Side=100 | Walk=0
Time=18735000 | Ped=0 | Highway=010 | Side=100 | Walk=0
Time=18765000 | Ped=0 | Highway=100 | Side=001 | Walk=0
Time=18825000 | Ped=0 | Highway=001 | Side=100 | Walk=0
Time=18885000 | Ped=0 | Highway=010 | Side=100 | Walk=0
Time=18915000 | Ped=0 | Highway=100 | Side=001 | Walk=0
Time=18975000 | Ped=0 | Highway=001 | Side=100 | Walk=0
Time=19035000 | Ped=0 | Highway=010 | Side=100 | Walk=0
Time=19065000 | Ped=0 | Highway=100 | Side=001 | Walk=0
Time=19125000 | Ped=0 | Highway=001 | Side=100 | Walk=0
Time=19185000 | Ped=0 | Highway=010 | Side=100 | Walk=0
Time=19215000 | Ped=0 | Highway=100 | Side=001 | Walk=0
Time=19275000 | Ped=0 | Highway=001 | Side=100 | Walk=0
Time=19335000 | Ped=0 | Highway=010 | Side=100 | Walk=0
Time=19365000 | Ped=0 | Highway=100 | Side=001 | Walk=0
Time=19425000 | Ped=0 | Highway=001 | Side=100 | Walk=0
Time=19485000 | Ped=0 | Highway=010 | Side=100 | Walk=0
Time=19515000 | Ped=0 | Highway=100 | Side=001 | Walk=0
Time=19575000 | Ped=0 | Highway=001 | Side=100 | Walk=0
Time=19635000 | Ped=0 | Highway=010 | Side=100 | Walk=0
Time=19665000 | Ped=0 | Highway=100 | Side=001 | Walk=0
Time=19725000 | Ped=0 | Highway=001 | Side=100 | Walk=0
Time=19785000 | Ped=0 | Highway=010 | Side=100 | Walk=0
Time=19815000 | Ped=0 | Highway=100 | Side=001 | Walk=0
Time=19875000 | Ped=0 | Highway=001 | Side=100 | Walk=0
Time=19935000 | Ped=0 | Highway=010 | Side=100 | Walk=0
Time=19965000 | Ped=0 | Highway=100 | Side=001 | Walk=0
Time=20025000 | Ped=0 | Highway=001 | Side=100 | Walk=0
Time=20085000 | Ped=0 | Highway=010 | Side=100 | Walk=0
Time=20115000 | Ped=0 | Highway=100 | Side=001 | Walk=0
Time=20175000 | Ped=0 | Highway=001 | Side=100 | Walk=0
Time=20235000 | Ped=0 | Highway=010 | Side=100 | Walk=0
Time=20265000 | Ped=0 | Highway=100 | Side=001 | Walk=0
Time=20325000 | Ped=0 | Highway=001 | Side=100 | Walk=0
Time=20385000 | Ped=0 | Highway=010 | Side=100 | Walk=0
Time=20415000 | Ped=0 | Highway=100 | Side=001 | Walk=0
Time=20475000 | Ped=0 | Highway=001 | Side=100 | Walk=0
Time=20535000 | Ped=0 | Highway=010 | Side=100 | Walk=0
Time=20565000 | Ped=0 | Highway=100 | Side=001 | Walk=0
Time=20625000 | Ped=0 | Highway=001 | Side=100 | Walk=0
Time=20685000 | Ped=0 | Highway=010 | Side=100 | Walk=0
Time=20715000 | Ped=0 | Highway=100 | Side=001 | Walk=0
Time=20775000 | Ped=0 | Highway=001 | Side=100 | Walk=0
Time=20835000 | Ped=0 | Highway=010 | Side=100 | Walk=0
Time=20865000 | Ped=0 | Highway=100 | Side=001 | Walk=0
Time=20925000 | Ped=0 | Highway=001 | Side=100 | Walk=0
Time=20985000 | Ped=0 | Highway=010 | Side=100 | Walk=0
Time=21015000 | Ped=0 | Highway=100 | Side=001 | Walk=0
Time=21075000 | Ped=0 | Highway=001 | Side=100 | Walk=0
Time=21135000 | Ped=0 | Highway=010 | Side=100 | Walk=0
Time=21165000 | Ped=0 | Highway=100 | Side=001 | Walk=0
Time=21225000 | Ped=0 | Highway=001 | Side=100 | Walk=0
Time=21285000 | Ped=0 | Highway=010 | Side=100 | Walk=0
Time=21315000 | Ped=0 | Highway=100 | Side=001 | Walk=0
Time=21375000 | Ped=0 | Highway=001 | Side=100 | Walk=0
Time=21435000 | Ped=0 | Highway=010 | Side=100 | Walk=0
Time=21465000 | Ped=0 | Highway=100 | Side=001 | Walk=0
Time=21525000 | Ped=0 | Highway=001 | Side=100 | Walk=0
Time=21585000 | Ped=0 | Highway=010 | Side=100 | Walk=0
Time=21615000 | Ped=0 | Highway=100 | Side=001 | Walk=0
Time=21675000 | Ped=0 | Highway=001 | Side=100 | Walk=0
Time=21735000 | Ped=0 | Highway=010 | Side=100 | Walk=0
Time=21765000 | Ped=0 | Highway=100 | Side=001 | Walk=0
Time=21825000 | Ped=0 | Highway=001 | Side=100 | Walk=0
Time=21885000 | Ped=0 | Highway=010 | Side=100 | Walk=0
Time=21915000 | Ped=0 | Highway=100 | Side=001 | Walk=0
Time=21975000 | Ped=0 | Highway=001 | Side=100 | Walk=0
Time=22035000 | Ped=0 | Highway=010 | Side=100 | Walk=0
Time=22065000 | Ped=0 | Highway=100 | Side=001 | Walk=0
Time=22125000 | Ped=0 | Highway=001 | Side=100 | Walk=0
Time=22185000 | Ped=0 | Highway=010 | Side=100 | Walk=0
Time=22215000 | Ped=0 | Highway=100 | Side=001 | Walk=0
Time=22275000 | Ped=0 | Highway=001 | Side=100 | Walk=0
Time=22335000 | Ped=0 | Highway=010 | Side=100 | Walk=0
Time=22365000 | Ped=0 | Highway=100 | Side=001 | Walk=0
Time=22425000 | Ped=0 | Highway=001 | Side=100 | Walk=0
Time=22485000 | Ped=0 | Highway=010 | Side=100 | Walk=0
Time=22515000 | Ped=0 | Highway=100 | Side=001 | Walk=0
Time=22575000 | Ped=0 | Highway=001 | Side=100 | Walk=0
Time=22635000 | Ped=0 | Highway=010 | Side=100 | Walk=0
Time=22665000 | Ped=0 | Highway=100 | Side=001 | Walk=0
Time=22725000 | Ped=0 | Highway=001 | Side=100 | Walk=0
Time=22785000 | Ped=0 | Highway=010 | Side=100 | Walk=0
Time=22815000 | Ped=0 | Highway=100 | Side=001 | Walk=0
Time=22875000 | Ped=0 | Highway=001 | Side=100 | Walk=0
Time=22935000 | Ped=0 | Highway=010 | Side=100 | Walk=0
Time=22965000 | Ped=0 | Highway=100 | Side=001 | Walk=0
Time=23025000 | Ped=0 | Highway=001 | Side=100 | Walk=0
Time=23085000 | Ped=0 | Highway=010 | Side=100 | Walk=0
Time=23115000 | Ped=0 | Highway=100 | Side=001 | Walk=0
Time=23175000 | Ped=0 | Highway=001 | Side=100 | Walk=0
Time=23235000 | Ped=0 | Highway=010 | Side=100 | Walk=0
Time=23265000 | Ped=0 | Highway=100 | Side=001 | Walk=0
Time=23325000 | Ped=0 | Highway=001 | Side=100 | Walk=0
Time=23385000 | Ped=0 | Highway=010 | Side=100 | Walk=0
Time=23415000 | Ped=0 | Highway=100 | Side=001 | Walk=0
Time=23475000 | Ped=0 | Highway=001 | Side=100 | Walk=0
Time=23535000 | Ped=0 | Highway=010 | Side=100 | Walk=0
Time=23565000 | Ped=0 | Highway=100 | Side=001 | Walk=0
Time=23625000 | Ped=0 | Highway=001 | Side=100 | Walk=0
Time=23685000 | Ped=0 | Highway=010 | Side=100 | Walk=0
Time=23715000 | Ped=0 | Highway=100 | Side=001 | Walk=0
Time=23775000 | Ped=0 | Highway=001 | Side=100 | Walk=0
Time=23835000 | Ped=0 | Highway=010 | Side=100 | Walk=0
Time=23865000 | Ped=0 | Highway=100 | Side=001 | Walk=0
Time=23925000 | Ped=0 | Highway=001 | Side=100 | Walk=0
Time=23985000 | Ped=0 | Highway=010 | Side=100 | Walk=0
Time=24015000 | Ped=0 | Highway=100 | Side=001 | Walk=0
Time=24075000 | Ped=0 | Highway=001 | Side=100 | Walk=0
Time=24135000 | Ped=0 | Highway=010 | Side=100 | Walk=0
Time=24165000 | Ped=0 | Highway=100 | Side=001 | Walk=0
Time=24225000 | Ped=0 | Highway=001 | Side=100 | Walk=0
Time=24285000 | Ped=0 | Highway=010 | Side=100 | Walk=0
Time=24315000 | Ped=0 | Highway=100 | Side=001 | Walk=0
Time=24375000 | Ped=0 | Highway=001 | Side=100 | Walk=0
Time=24435000 | Ped=0 | Highway=010 | Side=100 | Walk=0
Time=24465000 | Ped=0 | Highway=100 | Side=001 | Walk=0
Time=24525000 | Ped=0 | Highway=001 | Side=100 | Walk=0
Time=24585000 | Ped=0 | Highway=010 | Side=100 | Walk=0
Time=24615000 | Ped=0 | Highway=100 | Side=001 | Walk=0
Time=24675000 | Ped=0 | Highway=001 | Side=100 | Walk=0
Time=24735000 | Ped=0 | Highway=010 | Side=100 | Walk=0
Time=24765000 | Ped=0 | Highway=100 | Side=001 | Walk=0
Time=24825000 | Ped=0 | Highway=001 | Side=100 | Walk=0
Time=24885000 | Ped=0 | Highway=010 | Side=100 | Walk=0
Time=24915000 | Ped=0 | Highway=100 | Side=001 | Walk=0
Time=24975000 | Ped=0 | Highway=001 | Side=100 | Walk=0
Time=25035000 | Ped=0 | Highway=010 | Side=100 | Walk=0
Time=25065000 | Ped=0 | Highway=100 | Side=001 | Walk=0
Time=25125000 | Ped=0 | Highway=001 | Side=100 | Walk=0
Time=25185000 | Ped=0 | Highway=010 | Side=100 | Walk=0
Time=25215000 | Ped=0 | Highway=100 | Side=001 | Walk=0
Time=25275000 | Ped=0 | Highway=001 | Side=100 | Walk=0
Time=25335000 | Ped=0 | Highway=010 | Side=100 | Walk=0
Time=25365000 | Ped=0 | Highway=100 | Side=001 | Walk=0
Time=25425000 | Ped=0 | Highway=001 | Side=100 | Walk=0
Time=25485000 | Ped=0 | Highway=010 | Side=100 | Walk=0
Time=25515000 | Ped=0 | Highway=100 | Side=001 | Walk=0
Time=25575000 | Ped=0 | Highway=001 | Side=100 | Walk=0
Time=25635000 | Ped=0 | Highway=010 | Side=100 | Walk=0
Time=25665000 | Ped=0 | Highway=100 | Side=001 | Walk=0
Time=25725000 | Ped=0 | Highway=001 | Side=100 | Walk=0
Time=25785000 | Ped=0 | Highway=010 | Side=100 | Walk=0
Time=25815000 | Ped=0 | Highway=100 | Side=001 | Walk=0
Time=25875000 | Ped=0 | Highway=001 | Side=100 | Walk=0
Time=25935000 | Ped=0 | Highway=010 | Side=100 | Walk=0
Time=25965000 | Ped=0 | Highway=100 | Side=001 | Walk=0
Time=26025000 | Ped=0 | Highway=001 | Side=100 | Walk=0
Time=26085000 | Ped=0 | Highway=010 | Side=100 | Walk=0
Time=26115000 | Ped=0 | Highway=100 | Side=001 | Walk=0
Time=26175000 | Ped=0 | Highway=001 | Side=100 | Walk=0
Time=26235000 | Ped=0 | Highway=010 | Side=100 | Walk=0
Time=26265000 | Ped=0 | Highway=100 | Side=001 | Walk=0
Time=26325000 | Ped=0 | Highway=001 | Side=100 | Walk=0
Time=26385000 | Ped=0 | Highway=010 | Side=100 | Walk=0
Time=26415000 | Ped=0 | Highway=100 | Side=001 | Walk=0
Time=26475000 | Ped=0 | Highway=001 | Side=100 | Walk=0
Time=26535000 | Ped=0 | Highway=010 | Side=100 | Walk=0
Time=26565000 | Ped=0 | Highway=100 | Side=001 | Walk=0
Time=26625000 | Ped=0 | Highway=001 | Side=100 | Walk=0
Time=26685000 | Ped=0 | Highway=010 | Side=100 | Walk=0
Time=26715000 | Ped=0 | Highway=100 | Side=001 | Walk=0
Time=26775000 | Ped=0 | Highway=001 | Side=100 | Walk=0
Time=26835000 | Ped=0 | Highway=010 | Side=100 | Walk=0
Time=26865000 | Ped=0 | Highway=100 | Side=001 | Walk=0
Time=26925000 | Ped=0 | Highway=001 | Side=100 | Walk=0
Time=26985000 | Ped=0 | Highway=010 | Side=100 | Walk=0
Time=27015000 | Ped=0 | Highway=100 | Side=001 | Walk=0
Time=27075000 | Ped=0 | Highway=001 | Side=100 | Walk=0
Time=27135000 | Ped=0 | Highway=010 | Side=100 | Walk=0
Time=27165000 | Ped=0 | Highway=100 | Side=001 | Walk=0
Time=27225000 | Ped=0 | Highway=001 | Side=100 | Walk=0
Time=27285000 | Ped=0 | Highway=010 | Side=100 | Walk=0
Time=27315000 | Ped=0 | Highway=100 | Side=001 | Walk=0
Time=27375000 | Ped=0 | Highway=001 | Side=100 | Walk=0
Time=27435000 | Ped=0 | Highway=010 | Side=100 | Walk=0
Time=27465000 | Ped=0 | Highway=100 | Side=001 | Walk=0
Time=27525000 | Ped=0 | Highway=001 | Side=100 | Walk=0
Time=27585000 | Ped=0 | Highway=010 | Side=100 | Walk=0
Time=27615000 | Ped=0 | Highway=100 | Side=001 | Walk=0
Time=27675000 | Ped=0 | Highway=001 | Side=100 | Walk=0
Time=27735000 | Ped=0 | Highway=010 | Side=100 | Walk=0
Time=27765000 | Ped=0 | Highway=100 | Side=001 | Walk=0
Time=27825000 | Ped=0 | Highway=001 | Side=100 | Walk=0
Time=27885000 | Ped=0 | Highway=010 | Side=100 | Walk=0
Time=27915000 | Ped=0 | Highway=100 | Side=001 | Walk=0
Time=27975000 | Ped=0 | Highway=001 | Side=100 | Walk=0
Time=28035000 | Ped=0 | Highway=010 | Side=100 | Walk=0
Time=28065000 | Ped=0 | Highway=100 | Side=001 | Walk=0
Time=28125000 | Ped=0 | Highway=001 | Side=100 | Walk=0
Time=28185000 | Ped=0 | Highway=010 | Side=100 | Walk=0
Time=28215000 | Ped=0 | Highway=100 | Side=001 | Walk=0
Time=28275000 | Ped=0 | Highway=001 | Side=100 | Walk=0
Time=28335000 | Ped=0 | Highway=010 | Side=100 | Walk=0
Time=28365000 | Ped=0 | Highway=100 | Side=001 | Walk=0
Time=28425000 | Ped=0 | Highway=001 | Side=100 | Walk=0
Time=28485000 | Ped=0 | Highway=010 | Side=100 | Walk=0
Time=28515000 | Ped=0 | Highway=100 | Side=001 | Walk=0
Time=28575000 | Ped=0 | Highway=001 | Side=100 | Walk=0
Time=28635000 | Ped=0 | Highway=010 | Side=100 | Walk=0
Time=28665000 | Ped=0 | Highway=100 | Side=001 | Walk=0
Time=28725000 | Ped=0 | Highway=001 | Side=100 | Walk=0
Time=28785000 | Ped=0 | Highway=010 | Side=100 | Walk=0
Time=28815000 | Ped=0 | Highway=100 | Side=001 | Walk=0
Time=28875000 | Ped=0 | Highway=001 | Side=100 | Walk=0
Time=28935000 | Ped=0 | Highway=010 | Side=100 | Walk=0
Time=28965000 | Ped=0 | Highway=100 | Side=001 | Walk=0
Time=29025000 | Ped=0 | Highway=001 | Side=100 | Walk=0
Time=29085000 | Ped=0 | Highway=010 | Side=100 | Walk=0
Time=29115000 | Ped=0 | Highway=100 | Side=001 | Walk=0
Time=29175000 | Ped=0 | Highway=001 | Side=100 | Walk=0
Time=29235000 | Ped=0 | Highway=010 | Side=100 | Walk=0
Time=29265000 | Ped=0 | Highway=100 | Side=001 | Walk=0
Time=29325000 | Ped=0 | Highway=001 | Side=100 | Walk=0
Time=29385000 | Ped=0 | Highway=010 | Side=100 | Walk=0
Time=29415000 | Ped=0 | Highway=100 | Side=001 | Walk=0
Time=29475000 | Ped=0 | Highway=001 | Side=100 | Walk=0
Time=29535000 | Ped=0 | Highway=010 | Side=100 | Walk=0
Time=29565000 | Ped=0 | Highway=100 | Side=001 | Walk=0
Time=29625000 | Ped=0 | Highway=001 | Side=100 | Walk=0
Time=29685000 | Ped=0 | Highway=010 | Side=100 | Walk=0
Time=29715000 | Ped=0 | Highway=100 | Side=001 | Walk=0
Time=29775000 | Ped=0 | Highway=001 | Side=100 | Walk=0
Time=29835000 | Ped=0 | Highway=010 | Side=100 | Walk=0
Time=29865000 | Ped=0 | Highway=100 | Side=001 | Walk=0
Time=29925000 | Ped=0 | Highway=001 | Side=100 | Walk=0
Time=29985000 | Ped=0 | Highway=010 | Side=100 | Walk=0
Time=30015000 | Ped=0 | Highway=100 | Side=001 | Walk=0
Time=30075000 | Ped=0 | Highway=001 | Side=100 | Walk=0
Time=30135000 | Ped=0 | Highway=010 | Side=100 | Walk=0
Time=30165000 | Ped=0 | Highway=100 | Side=001 | Walk=0
Time=30225000 | Ped=0 | Highway=001 | Side=100 | Walk=0
Time=30285000 | Ped=0 | Highway=010 | Side=100 | Walk=0
Time=30315000 | Ped=0 | Highway=100 | Side=001 | Walk=0
Time=30375000 | Ped=0 | Highway=001 | Side=100 | Walk=0
Time=30435000 | Ped=0 | Highway=010 | Side=100 | Walk=0
Time=30465000 | Ped=0 | Highway=100 | Side=001 | Walk=0
Time=30525000 | Ped=0 | Highway=001 | Side=100 | Walk=0
Time=30585000 | Ped=0 | Highway=010 | Side=100 | Walk=0
Time=30615000 | Ped=0 | Highway=100 | Side=001 | Walk=0
Time=30675000 | Ped=0 | Highway=001 | Side=100 | Walk=0
Time=30735000 | Ped=0 | Highway=010 | Side=100 | Walk=0
Time=30765000 | Ped=0 | Highway=100 | Side=001 | Walk=0
Time=30825000 | Ped=0 | Highway=001 | Side=100 | Walk=0
Time=30885000 | Ped=0 | Highway=010 | Side=100 | Walk=0
Time=30915000 | Ped=0 | Highway=100 | Side=001 | Walk=0
Time=30975000 | Ped=0 | Highway=001 | Side=100 | Walk=0
Time=31035000 | Ped=0 | Highway=010 | Side=100 | Walk=0
Time=31065000 | Ped=0 | Highway=100 | Side=001 | Walk=0
Time=31125000 | Ped=0 | Highway=001 | Side=100 | Walk=0
Time=31185000 | Ped=0 | Highway=010 | Side=100 | Walk=0
Time=31215000 | Ped=0 | Highway=100 | Side=001 | Walk=0
Time=31275000 | Ped=0 | Highway=001 | Side=100 | Walk=0
Time=31335000 | Ped=0 | Highway=010 | Side=100 | Walk=0
Time=31365000 | Ped=0 | Highway=100 | Side=001 | Walk=0
Time=31425000 | Ped=0 | Highway=001 | Side=100 | Walk=0
Time=31485000 | Ped=0 | Highway=010 | Side=100 | Walk=0
Time=31515000 | Ped=0 | Highway=100 | Side=001 | Walk=0
Time=31575000 | Ped=0 | Highway=001 | Side=100 | Walk=0
Time=31635000 | Ped=0 | Highway=010 | Side=100 | Walk=0
Time=31665000 | Ped=0 | Highway=100 | Side=001 | Walk=0
Time=31725000 | Ped=0 | Highway=001 | Side=100 | Walk=0
Time=31785000 | Ped=0 | Highway=010 | Side=100 | Walk=0
Time=31815000 | Ped=0 | Highway=100 | Side=001 | Walk=0
Time=31875000 | Ped=0 | Highway=001 | Side=100 | Walk=0
Time=31935000 | Ped=0 | Highway=010 | Side=100 | Walk=0
Time=31965000 | Ped=0 | Highway=100 | Side=001 | Walk=0
Time=32025000 | Ped=0 | Highway=001 | Side=100 | Walk=0
Time=32085000 | Ped=0 | Highway=010 | Side=100 | Walk=0
Time=32115000 | Ped=0 | Highway=100 | Side=001 | Walk=0
Time=32175000 | Ped=0 | Highway=001 | Side=100 | Walk=0
Time=32235000 | Ped=0 | Highway=010 | Side=100 | Walk=0
Time=32265000 | Ped=0 | Highway=100 | Side=001 | Walk=0
Time=32325000 | Ped=0 | Highway=001 | Side=100 | Walk=0
Time=32385000 | Ped=0 | Highway=010 | Side=100 | Walk=0
Time=32415000 | Ped=0 | Highway=100 | Side=001 | Walk=0
Time=32475000 | Ped=0 | Highway=001 | Side=100 | Walk=0
Time=32535000 | Ped=0 | Highway=010 | Side=100 | Walk=0
Time=32565000 | Ped=0 | Highway=100 | Side=001 | Walk=0
Time=32625000 | Ped=0 | Highway=001 | Side=100 | Walk=0
Time=32685000 | Ped=0 | Highway=010 | Side=100 | Walk=0
Time=32715000 | Ped=0 | Highway=100 | Side=001 | Walk=0
Time=32775000 | Ped=0 | Highway=001 | Side=100 | Walk=0
Time=32835000 | Ped=0 | Highway=010 | Side=100 | Walk=0
Time=32865000 | Ped=0 | Highway=100 | Side=001 | Walk=0
Time=32925000 | Ped=0 | Highway=001 | Side=100 | Walk=0
Time=32985000 | Ped=0 | Highway=010 | Side=100 | Walk=0
Time=33015000 | Ped=0 | Highway=100 | Side=001 | Walk=0
Time=33075000 | Ped=0 | Highway=001 | Side=100 | Walk=0
Time=33135000 | Ped=0 | Highway=010 | Side=100 | Walk=0
Time=33165000 | Ped=0 | Highway=100 | Side=001 | Walk=0
Time=33225000 | Ped=0 | Highway=001 | Side=100 | Walk=0
Time=33285000 | Ped=0 | Highway=010 | Side=100 | Walk=0
Time=33315000 | Ped=0 | Highway=100 | Side=001 | Walk=0
Time=33375000 | Ped=0 | Highway=001 | Side=100 | Walk=0
Time=33435000 | Ped=0 | Highway=010 | Side=100 | Walk=0
Time=33465000 | Ped=0 | Highway=100 | Side=001 | Walk=0
Time=33525000 | Ped=0 | Highway=001 | Side=100 | Walk=0
Time=33585000 | Ped=0 | Highway=010 | Side=100 | Walk=0
Time=33615000 | Ped=0 | Highway=100 | Side=001 | Walk=0
Time=33675000 | Ped=0 | Highway=001 | Side=100 | Walk=0
Time=33735000 | Ped=0 | Highway=010 | Side=100 | Walk=0
Time=33765000 | Ped=0 | Highway=100 | Side=001 | Walk=0
Time=33825000 | Ped=0 | Highway=001 | Side=100 | Walk=0
Time=33885000 | Ped=0 | Highway=010 | Side=100 | Walk=0
Time=33915000 | Ped=0 | Highway=100 | Side=001 | Walk=0
Time=33975000 | Ped=0 | Highway=001 | Side=100 | Walk=0
Time=34035000 | Ped=0 | Highway=010 | Side=100 | Walk=0
Time=34065000 | Ped=0 | Highway=100 | Side=001 | Walk=0
Time=34125000 | Ped=0 | Highway=001 | Side=100 | Walk=0
Time=34185000 | Ped=0 | Highway=010 | Side=100 | Walk=0
Time=34215000 | Ped=0 | Highway=100 | Side=001 | Walk=0
Time=34275000 | Ped=0 | Highway=001 | Side=100 | Walk=0
Time=34335000 | Ped=0 | Highway=010 | Side=100 | Walk=0
Time=34365000 | Ped=0 | Highway=100 | Side=001 | Walk=0
Time=34425000 | Ped=0 | Highway=001 | Side=100 | Walk=0
Time=34485000 | Ped=0 | Highway=010 | Side=100 | Walk=0
Time=34515000 | Ped=0 | Highway=100 | Side=001 | Walk=0
Time=34575000 | Ped=0 | Highway=001 | Side=100 | Walk=0
Time=34635000 | Ped=0 | Highway=010 | Side=100 | Walk=0
Time=34665000 | Ped=0 | Highway=100 | Side=001 | Walk=0
Time=34725000 | Ped=0 | Highway=001 | Side=100 | Walk=0
Time=34785000 | Ped=0 | Highway=010 | Side=100 | Walk=0
Time=34815000 | Ped=0 | Highway=100 | Side=001 | Walk=0
Time=34875000 | Ped=0 | Highway=001 | Side=100 | Walk=0
Time=34935000 | Ped=0 | Highway=010 | Side=100 | Walk=0
Time=34965000 | Ped=0 | Highway=100 | Side=001 | Walk=0
Time=35025000 | Ped=0 | Highway=001 | Side=100 | Walk=0
Time=35085000 | Ped=0 | Highway=010 | Side=100 | Walk=0
Time=35115000 | Ped=0 | Highway=100 | Side=001 | Walk=0
Time=35175000 | Ped=0 | Highway=001 | Side=100 | Walk=0
Time=35235000 | Ped=0 | Highway=010 | Side=100 | Walk=0
Time=35265000 | Ped=0 | Highway=100 | Side=001 | Walk=0
Time=35325000 | Ped=0 | Highway=001 | Side=100 | Walk=0
Time=35385000 | Ped=0 | Highway=010 | Side=100 | Walk=0
Time=35415000 | Ped=0 | Highway=100 | Side=001 | Walk=0
Time=35475000 | Ped=0 | Highway=001 | Side=100 | Walk=0
Time=35535000 | Ped=0 | Highway=010 | Side=100 | Walk=0
Time=35565000 | Ped=0 | Highway=100 | Side=001 | Walk=0
Time=35625000 | Ped=0 | Highway=001 | Side=100 | Walk=0
Time=35685000 | Ped=0 | Highway=010 | Side=100 | Walk=0
Time=35715000 | Ped=0 | Highway=100 | Side=001 | Walk=0
Time=35775000 | Ped=0 | Highway=001 | Side=100 | Walk=0
Time=35835000 | Ped=0 | Highway=010 | Side=100 | Walk=0
Time=35865000 | Ped=0 | Highway=100 | Side=001 | Walk=0
Time=35925000 | Ped=0 | Highway=001 | Side=100 | Walk=0
Time=35985000 | Ped=0 | Highway=010 | Side=100 | Walk=0
Time=36015000 | Ped=0 | Highway=100 | Side=001 | Walk=0
Time=36075000 | Ped=0 | Highway=001 | Side=100 | Walk=0
Time=36135000 | Ped=0 | Highway=010 | Side=100 | Walk=0
Time=36165000 | Ped=0 | Highway=100 | Side=001 | Walk=0
Time=36225000 | Ped=0 | Highway=001 | Side=100 | Walk=0
Time=36285000 | Ped=0 | Highway=010 | Side=100 | Walk=0
Time=36315000 | Ped=0 | Highway=100 | Side=001 | Walk=0
Time=36375000 | Ped=0 | Highway=001 | Side=100 | Walk=0
Time=36435000 | Ped=0 | Highway=010 | Side=100 | Walk=0
Time=36465000 | Ped=0 | Highway=100 | Side=001 | Walk=0
Time=36525000 | Ped=0 | Highway=001 | Side=100 | Walk=0
Time=36585000 | Ped=0 | Highway=010 | Side=100 | Walk=0
Time=36615000 | Ped=0 | Highway=100 | Side=001 | Walk=0
Time=36675000 | Ped=0 | Highway=001 | Side=100 | Walk=0
Time=36735000 | Ped=0 | Highway=010 | Side=100 | Walk=0
Time=36765000 | Ped=0 | Highway=100 | Side=001 | Walk=0
Time=36825000 | Ped=0 | Highway=001 | Side=100 | Walk=0
Time=36885000 | Ped=0 | Highway=010 | Side=100 | Walk=0
Time=36915000 | Ped=0 | Highway=100 | Side=001 | Walk=0
Time=36975000 | Ped=0 | Highway=001 | Side=100 | Walk=0
Time=37035000 | Ped=0 | Highway=010 | Side=100 | Walk=0
Time=37065000 | Ped=0 | Highway=100 | Side=001 | Walk=0
Time=37125000 | Ped=0 | Highway=001 | Side=100 | Walk=0
Time=37185000 | Ped=0 | Highway=010 | Side=100 | Walk=0
Time=37215000 | Ped=0 | Highway=100 | Side=001 | Walk=0
Time=37275000 | Ped=0 | Highway=001 | Side=100 | Walk=0
Time=37335000 | Ped=0 | Highway=010 | Side=100 | Walk=0
Time=37365000 | Ped=0 | Highway=100 | Side=001 | Walk=0
Time=37425000 | Ped=0 | Highway=001 | Side=100 | Walk=0
Time=37485000 | Ped=0 | Highway=010 | Side=100 | Walk=0
Time=37515000 | Ped=0 | Highway=100 | Side=001 | Walk=0
Time=37575000 | Ped=0 | Highway=001 | Side=100 | Walk=0
Time=37635000 | Ped=0 | Highway=010 | Side=100 | Walk=0
Time=37665000 | Ped=0 | Highway=100 | Side=001 | Walk=0
Time=37725000 | Ped=0 | Highway=001 | Side=100 | Walk=0
Time=37785000 | Ped=0 | Highway=010 | Side=100 | Walk=0
Time=37815000 | Ped=0 | Highway=100 | Side=001 | Walk=0
Time=37875000 | Ped=0 | Highway=001 | Side=100 | Walk=0
Time=37935000 | Ped=0 | Highway=010 | Side=100 | Walk=0
Time=37965000 | Ped=0 | Highway=100 | Side=001 | Walk=0
Time=38025000 | Ped=0 | Highway=001 | Side=100 | Walk=0
Time=38085000 | Ped=0 | Highway=010 | Side=100 | Walk=0
Time=38115000 | Ped=0 | Highway=100 | Side=001 | Walk=0
Time=38175000 | Ped=0 | Highway=001 | Side=100 | Walk=0
Time=38235000 | Ped=0 | Highway=010 | Side=100 | Walk=0
Time=38265000 | Ped=0 | Highway=100 | Side=001 | Walk=0
Time=38325000 | Ped=0 | Highway=001 | Side=100 | Walk=0
Time=38385000 | Ped=0 | Highway=010 | Side=100 | Walk=0
Time=38415000 | Ped=0 | Highway=100 | Side=001 | Walk=0
Time=38475000 | Ped=0 | Highway=001 | Side=100 | Walk=0
Time=38535000 | Ped=0 | Highway=010 | Side=100 | Walk=0
Time=38565000 | Ped=0 | Highway=100 | Side=001 | Walk=0
Time=38625000 | Ped=0 | Highway=001 | Side=100 | Walk=0
Time=38685000 | Ped=0 | Highway=010 | Side=100 | Walk=0
Time=38715000 | Ped=0 | Highway=100 | Side=001 | Walk=0
Time=38775000 | Ped=0 | Highway=001 | Side=100 | Walk=0
Time=38835000 | Ped=0 | Highway=010 | Side=100 | Walk=0
Time=38865000 | Ped=0 | Highway=100 | Side=001 | Walk=0
Time=38925000 | Ped=0 | Highway=001 | Side=100 | Walk=0
Time=38985000 | Ped=0 | Highway=010 | Side=100 | Walk=0
Time=39015000 | Ped=0 | Highway=100 | Side=001 | Walk=0
Time=39075000 | Ped=0 | Highway=001 | Side=100 | Walk=0
Time=39135000 | Ped=0 | Highway=010 | Side=100 | Walk=0
Time=39165000 | Ped=0 | Highway=100 | Side=001 | Walk=0
Time=39225000 | Ped=0 | Highway=001 | Side=100 | Walk=0
Time=39285000 | Ped=0 | Highway=010 | Side=100 | Walk=0
Time=39315000 | Ped=0 | Highway=100 | Side=001 | Walk=0
Time=39375000 | Ped=0 | Highway=001 | Side=100 | Walk=0
Time=39435000 | Ped=0 | Highway=010 | Side=100 | Walk=0
Time=39465000 | Ped=0 | Highway=100 | Side=001 | Walk=0
Time=39525000 | Ped=0 | Highway=001 | Side=100 | Walk=0
Time=39585000 | Ped=0 | Highway=010 | Side=100 | Walk=0
Time=39615000 | Ped=0 | Highway=100 | Side=001 | Walk=0
Time=39675000 | Ped=0 | Highway=001 | Side=100 | Walk=0
Time=39735000 | Ped=0 | Highway=010 | Side=100 | Walk=0
Time=39765000 | Ped=0 | Highway=100 | Side=001 | Walk=0
Time=39825000 | Ped=0 | Highway=001 | Side=100 | Walk=0
Time=39885000 | Ped=0 | Highway=010 | Side=100 | Walk=0
Time=39915000 | Ped=0 | Highway=100 | Side=001 | Walk=0
Time=39975000 | Ped=0 | Highway=001 | Side=100 | Walk=0
Time=40035000 | Ped=0 | Highway=010 | Side=100 | Walk=0
Time=40065000 | Ped=0 | Highway=100 | Side=001 | Walk=0
Time=40125000 | Ped=0 | Highway=001 | Side=100 | Walk=0
Time=40185000 | Ped=0 | Highway=010 | Side=100 | Walk=0
Time=40215000 | Ped=0 | Highway=100 | Side=001 | Walk=0
Time=40275000 | Ped=0 | Highway=001 | Side=100 | Walk=0
Time=40335000 | Ped=0 | Highway=010 | Side=100 | Walk=0
Time=40365000 | Ped=0 | Highway=100 | Side=001 | Walk=0
Time=40425000 | Ped=0 | Highway=001 | Side=100 | Walk=0
Time=40485000 | Ped=0 | Highway=010 | Side=100 | Walk=0
Time=40515000 | Ped=0 | Highway=100 | Side=001 | Walk=0
Time=40575000 | Ped=0 | Highway=001 | Side=100 | Walk=0
Time=40635000 | Ped=0 | Highway=010 | Side=100 | Walk=0
Time=40665000 | Ped=0 | Highway=100 | Side=001 | Walk=0
Time=40725000 | Ped=0 | Highway=001 | Side=100 | Walk=0
Time=40785000 | Ped=0 | Highway=010 | Side=100 | Walk=0
Time=40815000 | Ped=0 | Highway=100 | Side=001 | Walk=0
Time=40875000 | Ped=0 | Highway=001 | Side=100 | Walk=0
Time=40935000 | Ped=0 | Highway=010 | Side=100 | Walk=0
Time=40965000 | Ped=0 | Highway=100 | Side=001 | Walk=0
Time=41025000 | Ped=0 | Highway=001 | Side=100 | Walk=0
Time=41085000 | Ped=0 | Highway=010 | Side=100 | Walk=0
Time=41115000 | Ped=0 | Highway=100 | Side=001 | Walk=0
Time=41175000 | Ped=0 | Highway=001 | Side=100 | Walk=0
Time=41235000 | Ped=0 | Highway=010 | Side=100 | Walk=0
Time=41265000 | Ped=0 | Highway=100 | Side=001 | Walk=0
Time=41325000 | Ped=0 | Highway=001 | Side=100 | Walk=0
Time=41385000 | Ped=0 | Highway=010 | Side=100 | Walk=0
Time=41415000 | Ped=0 | Highway=100 | Side=001 | Walk=0
Time=41475000 | Ped=0 | Highway=001 | Side=100 | Walk=0
Time=41535000 | Ped=0 | Highway=010 | Side=100 | Walk=0
Time=41565000 | Ped=0 | Highway=100 | Side=001 | Walk=0
Time=41625000 | Ped=0 | Highway=001 | Side=100 | Walk=0
Time=41685000 | Ped=0 | Highway=010 | Side=100 | Walk=0
Time=41715000 | Ped=0 | Highway=100 | Side=001 | Walk=0
Time=41775000 | Ped=0 | Highway=001 | Side=100 | Walk=0
Time=41835000 | Ped=0 | Highway=010 | Side=100 | Walk=0
Time=41865000 | Ped=0 | Highway=100 | Side=001 | Walk=0
Time=41925000 | Ped=0 | Highway=001 | Side=100 | Walk=0
Time=41985000 | Ped=0 | Highway=010 | Side=100 | Walk=0
Time=42015000 | Ped=0 | Highway=100 | Side=001 | Walk=0
Time=42075000 | Ped=0 | Highway=001 | Side=100 | Walk=0
Time=42135000 | Ped=0 | Highway=010 | Side=100 | Walk=0
Time=42165000 | Ped=0 | Highway=100 | Side=001 | Walk=0
Time=42225000 | Ped=0 | Highway=001 | Side=100 | Walk=0
Time=42285000 | Ped=0 | Highway=010 | Side=100 | Walk=0
Time=42315000 | Ped=0 | Highway=100 | Side=001 | Walk=0
Time=42375000 | Ped=0 | Highway=001 | Side=100 | Walk=0
Time=42435000 | Ped=0 | Highway=010 | Side=100 | Walk=0
Time=42465000 | Ped=0 | Highway=100 | Side=001 | Walk=0
Time=42525000 | Ped=0 | Highway=001 | Side=100 | Walk=0
Time=42585000 | Ped=0 | Highway=010 | Side=100 | Walk=0
Time=42615000 | Ped=0 | Highway=100 | Side=001 | Walk=0
Time=42675000 | Ped=0 | Highway=001 | Side=100 | Walk=0
Time=42735000 | Ped=0 | Highway=010 | Side=100 | Walk=0
Time=42765000 | Ped=0 | Highway=100 | Side=001 | Walk=0
Time=42825000 | Ped=0 | Highway=001 | Side=100 | Walk=0
Time=42885000 | Ped=0 | Highway=010 | Side=100 | Walk=0
Time=42915000 | Ped=0 | Highway=100 | Side=001 | Walk=0
Time=42975000 | Ped=0 | Highway=001 | Side=100 | Walk=0
Time=43035000 | Ped=0 | Highway=010 | Side=100 | Walk=0
Time=43065000 | Ped=0 | Highway=100 | Side=001 | Walk=0
Time=43125000 | Ped=0 | Highway=001 | Side=100 | Walk=0
Time=43185000 | Ped=0 | Highway=010 | Side=100 | Walk=0
Time=43215000 | Ped=0 | Highway=100 | Side=001 | Walk=0
Time=43275000 | Ped=0 | Highway=001 | Side=100 | Walk=0
Time=43335000 | Ped=0 | Highway=010 | Side=100 | Walk=0
Time=43365000 | Ped=0 | Highway=100 | Side=001 | Walk=0
Time=43425000 | Ped=0 | Highway=001 | Side=100 | Walk=0
Time=43485000 | Ped=0 | Highway=010 | Side=100 | Walk=0
Time=43515000 | Ped=0 | Highway=100 | Side=001 | Walk=0
Time=43575000 | Ped=0 | Highway=001 | Side=100 | Walk=0
Time=43635000 | Ped=0 | Highway=010 | Side=100 | Walk=0
Time=43665000 | Ped=0 | Highway=100 | Side=001 | Walk=0
Time=43725000 | Ped=0 | Highway=001 | Side=100 | Walk=0
Time=43785000 | Ped=0 | Highway=010 | Side=100 | Walk=0
Time=43815000 | Ped=0 | Highway=100 | Side=001 | Walk=0
Time=43875000 | Ped=0 | Highway=001 | Side=100 | Walk=0
Time=43935000 | Ped=0 | Highway=010 | Side=100 | Walk=0
Time=43965000 | Ped=0 | Highway=100 | Side=001 | Walk=0
Time=44025000 | Ped=0 | Highway=001 | Side=100 | Walk=0
Time=44085000 | Ped=0 | Highway=010 | Side=100 | Walk=0
Time=44115000 | Ped=0 | Highway=100 | Side=001 | Walk=0
Time=44175000 | Ped=0 | Highway=001 | Side=100 | Walk=0
Time=44235000 | Ped=0 | Highway=010 | Side=100 | Walk=0
Time=44265000 | Ped=0 | Highway=100 | Side=001 | Walk=0
Time=44325000 | Ped=0 | Highway=001 | Side=100 | Walk=0
Time=44385000 | Ped=0 | Highway=010 | Side=100 | Walk=0
Time=44415000 | Ped=0 | Highway=100 | Side=001 | Walk=0
Time=44475000 | Ped=0 | Highway=001 | Side=100 | Walk=0
Time=44535000 | Ped=0 | Highway=010 | Side=100 | Walk=0
Time=44565000 | Ped=0 | Highway=100 | Side=001 | Walk=0
Time=44625000 | Ped=0 | Highway=001 | Side=100 | Walk=0
Time=44685000 | Ped=0 | Highway=010 | Side=100 | Walk=0
Time=44715000 | Ped=0 | Highway=100 | Side=001 | Walk=0
Time=44775000 | Ped=0 | Highway=001 | Side=100 | Walk=0
Time=44835000 | Ped=0 | Highway=010 | Side=100 | Walk=0
Time=44865000 | Ped=0 | Highway=100 | Side=001 | Walk=0
Time=44925000 | Ped=0 | Highway=001 | Side=100 | Walk=0
Time=44985000 | Ped=0 | Highway=010 | Side=100 | Walk=0
Time=45015000 | Ped=0 | Highway=100 | Side=001 | Walk=0
Time=45075000 | Ped=0 | Highway=001 | Side=100 | Walk=0
Time=45135000 | Ped=0 | Highway=010 | Side=100 | Walk=0
Time=45165000 | Ped=0 | Highway=100 | Side=001 | Walk=0
Time=45225000 | Ped=0 | Highway=001 | Side=100 | Walk=0
Time=45285000 | Ped=0 | Highway=010 | Side=100 | Walk=0
Time=45315000 | Ped=0 | Highway=100 | Side=001 | Walk=0
Time=45375000 | Ped=0 | Highway=001 | Side=100 | Walk=0
Time=45435000 | Ped=0 | Highway=010 | Side=100 | Walk=0
Time=45465000 | Ped=0 | Highway=100 | Side=001 | Walk=0
Time=45525000 | Ped=0 | Highway=001 | Side=100 | Walk=0
Time=45585000 | Ped=0 | Highway=010 | Side=100 | Walk=0
Time=45615000 | Ped=0 | Highway=100 | Side=001 | Walk=0
Time=45675000 | Ped=0 | Highway=001 | Side=100 | Walk=0
Time=45735000 | Ped=0 | Highway=010 | Side=100 | Walk=0
Time=45765000 | Ped=0 | Highway=100 | Side=001 | Walk=0
Time=45825000 | Ped=0 | Highway=001 | Side=100 | Walk=0
Time=45885000 | Ped=0 | Highway=010 | Side=100 | Walk=0
Time=45915000 | Ped=0 | Highway=100 | Side=001 | Walk=0
Time=45975000 | Ped=0 | Highway=001 | Side=100 | Walk=0
Time=46035000 | Ped=0 | Highway=010 | Side=100 | Walk=0
Time=46065000 | Ped=0 | Highway=100 | Side=001 | Walk=0
Time=46125000 | Ped=0 | Highway=001 | Side=100 | Walk=0
Time=46185000 | Ped=0 | Highway=010 | Side=100 | Walk=0
Time=46215000 | Ped=0 | Highway=100 | Side=001 | Walk=0
Time=46275000 | Ped=0 | Highway=001 | Side=100 | Walk=0
Time=46335000 | Ped=0 | Highway=010 | Side=100 | Walk=0
Time=46365000 | Ped=0 | Highway=100 | Side=001 | Walk=0
Time=46425000 | Ped=0 | Highway=001 | Side=100 | Walk=0
Time=46485000 | Ped=0 | Highway=010 | Side=100 | Walk=0
Time=46515000 | Ped=0 | Highway=100 | Side=001 | Walk=0
Time=46575000 | Ped=0 | Highway=001 | Side=100 | Walk=0
Time=46635000 | Ped=0 | Highway=010 | Side=100 | Walk=0
Time=46665000 | Ped=0 | Highway=100 | Side=001 | Walk=0
Time=46725000 | Ped=0 | Highway=001 | Side=100 | Walk=0
Time=46785000 | Ped=0 | Highway=010 | Side=100 | Walk=0
Time=46815000 | Ped=0 | Highway=100 | Side=001 | Walk=0
Time=46875000 | Ped=0 | Highway=001 | Side=100 | Walk=0
Time=46935000 | Ped=0 | Highway=010 | Side=100 | Walk=0
Time=46965000 | Ped=0 | Highway=100 | Side=001 | Walk=0
Time=47025000 | Ped=0 | Highway=001 | Side=100 | Walk=0
Time=47085000 | Ped=0 | Highway=010 | Side=100 | Walk=0
Time=47115000 | Ped=0 | Highway=100 | Side=001 | Walk=0
Time=47175000 | Ped=0 | Highway=001 | Side=100 | Walk=0
Time=47235000 | Ped=0 | Highway=010 | Side=100 | Walk=0
Time=47265000 | Ped=0 | Highway=100 | Side=001 | Walk=0
Time=47325000 | Ped=0 | Highway=001 | Side=100 | Walk=0
Time=47385000 | Ped=0 | Highway=010 | Side=100 | Walk=0
Time=47415000 | Ped=0 | Highway=100 | Side=001 | Walk=0
Time=47475000 | Ped=0 | Highway=001 | Side=100 | Walk=0
Time=47535000 | Ped=0 | Highway=010 | Side=100 | Walk=0
Time=47565000 | Ped=0 | Highway=100 | Side=001 | Walk=0
Time=47625000 | Ped=0 | Highway=001 | Side=100 | Walk=0
Time=47685000 | Ped=0 | Highway=010 | Side=100 | Walk=0
Time=47715000 | Ped=0 | Highway=100 | Side=001 | Walk=0
Time=47775000 | Ped=0 | Highway=001 | Side=100 | Walk=0
Time=47835000 | Ped=0 | Highway=010 | Side=100 | Walk=0
Time=47865000 | Ped=0 | Highway=100 | Side=001 | Walk=0
Time=47925000 | Ped=0 | Highway=001 | Side=100 | Walk=0
Time=47985000 | Ped=0 | Highway=010 | Side=100 | Walk=0
Time=48015000 | Ped=0 | Highway=100 | Side=001 | Walk=0
Time=48075000 | Ped=0 | Highway=001 | Side=100 | Walk=0
Time=48135000 | Ped=0 | Highway=010 | Side=100 | Walk=0
Time=48165000 | Ped=0 | Highway=100 | Side=001 | Walk=0
Time=48225000 | Ped=0 | Highway=001 | Side=100 | Walk=0
Time=48285000 | Ped=0 | Highway=010 | Side=100 | Walk=0
Time=48315000 | Ped=0 | Highway=100 | Side=001 | Walk=0
Time=48375000 | Ped=0 | Highway=001 | Side=100 | Walk=0
Time=48435000 | Ped=0 | Highway=010 | Side=100 | Walk=0
Time=48465000 | Ped=0 | Highway=100 | Side=001 | Walk=0
Time=48525000 | Ped=0 | Highway=001 | Side=100 | Walk=0
Time=48585000 | Ped=0 | Highway=010 | Side=100 | Walk=0
Time=48615000 | Ped=0 | Highway=100 | Side=001 | Walk=0
Time=48675000 | Ped=0 | Highway=001 | Side=100 | Walk=0
Time=48735000 | Ped=0 | Highway=010 | Side=100 | Walk=0
Time=48765000 | Ped=0 | Highway=100 | Side=001 | Walk=0
Time=48825000 | Ped=0 | Highway=001 | Side=100 | Walk=0
Time=48885000 | Ped=0 | Highway=010 | Side=100 | Walk=0
Time=48915000 | Ped=0 | Highway=100 | Side=001 | Walk=0
Time=48975000 | Ped=0 | Highway=001 | Side=100 | Walk=0
Time=49035000 | Ped=0 | Highway=010 | Side=100 | Walk=0
Time=49065000 | Ped=0 | Highway=100 | Side=001 | Walk=0
Time=49125000 | Ped=0 | Highway=001 | Side=100 | Walk=0
Time=49185000 | Ped=0 | Highway=010 | Side=100 | Walk=0
Time=49215000 | Ped=0 | Highway=100 | Side=001 | Walk=0
Time=49275000 | Ped=0 | Highway=001 | Side=100 | Walk=0
Time=49335000 | Ped=0 | Highway=010 | Side=100 | Walk=0
Time=49365000 | Ped=0 | Highway=100 | Side=001 | Walk=0
Time=49425000 | Ped=0 | Highway=001 | Side=100 | Walk=0
Time=49485000 | Ped=0 | Highway=010 | Side=100 | Walk=0
Time=49515000 | Ped=0 | Highway=100 | Side=001 | Walk=0
Time=49575000 | Ped=0 | Highway=001 | Side=100 | Walk=0
Time=49635000 | Ped=0 | Highway=010 | Side=100 | Walk=0
Time=49665000 | Ped=0 | Highway=100 | Side=001 | Walk=0
Time=49725000 | Ped=0 | Highway=001 | Side=100 | Walk=0
Time=49785000 | Ped=0 | Highway=010 | Side=100 | Walk=0
Time=49815000 | Ped=0 | Highway=100 | Side=001 | Walk=0
Time=49875000 | Ped=0 | Highway=001 | Side=100 | Walk=0
Time=49935000 | Ped=0 | Highway=010 | Side=100 | Walk=0
Time=49965000 | Ped=0 | Highway=100 | Side=001 | Walk=0
Time=50025000 | Ped=0 | Highway=001 | Side=100 | Walk=0
Time=50085000 | Ped=0 | Highway=010 | Side=100 | Walk=0
Time=50115000 | Ped=0 | Highway=100 | Side=001 | Walk=0
Time=50175000 | Ped=0 | Highway=001 | Side=100 | Walk=0
Time=50235000 | Ped=0 | Highway=010 | Side=100 | Walk=0
Time=50265000 | Ped=0 | Highway=100 | Side=001 | Walk=0
Time=50325000 | Ped=0 | Highway=001 | Side=100 | Walk=0
Time=50385000 | Ped=0 | Highway=010 | Side=100 | Walk=0
Time=50415000 | Ped=0 | Highway=100 | Side=001 | Walk=0
Time=50475000 | Ped=0 | Highway=001 | Side=100 | Walk=0
Time=50535000 | Ped=0 | Highway=010 | Side=100 | Walk=0
Time=50565000 | Ped=0 | Highway=100 | Side=001 | Walk=0
Time=50625000 | Ped=0 | Highway=001 | Side=100 | Walk=0
Time=50685000 | Ped=0 | Highway=010 | Side=100 | Walk=0
Time=50715000 | Ped=0 | Highway=100 | Side=001 | Walk=0
Time=50775000 | Ped=0 | Highway=001 | Side=100 | Walk=0
Time=50835000 | Ped=0 | Highway=010 | Side=100 | Walk=0
Time=50865000 | Ped=0 | Highway=100 | Side=001 | Walk=0
Time=50925000 | Ped=0 | Highway=001 | Side=100 | Walk=0
Time=50985000 | Ped=0 | Highway=010 | Side=100 | Walk=0
Time=51015000 | Ped=0 | Highway=100 | Side=001 | Walk=0
Time=51075000 | Ped=0 | Highway=001 | Side=100 | Walk=0
Time=51135000 | Ped=0 | Highway=010 | Side=100 | Walk=0
Time=51165000 | Ped=0 | Highway=100 | Side=001 | Walk=0
Time=51225000 | Ped=0 | Highway=001 | Side=100 | Walk=0
Time=51285000 | Ped=0 | Highway=010 | Side=100 | Walk=0
Time=51315000 | Ped=0 | Highway=100 | Side=001 | Walk=0
Time=51375000 | Ped=0 | Highway=001 | Side=100 | Walk=0
Time=51435000 | Ped=0 | Highway=010 | Side=100 | Walk=0
Time=51465000 | Ped=0 | Highway=100 | Side=001 | Walk=0
Time=51525000 | Ped=0 | Highway=001 | Side=100 | Walk=0
Time=51585000 | Ped=0 | Highway=010 | Side=100 | Walk=0
Time=51615000 | Ped=0 | Highway=100 | Side=001 | Walk=0
Time=51675000 | Ped=0 | Highway=001 | Side=100 | Walk=0
Time=51735000 | Ped=0 | Highway=010 | Side=100 | Walk=0
Time=51765000 | Ped=0 | Highway=100 | Side=001 | Walk=0
Time=51825000 | Ped=0 | Highway=001 | Side=100 | Walk=0
Time=51885000 | Ped=0 | Highway=010 | Side=100 | Walk=0
Time=51915000 | Ped=0 | Highway=100 | Side=001 | Walk=0
Time=51975000 | Ped=0 | Highway=001 | Side=100 | Walk=0
Time=52035000 | Ped=0 | Highway=010 | Side=100 | Walk=0
Time=52065000 | Ped=0 | Highway=100 | Side=001 | Walk=0
Time=52125000 | Ped=0 | Highway=001 | Side=100 | Walk=0
Time=52185000 | Ped=0 | Highway=010 | Side=100 | Walk=0
Time=52215000 | Ped=0 | Highway=100 | Side=001 | Walk=0
Time=52275000 | Ped=0 | Highway=001 | Side=100 | Walk=0
Time=52335000 | Ped=0 | Highway=010 | Side=100 | Walk=0
Time=52365000 | Ped=0 | Highway=100 | Side=001 | Walk=0
Time=52425000 | Ped=0 | Highway=001 | Side=100 | Walk=0
Time=52485000 | Ped=0 | Highway=010 | Side=100 | Walk=0
Time=52515000 | Ped=0 | Highway=100 | Side=001 | Walk=0
Time=52575000 | Ped=0 | Highway=001 | Side=100 | Walk=0
Time=52635000 | Ped=0 | Highway=010 | Side=100 | Walk=0
Time=52665000 | Ped=0 | Highway=100 | Side=001 | Walk=0
Time=52725000 | Ped=0 | Highway=001 | Side=100 | Walk=0
Time=52785000 | Ped=0 | Highway=010 | Side=100 | Walk=0
Time=52815000 | Ped=0 | Highway=100 | Side=001 | Walk=0
Time=52875000 | Ped=0 | Highway=001 | Side=100 | Walk=0
Time=52935000 | Ped=0 | Highway=010 | Side=100 | Walk=0
Time=52965000 | Ped=0 | Highway=100 | Side=001 | Walk=0
Time=53025000 | Ped=0 | Highway=001 | Side=100 | Walk=0
Time=53085000 | Ped=0 | Highway=010 | Side=100 | Walk=0
Time=53115000 | Ped=0 | Highway=100 | Side=001 | Walk=0
Time=53175000 | Ped=0 | Highway=001 | Side=100 | Walk=0
Time=53235000 | Ped=0 | Highway=010 | Side=100 | Walk=0
Time=53265000 | Ped=0 | Highway=100 | Side=001 | Walk=0
Time=53325000 | Ped=0 | Highway=001 | Side=100 | Walk=0
Time=53385000 | Ped=0 | Highway=010 | Side=100 | Walk=0
Time=53415000 | Ped=0 | Highway=100 | Side=001 | Walk=0
Time=53475000 | Ped=0 | Highway=001 | Side=100 | Walk=0
Time=53535000 | Ped=0 | Highway=010 | Side=100 | Walk=0
Time=53565000 | Ped=0 | Highway=100 | Side=001 | Walk=0
Time=53625000 | Ped=0 | Highway=001 | Side=100 | Walk=0
Time=53685000 | Ped=0 | Highway=010 | Side=100 | Walk=0
Time=53715000 | Ped=0 | Highway=100 | Side=001 | Walk=0
Time=53775000 | Ped=0 | Highway=001 | Side=100 | Walk=0
Time=53835000 | Ped=0 | Highway=010 | Side=100 | Walk=0
Time=53865000 | Ped=0 | Highway=100 | Side=001 | Walk=0
Time=53925000 | Ped=0 | Highway=001 | Side=100 | Walk=0
Time=53985000 | Ped=0 | Highway=010 | Side=100 | Walk=0
Time=54015000 | Ped=0 | Highway=100 | Side=001 | Walk=0
Time=54075000 | Ped=0 | Highway=001 | Side=100 | Walk=0
Time=54135000 | Ped=0 | Highway=010 | Side=100 | Walk=0
Time=54165000 | Ped=0 | Highway=100 | Side=001 | Walk=0
Time=54225000 | Ped=0 | Highway=001 | Side=100 | Walk=0
Time=54285000 | Ped=0 | Highway=010 | Side=100 | Walk=0
Time=54315000 | Ped=0 | Highway=100 | Side=001 | Walk=0
Time=54375000 | Ped=0 | Highway=001 | Side=100 | Walk=0
Time=54435000 | Ped=0 | Highway=010 | Side=100 | Walk=0
Time=54465000 | Ped=0 | Highway=100 | Side=001 | Walk=0
Time=54525000 | Ped=0 | Highway=001 | Side=100 | Walk=0
Time=54585000 | Ped=0 | Highway=010 | Side=100 | Walk=0
Time=54615000 | Ped=0 | Highway=100 | Side=001 | Walk=0
Time=54675000 | Ped=0 | Highway=001 | Side=100 | Walk=0
Time=54735000 | Ped=0 | Highway=010 | Side=100 | Walk=0
Time=54765000 | Ped=0 | Highway=100 | Side=001 | Walk=0
Time=54825000 | Ped=0 | Highway=001 | Side=100 | Walk=0
Time=54885000 | Ped=0 | Highway=010 | Side=100 | Walk=0
Time=54915000 | Ped=0 | Highway=100 | Side=001 | Walk=0
Time=54975000 | Ped=0 | Highway=001 | Side=100 | Walk=0
Time=55035000 | Ped=0 | Highway=010 | Side=100 | Walk=0
Time=55065000 | Ped=0 | Highway=100 | Side=001 | Walk=0
Time=55125000 | Ped=0 | Highway=001 | Side=100 | Walk=0
Time=55185000 | Ped=0 | Highway=010 | Side=100 | Walk=0
Time=55215000 | Ped=0 | Highway=100 | Side=001 | Walk=0
Time=55275000 | Ped=0 | Highway=001 | Side=100 | Walk=0
Time=55335000 | Ped=0 | Highway=010 | Side=100 | Walk=0
Time=55365000 | Ped=0 | Highway=100 | Side=001 | Walk=0
Time=55425000 | Ped=0 | Highway=001 | Side=100 | Walk=0
Time=55485000 | Ped=0 | Highway=010 | Side=100 | Walk=0
Time=55515000 | Ped=0 | Highway=100 | Side=001 | Walk=0
Time=55575000 | Ped=0 | Highway=001 | Side=100 | Walk=0
Time=55635000 | Ped=0 | Highway=010 | Side=100 | Walk=0
Time=55665000 | Ped=0 | Highway=100 | Side=001 | Walk=0
Time=55725000 | Ped=0 | Highway=001 | Side=100 | Walk=0
Time=55785000 | Ped=0 | Highway=010 | Side=100 | Walk=0
Time=55815000 | Ped=0 | Highway=100 | Side=001 | Walk=0
Time=55875000 | Ped=0 | Highway=001 | Side=100 | Walk=0
Time=55935000 | Ped=0 | Highway=010 | Side=100 | Walk=0
Time=55965000 | Ped=0 | Highway=100 | Side=001 | Walk=0
Time=56025000 | Ped=0 | Highway=001 | Side=100 | Walk=0
Time=56085000 | Ped=0 | Highway=010 | Side=100 | Walk=0
Time=56115000 | Ped=0 | Highway=100 | Side=001 | Walk=0
Time=56175000 | Ped=0 | Highway=001 | Side=100 | Walk=0
Time=56235000 | Ped=0 | Highway=010 | Side=100 | Walk=0
Time=56265000 | Ped=0 | Highway=100 | Side=001 | Walk=0
Time=56325000 | Ped=0 | Highway=001 | Side=100 | Walk=0
Time=56385000 | Ped=0 | Highway=010 | Side=100 | Walk=0
Time=56415000 | Ped=0 | Highway=100 | Side=001 | Walk=0
Time=56475000 | Ped=0 | Highway=001 | Side=100 | Walk=0
Time=56535000 | Ped=0 | Highway=010 | Side=100 | Walk=0
Time=56565000 | Ped=0 | Highway=100 | Side=001 | Walk=0
Time=56625000 | Ped=0 | Highway=001 | Side=100 | Walk=0
Time=56685000 | Ped=0 | Highway=010 | Side=100 | Walk=0
Time=56715000 | Ped=0 | Highway=100 | Side=001 | Walk=0
Time=56775000 | Ped=0 | Highway=001 | Side=100 | Walk=0
Time=56835000 | Ped=0 | Highway=010 | Side=100 | Walk=0
Time=56865000 | Ped=0 | Highway=100 | Side=001 | Walk=0
Time=56925000 | Ped=0 | Highway=001 | Side=100 | Walk=0
Time=56985000 | Ped=0 | Highway=010 | Side=100 | Walk=0
Time=57015000 | Ped=0 | Highway=100 | Side=001 | Walk=0
Time=57075000 | Ped=0 | Highway=001 | Side=100 | Walk=0
Time=57135000 | Ped=0 | Highway=010 | Side=100 | Walk=0
Time=57165000 | Ped=0 | Highway=100 | Side=001 | Walk=0
Time=57225000 | Ped=0 | Highway=001 | Side=100 | Walk=0
Time=57285000 | Ped=0 | Highway=010 | Side=100 | Walk=0
Time=57315000 | Ped=0 | Highway=100 | Side=001 | Walk=0
Time=57375000 | Ped=0 | Highway=001 | Side=100 | Walk=0
Time=57435000 | Ped=0 | Highway=010 | Side=100 | Walk=0
Time=57465000 | Ped=0 | Highway=100 | Side=001 | Walk=0
Time=57525000 | Ped=0 | Highway=001 | Side=100 | Walk=0
Time=57585000 | Ped=0 | Highway=010 | Side=100 | Walk=0
Time=57615000 | Ped=0 | Highway=100 | Side=001 | Walk=0
Time=57675000 | Ped=0 | Highway=001 | Side=100 | Walk=0
Time=57735000 | Ped=0 | Highway=010 | Side=100 | Walk=0
Time=57765000 | Ped=0 | Highway=100 | Side=001 | Walk=0
Time=57825000 | Ped=0 | Highway=001 | Side=100 | Walk=0
Time=57885000 | Ped=0 | Highway=010 | Side=100 | Walk=0
Time=57915000 | Ped=0 | Highway=100 | Side=001 | Walk=0
Time=57975000 | Ped=0 | Highway=001 | Side=100 | Walk=0
Time=58035000 | Ped=0 | Highway=010 | Side=100 | Walk=0
Time=58065000 | Ped=0 | Highway=100 | Side=001 | Walk=0
Time=58125000 | Ped=0 | Highway=001 | Side=100 | Walk=0
Time=58185000 | Ped=0 | Highway=010 | Side=100 | Walk=0
Time=58215000 | Ped=0 | Highway=100 | Side=001 | Walk=0
Time=58275000 | Ped=0 | Highway=001 | Side=100 | Walk=0
Time=58335000 | Ped=0 | Highway=010 | Side=100 | Walk=0
Time=58365000 | Ped=0 | Highway=100 | Side=001 | Walk=0
Time=58425000 | Ped=0 | Highway=001 | Side=100 | Walk=0
Time=58485000 | Ped=0 | Highway=010 | Side=100 | Walk=0
Time=58515000 | Ped=0 | Highway=100 | Side=001 | Walk=0
Time=58575000 | Ped=0 | Highway=001 | Side=100 | Walk=0
Time=58635000 | Ped=0 | Highway=010 | Side=100 | Walk=0
Time=58665000 | Ped=0 | Highway=100 | Side=001 | Walk=0
Time=58725000 | Ped=0 | Highway=001 | Side=100 | Walk=0
Time=58785000 | Ped=0 | Highway=010 | Side=100 | Walk=0
Time=58815000 | Ped=0 | Highway=100 | Side=001 | Walk=0
Time=58875000 | Ped=0 | Highway=001 | Side=100 | Walk=0
Time=58935000 | Ped=0 | Highway=010 | Side=100 | Walk=0
Time=58965000 | Ped=0 | Highway=100 | Side=001 | Walk=0
Time=59025000 | Ped=0 | Highway=001 | Side=100 | Walk=0
Time=59085000 | Ped=0 | Highway=010 | Side=100 | Walk=0
Time=59115000 | Ped=0 | Highway=100 | Side=001 | Walk=0
Time=59175000 | Ped=0 | Highway=001 | Side=100 | Walk=0
Time=59235000 | Ped=0 | Highway=010 | Side=100 | Walk=0
Time=59265000 | Ped=0 | Highway=100 | Side=001 | Walk=0
Time=59325000 | Ped=0 | Highway=001 | Side=100 | Walk=0
Time=59385000 | Ped=0 | Highway=010 | Side=100 | Walk=0
Time=59415000 | Ped=0 | Highway=100 | Side=001 | Walk=0
Time=59475000 | Ped=0 | Highway=001 | Side=100 | Walk=0
Time=59535000 | Ped=0 | Highway=010 | Side=100 | Walk=0
Time=59565000 | Ped=0 | Highway=100 | Side=001 | Walk=0
Time=59625000 | Ped=0 | Highway=001 | Side=100 | Walk=0
Time=59685000 | Ped=0 | Highway=010 | Side=100 | Walk=0
Time=59715000 | Ped=0 | Highway=100 | Side=001 | Walk=0
Time=59775000 | Ped=0 | Highway=001 | Side=100 | Walk=0
Time=59835000 | Ped=0 | Highway=010 | Side=100 | Walk=0
Time=59865000 | Ped=0 | Highway=100 | Side=001 | Walk=0
Time=59925000 | Ped=0 | Highway=001 | Side=100 | Walk=0
Time=59985000 | Ped=0 | Highway=010 | Side=100 | Walk=0
Time=60015000 | Ped=0 | Highway=100 | Side=001 | Walk=0
Time=60075000 | Ped=0 | Highway=001 | Side=100 | Walk=0
Time=60135000 | Ped=0 | Highway=010 | Side=100 | Walk=0
Time=60165000 | Ped=0 | Highway=100 | Side=001 | Walk=0
Time=60225000 | Ped=0 | Highway=001 | Side=100 | Walk=0
Time=60285000 | Ped=0 | Highway=010 | Side=100 | Walk=0
Time=60315000 | Ped=0 | Highway=100 | Side=001 | Walk=0
Time=60375000 | Ped=0 | Highway=001 | Side=100 | Walk=0
Time=60435000 | Ped=0 | Highway=010 | Side=100 | Walk=0
Time=60465000 | Ped=0 | Highway=100 | Side=001 | Walk=0
Time=60525000 | Ped=0 | Highway=001 | Side=100 | Walk=0
Time=60585000 | Ped=0 | Highway=010 | Side=100 | Walk=0
Time=60615000 | Ped=0 | Highway=100 | Side=001 | Walk=0
Time=60675000 | Ped=0 | Highway=001 | Side=100 | Walk=0
Time=60735000 | Ped=0 | Highway=010 | Side=100 | Walk=0
Time=60765000 | Ped=0 | Highway=100 | Side=001 | Walk=0
Time=60825000 | Ped=0 | Highway=001 | Side=100 | Walk=0
Time=60885000 | Ped=0 | Highway=010 | Side=100 | Walk=0
Time=60915000 | Ped=0 | Highway=100 | Side=001 | Walk=0
Time=60975000 | Ped=0 | Highway=001 | Side=100 | Walk=0
Time=61035000 | Ped=0 | Highway=010 | Side=100 | Walk=0
Time=61065000 | Ped=0 | Highway=100 | Side=001 | Walk=0
Time=61125000 | Ped=0 | Highway=001 | Side=100 | Walk=0
Time=61185000 | Ped=0 | Highway=010 | Side=100 | Walk=0
Time=61215000 | Ped=0 | Highway=100 | Side=001 | Walk=0
Time=61275000 | Ped=0 | Highway=001 | Side=100 | Walk=0
Time=61335000 | Ped=0 | Highway=010 | Side=100 | Walk=0
Time=61365000 | Ped=0 | Highway=100 | Side=001 | Walk=0
Time=61425000 | Ped=0 | Highway=001 | Side=100 | Walk=0
Time=61485000 | Ped=0 | Highway=010 | Side=100 | Walk=0
Time=61515000 | Ped=0 | Highway=100 | Side=001 | Walk=0
Time=61575000 | Ped=0 | Highway=001 | Side=100 | Walk=0
Time=61635000 | Ped=0 | Highway=010 | Side=100 | Walk=0
Time=61665000 | Ped=0 | Highway=100 | Side=001 | Walk=0
Time=61725000 | Ped=0 | Highway=001 | Side=100 | Walk=0
Time=61785000 | Ped=0 | Highway=010 | Side=100 | Walk=0
Time=61815000 | Ped=0 | Highway=100 | Side=001 | Walk=0
Time=61875000 | Ped=0 | Highway=001 | Side=100 | Walk=0
Time=61935000 | Ped=0 | Highway=010 | Side=100 | Walk=0
Time=61965000 | Ped=0 | Highway=100 | Side=001 | Walk=0
Time=62025000 | Ped=0 | Highway=001 | Side=100 | Walk=0
Time=62085000 | Ped=0 | Highway=010 | Side=100 | Walk=0
Time=62115000 | Ped=0 | Highway=100 | Side=001 | Walk=0
Time=62175000 | Ped=0 | Highway=001 | Side=100 | Walk=0
Time=62235000 | Ped=0 | Highway=010 | Side=100 | Walk=0
Time=62265000 | Ped=0 | Highway=100 | Side=001 | Walk=0
Time=62325000 | Ped=0 | Highway=001 | Side=100 | Walk=0
Time=62385000 | Ped=0 | Highway=010 | Side=100 | Walk=0
Time=62415000 | Ped=0 | Highway=100 | Side=001 | Walk=0
Time=62475000 | Ped=0 | Highway=001 | Side=100 | Walk=0
Time=62535000 | Ped=0 | Highway=010 | Side=100 | Walk=0
Time=62565000 | Ped=0 | Highway=100 | Side=001 | Walk=0
Time=62625000 | Ped=0 | Highway=001 | Side=100 | Walk=0
Time=62685000 | Ped=0 | Highway=010 | Side=100 | Walk=0
Time=62715000 | Ped=0 | Highway=100 | Side=001 | Walk=0
Time=62775000 | Ped=0 | Highway=001 | Side=100 | Walk=0
Time=62835000 | Ped=0 | Highway=010 | Side=100 | Walk=0
Time=62865000 | Ped=0 | Highway=100 | Side=001 | Walk=0
Time=62925000 | Ped=0 | Highway=001 | Side=100 | Walk=0
Time=62985000 | Ped=0 | Highway=010 | Side=100 | Walk=0
Time=63015000 | Ped=0 | Highway=100 | Side=001 | Walk=0
Time=63075000 | Ped=0 | Highway=001 | Side=100 | Walk=0
Time=63135000 | Ped=0 | Highway=010 | Side=100 | Walk=0
Time=63165000 | Ped=0 | Highway=100 | Side=001 | Walk=0
Time=63225000 | Ped=0 | Highway=001 | Side=100 | Walk=0
Time=63285000 | Ped=0 | Highway=010 | Side=100 | Walk=0
Time=63315000 | Ped=0 | Highway=100 | Side=001 | Walk=0
Time=63375000 | Ped=0 | Highway=001 | Side=100 | Walk=0
Time=63435000 | Ped=0 | Highway=010 | Side=100 | Walk=0
Time=63465000 | Ped=0 | Highway=100 | Side=001 | Walk=0
Time=63525000 | Ped=0 | Highway=001 | Side=100 | Walk=0
Time=63585000 | Ped=0 | Highway=010 | Side=100 | Walk=0
Time=63615000 | Ped=0 | Highway=100 | Side=001 | Walk=0
Time=63675000 | Ped=0 | Highway=001 | Side=100 | Walk=0
Time=63735000 | Ped=0 | Highway=010 | Side=100 | Walk=0
Time=63765000 | Ped=0 | Highway=100 | Side=001 | Walk=0
Time=63825000 | Ped=0 | Highway=001 | Side=100 | Walk=0
Time=63885000 | Ped=0 | Highway=010 | Side=100 | Walk=0
Time=63915000 | Ped=0 | Highway=100 | Side=001 | Walk=0
Time=63975000 | Ped=0 | Highway=001 | Side=100 | Walk=0
Time=64035000 | Ped=0 | Highway=010 | Side=100 | Walk=0
Time=64065000 | Ped=0 | Highway=100 | Side=001 | Walk=0
Time=64125000 | Ped=0 | Highway=001 | Side=100 | Walk=0
Time=64185000 | Ped=0 | Highway=010 | Side=100 | Walk=0
Time=64215000 | Ped=0 | Highway=100 | Side=001 | Walk=0
Time=64275000 | Ped=0 | Highway=001 | Side=100 | Walk=0
Time=64335000 | Ped=0 | Highway=010 | Side=100 | Walk=0
Time=64365000 | Ped=0 | Highway=100 | Side=001 | Walk=0
Time=64425000 | Ped=0 | Highway=001 | Side=100 | Walk=0
Time=64485000 | Ped=0 | Highway=010 | Side=100 | Walk=0
Time=64515000 | Ped=0 | Highway=100 | Side=001 | Walk=0
Time=64575000 | Ped=0 | Highway=001 | Side=100 | Walk=0
Time=64635000 | Ped=0 | Highway=010 | Side=100 | Walk=0
Time=64665000 | Ped=0 | Highway=100 | Side=001 | Walk=0
Time=64725000 | Ped=0 | Highway=001 | Side=100 | Walk=0
Time=64785000 | Ped=0 | Highway=010 | Side=100 | Walk=0
Time=64815000 | Ped=0 | Highway=100 | Side=001 | Walk=0
Time=64875000 | Ped=0 | Highway=001 | Side=100 | Walk=0
Time=64935000 | Ped=0 | Highway=010 | Side=100 | Walk=0
Time=64965000 | Ped=0 | Highway=100 | Side=001 | Walk=0
Time=65025000 | Ped=0 | Highway=001 | Side=100 | Walk=0
Time=65085000 | Ped=0 | Highway=010 | Side=100 | Walk=0
Time=65115000 | Ped=0 | Highway=100 | Side=001 | Walk=0
Time=65175000 | Ped=0 | Highway=001 | Side=100 | Walk=0
Time=65235000 | Ped=0 | Highway=010 | Side=100 | Walk=0
Time=65265000 | Ped=0 | Highway=100 | Side=001 | Walk=0
Time=65325000 | Ped=0 | Highway=001 | Side=100 | Walk=0
Time=65385000 | Ped=0 | Highway=010 | Side=100 | Walk=0
Time=65415000 | Ped=0 | Highway=100 | Side=001 | Walk=0
Time=65475000 | Ped=0 | Highway=001 | Side=100 | Walk=0
Time=65535000 | Ped=0 | Highway=010 | Side=100 | Walk=0
Time=65565000 | Ped=0 | Highway=100 | Side=001 | Walk=0
Time=65625000 | Ped=0 | Highway=001 | Side=100 | Walk=0
Time=65685000 | Ped=0 | Highway=010 | Side=100 | Walk=0
Time=65715000 | Ped=0 | Highway=100 | Side=001 | Walk=0
Time=65775000 | Ped=0 | Highway=001 | Side=100 | Walk=0
Time=65835000 | Ped=0 | Highway=010 | Side=100 | Walk=0
Time=65865000 | Ped=0 | Highway=100 | Side=001 | Walk=0
Time=65925000 | Ped=0 | Highway=001 | Side=100 | Walk=0
Time=65985000 | Ped=0 | Highway=010 | Side=100 | Walk=0
Time=66015000 | Ped=0 | Highway=100 | Side=001 | Walk=0
Time=66075000 | Ped=0 | Highway=001 | Side=100 | Walk=0
Time=66135000 | Ped=0 | Highway=010 | Side=100 | Walk=0
Time=66165000 | Ped=0 | Highway=100 | Side=001 | Walk=0
Time=66225000 | Ped=0 | Highway=001 | Side=100 | Walk=0
Time=66285000 | Ped=0 | Highway=010 | Side=100 | Walk=0
Time=66315000 | Ped=0 | Highway=100 | Side=001 | Walk=0
Time=66375000 | Ped=0 | Highway=001 | Side=100 | Walk=0
Time=66435000 | Ped=0 | Highway=010 | Side=100 | Walk=0
Time=66465000 | Ped=0 | Highway=100 | Side=001 | Walk=0
Time=66525000 | Ped=0 | Highway=001 | Side=100 | Walk=0
Time=66585000 | Ped=0 | Highway=010 | Side=100 | Walk=0
Time=66615000 | Ped=0 | Highway=100 | Side=001 | Walk=0
Time=66675000 | Ped=0 | Highway=001 | Side=100 | Walk=0
Time=66735000 | Ped=0 | Highway=010 | Side=100 | Walk=0
Time=66765000 | Ped=0 | Highway=100 | Side=001 | Walk=0
Time=66825000 | Ped=0 | Highway=001 | Side=100 | Walk=0
Time=66885000 | Ped=0 | Highway=010 | Side=100 | Walk=0
Time=66915000 | Ped=0 | Highway=100 | Side=001 | Walk=0
Time=66975000 | Ped=0 | Highway=001 | Side=100 | Walk=0
Time=67035000 | Ped=0 | Highway=010 | Side=100 | Walk=0
Time=67065000 | Ped=0 | Highway=100 | Side=001 | Walk=0
Time=67125000 | Ped=0 | Highway=001 | Side=100 | Walk=0
Time=67185000 | Ped=0 | Highway=010 | Side=100 | Walk=0
Time=67215000 | Ped=0 | Highway=100 | Side=001 | Walk=0
Time=67275000 | Ped=0 | Highway=001 | Side=100 | Walk=0
Time=67335000 | Ped=0 | Highway=010 | Side=100 | Walk=0
Time=67365000 | Ped=0 | Highway=100 | Side=001 | Walk=0
Time=67425000 | Ped=0 | Highway=001 | Side=100 | Walk=0
Time=67485000 | Ped=0 | Highway=010 | Side=100 | Walk=0
Time=67515000 | Ped=0 | Highway=100 | Side=001 | Walk=0
Time=67575000 | Ped=0 | Highway=001 | Side=100 | Walk=0
Time=67635000 | Ped=0 | Highway=010 | Side=100 | Walk=0
Time=67665000 | Ped=0 | Highway=100 | Side=001 | Walk=0
Time=67725000 | Ped=0 | Highway=001 | Side=100 | Walk=0
Time=67785000 | Ped=0 | Highway=010 | Side=100 | Walk=0
Time=67815000 | Ped=0 | Highway=100 | Side=001 | Walk=0
Time=67875000 | Ped=0 | Highway=001 | Side=100 | Walk=0
Time=67935000 | Ped=0 | Highway=010 | Side=100 | Walk=0
Time=67965000 | Ped=0 | Highway=100 | Side=001 | Walk=0
Time=68025000 | Ped=0 | Highway=001 | Side=100 | Walk=0
Time=68085000 | Ped=0 | Highway=010 | Side=100 | Walk=0
Time=68115000 | Ped=0 | Highway=100 | Side=001 | Walk=0
Time=68175000 | Ped=0 | Highway=001 | Side=100 | Walk=0
Time=68235000 | Ped=0 | Highway=010 | Side=100 | Walk=0
Time=68265000 | Ped=0 | Highway=100 | Side=001 | Walk=0
Time=68325000 | Ped=0 | Highway=001 | Side=100 | Walk=0
Time=68385000 | Ped=0 | Highway=010 | Side=100 | Walk=0
Time=68415000 | Ped=0 | Highway=100 | Side=001 | Walk=0
Time=68475000 | Ped=0 | Highway=001 | Side=100 | Walk=0
Time=68535000 | Ped=0 | Highway=010 | Side=100 | Walk=0
Time=68565000 | Ped=0 | Highway=100 | Side=001 | Walk=0
Time=68625000 | Ped=0 | Highway=001 | Side=100 | Walk=0
Time=68685000 | Ped=0 | Highway=010 | Side=100 | Walk=0
Time=68715000 | Ped=0 | Highway=100 | Side=001 | Walk=0
Time=68775000 | Ped=0 | Highway=001 | Side=100 | Walk=0
Time=68835000 | Ped=0 | Highway=010 | Side=100 | Walk=0
Time=68865000 | Ped=0 | Highway=100 | Side=001 | Walk=0
Time=68925000 | Ped=0 | Highway=001 | Side=100 | Walk=0
Time=68985000 | Ped=0 | Highway=010 | Side=100 | Walk=0
Time=69015000 | Ped=0 | Highway=100 | Side=001 | Walk=0
Time=69075000 | Ped=0 | Highway=001 | Side=100 | Walk=0
Time=69135000 | Ped=0 | Highway=010 | Side=100 | Walk=0
Time=69165000 | Ped=0 | Highway=100 | Side=001 | Walk=0
Time=69225000 | Ped=0 | Highway=001 | Side=100 | Walk=0
Time=69285000 | Ped=0 | Highway=010 | Side=100 | Walk=0
Time=69315000 | Ped=0 | Highway=100 | Side=001 | Walk=0
Time=69375000 | Ped=0 | Highway=001 | Side=100 | Walk=0
Time=69435000 | Ped=0 | Highway=010 | Side=100 | Walk=0
Time=69465000 | Ped=0 | Highway=100 | Side=001 | Walk=0
Time=69525000 | Ped=0 | Highway=001 | Side=100 | Walk=0
Time=69585000 | Ped=0 | Highway=010 | Side=100 | Walk=0
Time=69615000 | Ped=0 | Highway=100 | Side=001 | Walk=0
Time=69675000 | Ped=0 | Highway=001 | Side=100 | Walk=0
Time=69735000 | Ped=0 | Highway=010 | Side=100 | Walk=0
Time=69765000 | Ped=0 | Highway=100 | Side=001 | Walk=0
Time=69825000 | Ped=0 | Highway=001 | Side=100 | Walk=0
Time=69885000 | Ped=0 | Highway=010 | Side=100 | Walk=0
Time=69915000 | Ped=0 | Highway=100 | Side=001 | Walk=0
Time=69975000 | Ped=0 | Highway=001 | Side=100 | Walk=0
Time=70035000 | Ped=0 | Highway=010 | Side=100 | Walk=0
Time=70065000 | Ped=0 | Highway=100 | Side=001 | Walk=0
Time=70125000 | Ped=0 | Highway=001 | Side=100 | Walk=0
Time=70185000 | Ped=0 | Highway=010 | Side=100 | Walk=0
Time=70215000 | Ped=0 | Highway=100 | Side=001 | Walk=0
Time=70275000 | Ped=0 | Highway=001 | Side=100 | Walk=0
Time=70335000 | Ped=0 | Highway=010 | Side=100 | Walk=0
Time=70365000 | Ped=0 | Highway=100 | Side=001 | Walk=0
Time=70425000 | Ped=0 | Highway=001 | Side=100 | Walk=0
Time=70485000 | Ped=0 | Highway=010 | Side=100 | Walk=0
Time=70515000 | Ped=0 | Highway=100 | Side=001 | Walk=0
Time=70575000 | Ped=0 | Highway=001 | Side=100 | Walk=0
Time=70635000 | Ped=0 | Highway=010 | Side=100 | Walk=0
Time=70665000 | Ped=0 | Highway=100 | Side=001 | Walk=0
Time=70725000 | Ped=0 | Highway=001 | Side=100 | Walk=0
Time=70785000 | Ped=0 | Highway=010 | Side=100 | Walk=0
Time=70815000 | Ped=0 | Highway=100 | Side=001 | Walk=0
Time=70875000 | Ped=0 | Highway=001 | Side=100 | Walk=0
Time=70935000 | Ped=0 | Highway=010 | Side=100 | Walk=0
Time=70965000 | Ped=0 | Highway=100 | Side=001 | Walk=0
Time=71025000 | Ped=0 | Highway=001 | Side=100 | Walk=0
Time=71085000 | Ped=0 | Highway=010 | Side=100 | Walk=0
Time=71115000 | Ped=0 | Highway=100 | Side=001 | Walk=0
Time=71175000 | Ped=0 | Highway=001 | Side=100 | Walk=0
Time=71235000 | Ped=0 | Highway=010 | Side=100 | Walk=0
Time=71265000 | Ped=0 | Highway=100 | Side=001 | Walk=0
Time=71325000 | Ped=0 | Highway=001 | Side=100 | Walk=0
Time=71385000 | Ped=0 | Highway=010 | Side=100 | Walk=0
Time=71415000 | Ped=0 | Highway=100 | Side=001 | Walk=0
Time=71475000 | Ped=0 | Highway=001 | Side=100 | Walk=0
Time=71535000 | Ped=0 | Highway=010 | Side=100 | Walk=0
Time=71565000 | Ped=0 | Highway=100 | Side=001 | Walk=0
Time=71625000 | Ped=0 | Highway=001 | Side=100 | Walk=0
Time=71685000 | Ped=0 | Highway=010 | Side=100 | Walk=0
Time=71715000 | Ped=0 | Highway=100 | Side=001 | Walk=0
Time=71775000 | Ped=0 | Highway=001 | Side=100 | Walk=0
Time=71835000 | Ped=0 | Highway=010 | Side=100 | Walk=0
Time=71865000 | Ped=0 | Highway=100 | Side=001 | Walk=0
Time=71925000 | Ped=0 | Highway=001 | Side=100 | Walk=0
Time=71985000 | Ped=0 | Highway=010 | Side=100 | Walk=0
Time=72015000 | Ped=0 | Highway=100 | Side=001 | Walk=0
Time=72075000 | Ped=0 | Highway=001 | Side=100 | Walk=0
Time=72135000 | Ped=0 | Highway=010 | Side=100 | Walk=0
Time=72165000 | Ped=0 | Highway=100 | Side=001 | Walk=0
Time=72225000 | Ped=0 | Highway=001 | Side=100 | Walk=0
Time=72285000 | Ped=0 | Highway=010 | Side=100 | Walk=0
Time=72315000 | Ped=0 | Highway=100 | Side=001 | Walk=0
Time=72375000 | Ped=0 | Highway=001 | Side=100 | Walk=0
Time=72435000 | Ped=0 | Highway=010 | Side=100 | Walk=0
Time=72465000 | Ped=0 | Highway=100 | Side=001 | Walk=0
Time=72525000 | Ped=0 | Highway=001 | Side=100 | Walk=0
Time=72585000 | Ped=0 | Highway=010 | Side=100 | Walk=0
Time=72615000 | Ped=0 | Highway=100 | Side=001 | Walk=0
Time=72675000 | Ped=0 | Highway=001 | Side=100 | Walk=0
Time=72735000 | Ped=0 | Highway=010 | Side=100 | Walk=0
Time=72765000 | Ped=0 | Highway=100 | Side=001 | Walk=0
Time=72825000 | Ped=0 | Highway=001 | Side=100 | Walk=0
Time=72885000 | Ped=0 | Highway=010 | Side=100 | Walk=0
Time=72915000 | Ped=0 | Highway=100 | Side=001 | Walk=0
Time=72975000 | Ped=0 | Highway=001 | Side=100 | Walk=0
Time=73035000 | Ped=0 | Highway=010 | Side=100 | Walk=0
Time=73065000 | Ped=0 | Highway=100 | Side=001 | Walk=0
Time=73125000 | Ped=0 | Highway=001 | Side=100 | Walk=0
Time=73185000 | Ped=0 | Highway=010 | Side=100 | Walk=0
Time=73215000 | Ped=0 | Highway=100 | Side=001 | Walk=0
Time=73275000 | Ped=0 | Highway=001 | Side=100 | Walk=0
Time=73335000 | Ped=0 | Highway=010 | Side=100 | Walk=0
Time=73365000 | Ped=0 | Highway=100 | Side=001 | Walk=0
Time=73425000 | Ped=0 | Highway=001 | Side=100 | Walk=0
Time=73485000 | Ped=0 | Highway=010 | Side=100 | Walk=0
Time=73515000 | Ped=0 | Highway=100 | Side=001 | Walk=0
Time=73575000 | Ped=0 | Highway=001 | Side=100 | Walk=0
Time=73635000 | Ped=0 | Highway=010 | Side=100 | Walk=0
Time=73665000 | Ped=0 | Highway=100 | Side=001 | Walk=0
Time=73725000 | Ped=0 | Highway=001 | Side=100 | Walk=0
Time=73785000 | Ped=0 | Highway=010 | Side=100 | Walk=0
Time=73815000 | Ped=0 | Highway=100 | Side=001 | Walk=0
Time=73875000 | Ped=0 | Highway=001 | Side=100 | Walk=0
Time=73935000 | Ped=0 | Highway=010 | Side=100 | Walk=0
Time=73965000 | Ped=0 | Highway=100 | Side=001 | Walk=0
Time=74025000 | Ped=0 | Highway=001 | Side=100 | Walk=0
Time=74085000 | Ped=0 | Highway=010 | Side=100 | Walk=0
Time=74115000 | Ped=0 | Highway=100 | Side=001 | Walk=0
Time=74175000 | Ped=0 | Highway=001 | Side=100 | Walk=0
Time=74235000 | Ped=0 | Highway=010 | Side=100 | Walk=0
Time=74265000 | Ped=0 | Highway=100 | Side=001 | Walk=0
Time=74325000 | Ped=0 | Highway=001 | Side=100 | Walk=0
Time=74385000 | Ped=0 | Highway=010 | Side=100 | Walk=0
Time=74415000 | Ped=0 | Highway=100 | Side=001 | Walk=0
Time=74475000 | Ped=0 | Highway=001 | Side=100 | Walk=0
Time=74535000 | Ped=0 | Highway=010 | Side=100 | Walk=0
Time=74565000 | Ped=0 | Highway=100 | Side=001 | Walk=0
Time=74625000 | Ped=0 | Highway=001 | Side=100 | Walk=0
Time=74685000 | Ped=0 | Highway=010 | Side=100 | Walk=0
Time=74715000 | Ped=0 | Highway=100 | Side=001 | Walk=0
Time=74775000 | Ped=0 | Highway=001 | Side=100 | Walk=0
Time=74835000 | Ped=0 | Highway=010 | Side=100 | Walk=0
Time=74865000 | Ped=0 | Highway=100 | Side=001 | Walk=0
Time=74925000 | Ped=0 | Highway=001 | Side=100 | Walk=0
Time=74985000 | Ped=0 | Highway=010 | Side=100 | Walk=0
Time=75015000 | Ped=0 | Highway=100 | Side=001 | Walk=0
Time=75075000 | Ped=0 | Highway=001 | Side=100 | Walk=0
Time=75135000 | Ped=0 | Highway=010 | Side=100 | Walk=0
Time=75165000 | Ped=0 | Highway=100 | Side=001 | Walk=0
Time=75225000 | Ped=0 | Highway=001 | Side=100 | Walk=0
Time=75285000 | Ped=0 | Highway=010 | Side=100 | Walk=0
Time=75315000 | Ped=0 | Highway=100 | Side=001 | Walk=0
Time=75375000 | Ped=0 | Highway=001 | Side=100 | Walk=0
Time=75435000 | Ped=0 | Highway=010 | Side=100 | Walk=0
Time=75465000 | Ped=0 | Highway=100 | Side=001 | Walk=0
Time=75525000 | Ped=0 | Highway=001 | Side=100 | Walk=0
Time=75585000 | Ped=0 | Highway=010 | Side=100 | Walk=0
Time=75615000 | Ped=0 | Highway=100 | Side=001 | Walk=0
Time=75675000 | Ped=0 | Highway=001 | Side=100 | Walk=0
Time=75735000 | Ped=0 | Highway=010 | Side=100 | Walk=0
Time=75765000 | Ped=0 | Highway=100 | Side=001 | Walk=0
Time=75825000 | Ped=0 | Highway=001 | Side=100 | Walk=0
Time=75885000 | Ped=0 | Highway=010 | Side=100 | Walk=0
Time=75915000 | Ped=0 | Highway=100 | Side=001 | Walk=0
Time=75975000 | Ped=0 | Highway=001 | Side=100 | Walk=0
Time=76035000 | Ped=0 | Highway=010 | Side=100 | Walk=0
Time=76065000 | Ped=0 | Highway=100 | Side=001 | Walk=0
Time=76125000 | Ped=0 | Highway=001 | Side=100 | Walk=0
Time=76185000 | Ped=0 | Highway=010 | Side=100 | Walk=0
Time=76215000 | Ped=0 | Highway=100 | Side=001 | Walk=0
Time=76275000 | Ped=0 | Highway=001 | Side=100 | Walk=0
Time=76335000 | Ped=0 | Highway=010 | Side=100 | Walk=0
Time=76365000 | Ped=0 | Highway=100 | Side=001 | Walk=0
Time=76425000 | Ped=0 | Highway=001 | Side=100 | Walk=0
Time=76485000 | Ped=0 | Highway=010 | Side=100 | Walk=0
Time=76515000 | Ped=0 | Highway=100 | Side=001 | Walk=0
Time=76575000 | Ped=0 | Highway=001 | Side=100 | Walk=0
Time=76635000 | Ped=0 | Highway=010 | Side=100 | Walk=0
Time=76665000 | Ped=0 | Highway=100 | Side=001 | Walk=0
Time=76725000 | Ped=0 | Highway=001 | Side=100 | Walk=0
Time=76785000 | Ped=0 | Highway=010 | Side=100 | Walk=0
Time=76815000 | Ped=0 | Highway=100 | Side=001 | Walk=0
Time=76875000 | Ped=0 | Highway=001 | Side=100 | Walk=0
Time=76935000 | Ped=0 | Highway=010 | Side=100 | Walk=0
Time=76965000 | Ped=0 | Highway=100 | Side=001 | Walk=0
Time=77025000 | Ped=0 | Highway=001 | Side=100 | Walk=0
Time=77085000 | Ped=0 | Highway=010 | Side=100 | Walk=0
Time=77115000 | Ped=0 | Highway=100 | Side=001 | Walk=0
Time=77175000 | Ped=0 | Highway=001 | Side=100 | Walk=0
Time=77235000 | Ped=0 | Highway=010 | Side=100 | Walk=0
Time=77265000 | Ped=0 | Highway=100 | Side=001 | Walk=0
Time=77325000 | Ped=0 | Highway=001 | Side=100 | Walk=0
Time=77385000 | Ped=0 | Highway=010 | Side=100 | Walk=0
Time=77415000 | Ped=0 | Highway=100 | Side=001 | Walk=0
Time=77475000 | Ped=0 | Highway=001 | Side=100 | Walk=0
Time=77535000 | Ped=0 | Highway=010 | Side=100 | Walk=0
Time=77565000 | Ped=0 | Highway=100 | Side=001 | Walk=0
Time=77625000 | Ped=0 | Highway=001 | Side=100 | Walk=0
Time=77685000 | Ped=0 | Highway=010 | Side=100 | Walk=0
Time=77715000 | Ped=0 | Highway=100 | Side=001 | Walk=0
Time=77775000 | Ped=0 | Highway=001 | Side=100 | Walk=0
Time=77835000 | Ped=0 | Highway=010 | Side=100 | Walk=0
Time=77865000 | Ped=0 | Highway=100 | Side=001 | Walk=0
Time=77925000 | Ped=0 | Highway=001 | Side=100 | Walk=0
Time=77985000 | Ped=0 | Highway=010 | Side=100 | Walk=0
Time=78015000 | Ped=0 | Highway=100 | Side=001 | Walk=0
Time=78075000 | Ped=0 | Highway=001 | Side=100 | Walk=0
Time=78135000 | Ped=0 | Highway=010 | Side=100 | Walk=0
Time=78165000 | Ped=0 | Highway=100 | Side=001 | Walk=0
Time=78225000 | Ped=0 | Highway=001 | Side=100 | Walk=0
Time=78285000 | Ped=0 | Highway=010 | Side=100 | Walk=0
Time=78315000 | Ped=0 | Highway=100 | Side=001 | Walk=0
Time=78375000 | Ped=0 | Highway=001 | Side=100 | Walk=0
Time=78435000 | Ped=0 | Highway=010 | Side=100 | Walk=0
Time=78465000 | Ped=0 | Highway=100 | Side=001 | Walk=0
Time=78525000 | Ped=0 | Highway=001 | Side=100 | Walk=0
Time=78585000 | Ped=0 | Highway=010 | Side=100 | Walk=0
Time=78615000 | Ped=0 | Highway=100 | Side=001 | Walk=0
Time=78675000 | Ped=0 | Highway=001 | Side=100 | Walk=0
Time=78735000 | Ped=0 | Highway=010 | Side=100 | Walk=0
Time=78765000 | Ped=0 | Highway=100 | Side=001 | Walk=0
Time=78825000 | Ped=0 | Highway=001 | Side=100 | Walk=0
Time=78885000 | Ped=0 | Highway=010 | Side=100 | Walk=0
Time=78915000 | Ped=0 | Highway=100 | Side=001 | Walk=0
Time=78975000 | Ped=0 | Highway=001 | Side=100 | Walk=0
Time=79035000 | Ped=0 | Highway=010 | Side=100 | Walk=0
Time=79065000 | Ped=0 | Highway=100 | Side=001 | Walk=0
Time=79125000 | Ped=0 | Highway=001 | Side=100 | Walk=0
Time=79185000 | Ped=0 | Highway=010 | Side=100 | Walk=0
Time=79215000 | Ped=0 | Highway=100 | Side=001 | Walk=0
Time=79275000 | Ped=0 | Highway=001 | Side=100 | Walk=0
Time=79335000 | Ped=0 | Highway=010 | Side=100 | Walk=0
Time=79365000 | Ped=0 | Highway=100 | Side=001 | Walk=0
Time=79425000 | Ped=0 | Highway=001 | Side=100 | Walk=0
Time=79485000 | Ped=0 | Highway=010 | Side=100 | Walk=0
Time=79515000 | Ped=0 | Highway=100 | Side=001 | Walk=0
Time=79575000 | Ped=0 | Highway=001 | Side=100 | Walk=0
Time=79635000 | Ped=0 | Highway=010 | Side=100 | Walk=0
Time=79665000 | Ped=0 | Highway=100 | Side=001 | Walk=0
Time=79725000 | Ped=0 | Highway=001 | Side=100 | Walk=0
Time=79785000 | Ped=0 | Highway=010 | Side=100 | Walk=0
Time=79815000 | Ped=0 | Highway=100 | Side=001 | Walk=0
Time=79875000 | Ped=0 | Highway=001 | Side=100 | Walk=0
Time=79935000 | Ped=0 | Highway=010 | Side=100 | Walk=0
Time=79965000 | Ped=0 | Highway=100 | Side=001 | Walk=0
Time=80025000 | Ped=0 | Highway=001 | Side=100 | Walk=0
Time=80085000 | Ped=0 | Highway=010 | Side=100 | Walk=0
Time=80115000 | Ped=0 | Highway=100 | Side=001 | Walk=0
Time=80175000 | Ped=0 | Highway=001 | Side=100 | Walk=0
Time=80235000 | Ped=0 | Highway=010 | Side=100 | Walk=0
Time=80265000 | Ped=0 | Highway=100 | Side=001 | Walk=0
Time=80325000 | Ped=0 | Highway=001 | Side=100 | Walk=0
Time=80385000 | Ped=0 | Highway=010 | Side=100 | Walk=0
Time=80415000 | Ped=0 | Highway=100 | Side=001 | Walk=0
Time=80475000 | Ped=0 | Highway=001 | Side=100 | Walk=0
Time=80535000 | Ped=0 | Highway=010 | Side=100 | Walk=0
Time=80565000 | Ped=0 | Highway=100 | Side=001 | Walk=0
Time=80625000 | Ped=0 | Highway=001 | Side=100 | Walk=0
Time=80685000 | Ped=0 | Highway=010 | Side=100 | Walk=0
Time=80715000 | Ped=0 | Highway=100 | Side=001 | Walk=0
Time=80775000 | Ped=0 | Highway=001 | Side=100 | Walk=0
Time=80835000 | Ped=0 | Highway=010 | Side=100 | Walk=0
Time=80865000 | Ped=0 | Highway=100 | Side=001 | Walk=0
Time=80925000 | Ped=0 | Highway=001 | Side=100 | Walk=0
Time=80985000 | Ped=0 | Highway=010 | Side=100 | Walk=0
Time=81015000 | Ped=0 | Highway=100 | Side=001 | Walk=0
Time=81075000 | Ped=0 | Highway=001 | Side=100 | Walk=0
Time=81135000 | Ped=0 | Highway=010 | Side=100 | Walk=0
Time=81165000 | Ped=0 | Highway=100 | Side=001 | Walk=0
Time=81225000 | Ped=0 | Highway=001 | Side=100 | Walk=0
Time=81285000 | Ped=0 | Highway=010 | Side=100 | Walk=0
Time=81315000 | Ped=0 | Highway=100 | Side=001 | Walk=0
Time=81375000 | Ped=0 | Highway=001 | Side=100 | Walk=0
Time=81435000 | Ped=0 | Highway=010 | Side=100 | Walk=0
Time=81465000 | Ped=0 | Highway=100 | Side=001 | Walk=0
Time=81525000 | Ped=0 | Highway=001 | Side=100 | Walk=0
Time=81585000 | Ped=0 | Highway=010 | Side=100 | Walk=0
Time=81615000 | Ped=0 | Highway=100 | Side=001 | Walk=0
Time=81675000 | Ped=0 | Highway=001 | Side=100 | Walk=0
Time=81735000 | Ped=0 | Highway=010 | Side=100 | Walk=0
Time=81765000 | Ped=0 | Highway=100 | Side=001 | Walk=0
Time=81825000 | Ped=0 | Highway=001 | Side=100 | Walk=0
Time=81885000 | Ped=0 | Highway=010 | Side=100 | Walk=0
Time=81915000 | Ped=0 | Highway=100 | Side=001 | Walk=0
Time=81975000 | Ped=0 | Highway=001 | Side=100 | Walk=0
Time=82035000 | Ped=0 | Highway=010 | Side=100 | Walk=0
Time=82065000 | Ped=0 | Highway=100 | Side=001 | Walk=0
Time=82125000 | Ped=0 | Highway=001 | Side=100 | Walk=0
Time=82185000 | Ped=0 | Highway=010 | Side=100 | Walk=0
Time=82215000 | Ped=0 | Highway=100 | Side=001 | Walk=0
Time=82275000 | Ped=0 | Highway=001 | Side=100 | Walk=0
Time=82335000 | Ped=0 | Highway=010 | Side=100 | Walk=0
Time=82365000 | Ped=0 | Highway=100 | Side=001 | Walk=0
Time=82425000 | Ped=0 | Highway=001 | Side=100 | Walk=0
Time=82485000 | Ped=0 | Highway=010 | Side=100 | Walk=0
Time=82515000 | Ped=0 | Highway=100 | Side=001 | Walk=0
Time=82575000 | Ped=0 | Highway=001 | Side=100 | Walk=0
Time=82635000 | Ped=0 | Highway=010 | Side=100 | Walk=0
Time=82665000 | Ped=0 | Highway=100 | Side=001 | Walk=0
Time=82725000 | Ped=0 | Highway=001 | Side=100 | Walk=0
Time=82785000 | Ped=0 | Highway=010 | Side=100 | Walk=0
Time=82815000 | Ped=0 | Highway=100 | Side=001 | Walk=0
Time=82875000 | Ped=0 | Highway=001 | Side=100 | Walk=0
Time=82935000 | Ped=0 | Highway=010 | Side=100 | Walk=0
Time=82965000 | Ped=0 | Highway=100 | Side=001 | Walk=0
Time=83025000 | Ped=0 | Highway=001 | Side=100 | Walk=0
Time=83085000 | Ped=0 | Highway=010 | Side=100 | Walk=0
Time=83115000 | Ped=0 | Highway=100 | Side=001 | Walk=0
Time=83175000 | Ped=0 | Highway=001 | Side=100 | Walk=0
Time=83235000 | Ped=0 | Highway=010 | Side=100 | Walk=0
Time=83265000 | Ped=0 | Highway=100 | Side=001 | Walk=0
Time=83325000 | Ped=0 | Highway=001 | Side=100 | Walk=0
Time=83385000 | Ped=0 | Highway=010 | Side=100 | Walk=0
Time=83415000 | Ped=0 | Highway=100 | Side=001 | Walk=0
Time=83475000 | Ped=0 | Highway=001 | Side=100 | Walk=0
Time=83535000 | Ped=0 | Highway=010 | Side=100 | Walk=0
Time=83565000 | Ped=0 | Highway=100 | Side=001 | Walk=0
Time=83625000 | Ped=0 | Highway=001 | Side=100 | Walk=0
Time=83685000 | Ped=0 | Highway=010 | Side=100 | Walk=0
Time=83715000 | Ped=0 | Highway=100 | Side=001 | Walk=0
Time=83775000 | Ped=0 | Highway=001 | Side=100 | Walk=0
Time=83835000 | Ped=0 | Highway=010 | Side=100 | Walk=0
Time=83865000 | Ped=0 | Highway=100 | Side=001 | Walk=0
Time=83925000 | Ped=0 | Highway=001 | Side=100 | Walk=0
Time=83985000 | Ped=0 | Highway=010 | Side=100 | Walk=0
Time=84015000 | Ped=0 | Highway=100 | Side=001 | Walk=0
Time=84075000 | Ped=0 | Highway=001 | Side=100 | Walk=0
Time=84135000 | Ped=0 | Highway=010 | Side=100 | Walk=0
Time=84165000 | Ped=0 | Highway=100 | Side=001 | Walk=0
Time=84225000 | Ped=0 | Highway=001 | Side=100 | Walk=0
Time=84285000 | Ped=0 | Highway=010 | Side=100 | Walk=0
Time=84315000 | Ped=0 | Highway=100 | Side=001 | Walk=0
Time=84375000 | Ped=0 | Highway=001 | Side=100 | Walk=0
Time=84435000 | Ped=0 | Highway=010 | Side=100 | Walk=0
Time=84465000 | Ped=0 | Highway=100 | Side=001 | Walk=0
Time=84525000 | Ped=0 | Highway=001 | Side=100 | Walk=0
Time=84585000 | Ped=0 | Highway=010 | Side=100 | Walk=0
Time=84615000 | Ped=0 | Highway=100 | Side=001 | Walk=0
Time=84675000 | Ped=0 | Highway=001 | Side=100 | Walk=0
Time=84735000 | Ped=0 | Highway=010 | Side=100 | Walk=0
Time=84765000 | Ped=0 | Highway=100 | Side=001 | Walk=0
Time=84825000 | Ped=0 | Highway=001 | Side=100 | Walk=0
Time=84885000 | Ped=0 | Highway=010 | Side=100 | Walk=0
Time=84915000 | Ped=0 | Highway=100 | Side=001 | Walk=0
Time=84975000 | Ped=0 | Highway=001 | Side=100 | Walk=0
Time=85035000 | Ped=0 | Highway=010 | Side=100 | Walk=0
Time=85065000 | Ped=0 | Highway=100 | Side=001 | Walk=0
Time=85125000 | Ped=0 | Highway=001 | Side=100 | Walk=0
Time=85185000 | Ped=0 | Highway=010 | Side=100 | Walk=0
Time=85215000 | Ped=0 | Highway=100 | Side=001 | Walk=0
Time=85275000 | Ped=0 | Highway=001 | Side=100 | Walk=0
Time=85335000 | Ped=0 | Highway=010 | Side=100 | Walk=0
Time=85365000 | Ped=0 | Highway=100 | Side=001 | Walk=0
Time=85425000 | Ped=0 | Highway=001 | Side=100 | Walk=0
Time=85485000 | Ped=0 | Highway=010 | Side=100 | Walk=0
Time=85515000 | Ped=0 | Highway=100 | Side=001 | Walk=0
Time=85575000 | Ped=0 | Highway=001 | Side=100 | Walk=0
Time=85635000 | Ped=0 | Highway=010 | Side=100 | Walk=0
Time=85665000 | Ped=0 | Highway=100 | Side=001 | Walk=0
Time=85725000 | Ped=0 | Highway=001 | Side=100 | Walk=0
Time=85785000 | Ped=0 | Highway=010 | Side=100 | Walk=0
Time=85815000 | Ped=0 | Highway=100 | Side=001 | Walk=0
Time=85875000 | Ped=0 | Highway=001 | Side=100 | Walk=0
Time=85935000 | Ped=0 | Highway=010 | Side=100 | Walk=0
Time=85965000 | Ped=0 | Highway=100 | Side=001 | Walk=0
Time=86025000 | Ped=0 | Highway=001 | Side=100 | Walk=0
Time=86085000 | Ped=0 | Highway=010 | Side=100 | Walk=0
Time=86115000 | Ped=0 | Highway=100 | Side=001 | Walk=0
Time=86175000 | Ped=0 | Highway=001 | Side=100 | Walk=0
Time=86235000 | Ped=0 | Highway=010 | Side=100 | Walk=0
Time=86265000 | Ped=0 | Highway=100 | Side=001 | Walk=0
Time=86325000 | Ped=0 | Highway=001 | Side=100 | Walk=0
Time=86385000 | Ped=0 | Highway=010 | Side=100 | Walk=0
Time=86415000 | Ped=0 | Highway=100 | Side=001 | Walk=0
Time=86475000 | Ped=0 | Highway=001 | Side=100 | Walk=0
Time=86535000 | Ped=0 | Highway=010 | Side=100 | Walk=0
Time=86565000 | Ped=0 | Highway=100 | Side=001 | Walk=0
Time=86625000 | Ped=0 | Highway=001 | Side=100 | Walk=0
Time=86685000 | Ped=0 | Highway=010 | Side=100 | Walk=0
Time=86715000 | Ped=0 | Highway=100 | Side=001 | Walk=0
Time=86775000 | Ped=0 | Highway=001 | Side=100 | Walk=0
Time=86835000 | Ped=0 | Highway=010 | Side=100 | Walk=0
Time=86865000 | Ped=0 | Highway=100 | Side=001 | Walk=0
Time=86925000 | Ped=0 | Highway=001 | Side=100 | Walk=0
Time=86985000 | Ped=0 | Highway=010 | Side=100 | Walk=0
Time=87015000 | Ped=0 | Highway=100 | Side=001 | Walk=0
Time=87075000 | Ped=0 | Highway=001 | Side=100 | Walk=0
Time=87135000 | Ped=0 | Highway=010 | Side=100 | Walk=0
Time=87165000 | Ped=0 | Highway=100 | Side=001 | Walk=0
Time=87225000 | Ped=0 | Highway=001 | Side=100 | Walk=0
Time=87285000 | Ped=0 | Highway=010 | Side=100 | Walk=0
Time=87315000 | Ped=0 | Highway=100 | Side=001 | Walk=0
Time=87375000 | Ped=0 | Highway=001 | Side=100 | Walk=0
Time=87435000 | Ped=0 | Highway=010 | Side=100 | Walk=0
Time=87465000 | Ped=0 | Highway=100 | Side=001 | Walk=0
Time=87525000 | Ped=0 | Highway=001 | Side=100 | Walk=0
Time=87585000 | Ped=0 | Highway=010 | Side=100 | Walk=0
Time=87615000 | Ped=0 | Highway=100 | Side=001 | Walk=0
Time=87675000 | Ped=0 | Highway=001 | Side=100 | Walk=0
Time=87735000 | Ped=0 | Highway=010 | Side=100 | Walk=0
Time=87765000 | Ped=0 | Highway=100 | Side=001 | Walk=0
Time=87825000 | Ped=0 | Highway=001 | Side=100 | Walk=0
Time=87885000 | Ped=0 | Highway=010 | Side=100 | Walk=0
Time=87915000 | Ped=0 | Highway=100 | Side=001 | Walk=0
Time=87975000 | Ped=0 | Highway=001 | Side=100 | Walk=0
Time=88035000 | Ped=0 | Highway=010 | Side=100 | Walk=0
Time=88065000 | Ped=0 | Highway=100 | Side=001 | Walk=0
Time=88125000 | Ped=0 | Highway=001 | Side=100 | Walk=0
Time=88185000 | Ped=0 | Highway=010 | Side=100 | Walk=0
Time=88215000 | Ped=0 | Highway=100 | Side=001 | Walk=0
Time=88275000 | Ped=0 | Highway=001 | Side=100 | Walk=0
Time=88335000 | Ped=0 | Highway=010 | Side=100 | Walk=0
Time=88365000 | Ped=0 | Highway=100 | Side=001 | Walk=0
Time=88425000 | Ped=0 | Highway=001 | Side=100 | Walk=0
Time=88485000 | Ped=0 | Highway=010 | Side=100 | Walk=0
Time=88515000 | Ped=0 | Highway=100 | Side=001 | Walk=0
Time=88575000 | Ped=0 | Highway=001 | Side=100 | Walk=0
Time=88635000 | Ped=0 | Highway=010 | Side=100 | Walk=0
Time=88665000 | Ped=0 | Highway=100 | Side=001 | Walk=0
Time=88725000 | Ped=0 | Highway=001 | Side=100 | Walk=0
Time=88785000 | Ped=0 | Highway=010 | Side=100 | Walk=0
Time=88815000 | Ped=0 | Highway=100 | Side=001 | Walk=0
Time=88875000 | Ped=0 | Highway=001 | Side=100 | Walk=0
Time=88935000 | Ped=0 | Highway=010 | Side=100 | Walk=0
Time=88965000 | Ped=0 | Highway=100 | Side=001 | Walk=0
Time=89025000 | Ped=0 | Highway=001 | Side=100 | Walk=0
Time=89085000 | Ped=0 | Highway=010 | Side=100 | Walk=0
Time=89115000 | Ped=0 | Highway=100 | Side=001 | Walk=0
Time=89175000 | Ped=0 | Highway=001 | Side=100 | Walk=0
Time=89235000 | Ped=0 | Highway=010 | Side=100 | Walk=0
Time=89265000 | Ped=0 | Highway=100 | Side=001 | Walk=0
Time=89325000 | Ped=0 | Highway=001 | Side=100 | Walk=0
Time=89385000 | Ped=0 | Highway=010 | Side=100 | Walk=0
Time=89415000 | Ped=0 | Highway=100 | Side=001 | Walk=0
Time=89475000 | Ped=0 | Highway=001 | Side=100 | Walk=0
Time=89535000 | Ped=0 | Highway=010 | Side=100 | Walk=0
Time=89565000 | Ped=0 | Highway=100 | Side=001 | Walk=0
Time=89625000 | Ped=0 | Highway=001 | Side=100 | Walk=0
Time=89685000 | Ped=0 | Highway=010 | Side=100 | Walk=0
Time=89715000 | Ped=0 | Highway=100 | Side=001 | Walk=0
Time=89775000 | Ped=0 | Highway=001 | Side=100 | Walk=0
Time=89835000 | Ped=0 | Highway=010 | Side=100 | Walk=0
Time=89865000 | Ped=0 | Highway=100 | Side=001 | Walk=0
Time=89925000 | Ped=0 | Highway=001 | Side=100 | Walk=0
Time=89985000 | Ped=0 | Highway=010 | Side=100 | Walk=0
Time=90015000 | Ped=0 | Highway=100 | Side=001 | Walk=0
Time=90075000 | Ped=0 | Highway=001 | Side=100 | Walk=0
Time=90135000 | Ped=0 | Highway=010 | Side=100 | Walk=0
Time=90165000 | Ped=0 | Highway=100 | Side=001 | Walk=0
Time=90225000 | Ped=0 | Highway=001 | Side=100 | Walk=0
Time=90285000 | Ped=0 | Highway=010 | Side=100 | Walk=0
Time=90315000 | Ped=0 | Highway=100 | Side=001 | Walk=0
Time=90375000 | Ped=0 | Highway=001 | Side=100 | Walk=0
Time=90435000 | Ped=0 | Highway=010 | Side=100 | Walk=0
Time=90465000 | Ped=0 | Highway=100 | Side=001 | Walk=0
Time=90525000 | Ped=0 | Highway=001 | Side=100 | Walk=0
Time=90585000 | Ped=0 | Highway=010 | Side=100 | Walk=0
Time=90615000 | Ped=0 | Highway=100 | Side=001 | Walk=0
Time=90675000 | Ped=0 | Highway=001 | Side=100 | Walk=0
Time=90735000 | Ped=0 | Highway=010 | Side=100 | Walk=0
Time=90765000 | Ped=0 | Highway=100 | Side=001 | Walk=0
Time=90825000 | Ped=0 | Highway=001 | Side=100 | Walk=0
Time=90885000 | Ped=0 | Highway=010 | Side=100 | Walk=0
Time=90915000 | Ped=0 | Highway=100 | Side=001 | Walk=0
Time=90975000 | Ped=0 | Highway=001 | Side=100 | Walk=0
Time=91035000 | Ped=0 | Highway=010 | Side=100 | Walk=0
Time=91065000 | Ped=0 | Highway=100 | Side=001 | Walk=0
Time=91125000 | Ped=0 | Highway=001 | Side=100 | Walk=0
Time=91185000 | Ped=0 | Highway=010 | Side=100 | Walk=0
Time=91215000 | Ped=0 | Highway=100 | Side=001 | Walk=0
Time=91275000 | Ped=0 | Highway=001 | Side=100 | Walk=0
Time=91335000 | Ped=0 | Highway=010 | Side=100 | Walk=0
Time=91365000 | Ped=0 | Highway=100 | Side=001 | Walk=0
Time=91425000 | Ped=0 | Highway=001 | Side=100 | Walk=0
Time=91485000 | Ped=0 | Highway=010 | Side=100 | Walk=0
Time=91515000 | Ped=0 | Highway=100 | Side=001 | Walk=0
Time=91575000 | Ped=0 | Highway=001 | Side=100 | Walk=0
Time=91635000 | Ped=0 | Highway=010 | Side=100 | Walk=0
Time=91665000 | Ped=0 | Highway=100 | Side=001 | Walk=0
Time=91725000 | Ped=0 | Highway=001 | Side=100 | Walk=0
Time=91785000 | Ped=0 | Highway=010 | Side=100 | Walk=0
Time=91815000 | Ped=0 | Highway=100 | Side=001 | Walk=0
Time=91875000 | Ped=0 | Highway=001 | Side=100 | Walk=0
Time=91935000 | Ped=0 | Highway=010 | Side=100 | Walk=0
Time=91965000 | Ped=0 | Highway=100 | Side=001 | Walk=0
Time=92025000 | Ped=0 | Highway=001 | Side=100 | Walk=0
Time=92085000 | Ped=0 | Highway=010 | Side=100 | Walk=0
Time=92115000 | Ped=0 | Highway=100 | Side=001 | Walk=0
Time=92175000 | Ped=0 | Highway=001 | Side=100 | Walk=0
Time=92235000 | Ped=0 | Highway=010 | Side=100 | Walk=0
Time=92265000 | Ped=0 | Highway=100 | Side=001 | Walk=0
Time=92325000 | Ped=0 | Highway=001 | Side=100 | Walk=0
Time=92385000 | Ped=0 | Highway=010 | Side=100 | Walk=0
Time=92415000 | Ped=0 | Highway=100 | Side=001 | Walk=0
Time=92475000 | Ped=0 | Highway=001 | Side=100 | Walk=0
Time=92535000 | Ped=0 | Highway=010 | Side=100 | Walk=0
Time=92565000 | Ped=0 | Highway=100 | Side=001 | Walk=0
Time=92625000 | Ped=0 | Highway=001 | Side=100 | Walk=0
Time=92685000 | Ped=0 | Highway=010 | Side=100 | Walk=0
Time=92715000 | Ped=0 | Highway=100 | Side=001 | Walk=0
Time=92775000 | Ped=0 | Highway=001 | Side=100 | Walk=0
Time=92835000 | Ped=0 | Highway=010 | Side=100 | Walk=0
Time=92865000 | Ped=0 | Highway=100 | Side=001 | Walk=0
Time=92925000 | Ped=0 | Highway=001 | Side=100 | Walk=0
Time=92985000 | Ped=0 | Highway=010 | Side=100 | Walk=0
Time=93015000 | Ped=0 | Highway=100 | Side=001 | Walk=0
Time=93075000 | Ped=0 | Highway=001 | Side=100 | Walk=0
Time=93135000 | Ped=0 | Highway=010 | Side=100 | Walk=0
Time=93165000 | Ped=0 | Highway=100 | Side=001 | Walk=0
Time=93225000 | Ped=0 | Highway=001 | Side=100 | Walk=0
Time=93285000 | Ped=0 | Highway=010 | Side=100 | Walk=0
Time=93315000 | Ped=0 | Highway=100 | Side=001 | Walk=0
Time=93375000 | Ped=0 | Highway=001 | Side=100 | Walk=0
Time=93435000 | Ped=0 | Highway=010 | Side=100 | Walk=0
Time=93465000 | Ped=0 | Highway=100 | Side=001 | Walk=0
Time=93525000 | Ped=0 | Highway=001 | Side=100 | Walk=0
Time=93585000 | Ped=0 | Highway=010 | Side=100 | Walk=0
Time=93615000 | Ped=0 | Highway=100 | Side=001 | Walk=0
Time=93675000 | Ped=0 | Highway=001 | Side=100 | Walk=0
Time=93735000 | Ped=0 | Highway=010 | Side=100 | Walk=0
Time=93765000 | Ped=0 | Highway=100 | Side=001 | Walk=0
Time=93825000 | Ped=0 | Highway=001 | Side=100 | Walk=0
Time=93885000 | Ped=0 | Highway=010 | Side=100 | Walk=0
Time=93915000 | Ped=0 | Highway=100 | Side=001 | Walk=0
Time=93975000 | Ped=0 | Highway=001 | Side=100 | Walk=0
Time=94035000 | Ped=0 | Highway=010 | Side=100 | Walk=0
Time=94065000 | Ped=0 | Highway=100 | Side=001 | Walk=0
Time=94125000 | Ped=0 | Highway=001 | Side=100 | Walk=0
Time=94185000 | Ped=0 | Highway=010 | Side=100 | Walk=0
Time=94215000 | Ped=0 | Highway=100 | Side=001 | Walk=0
Time=94275000 | Ped=0 | Highway=001 | Side=100 | Walk=0
Time=94335000 | Ped=0 | Highway=010 | Side=100 | Walk=0
Time=94365000 | Ped=0 | Highway=100 | Side=001 | Walk=0
Time=94425000 | Ped=0 | Highway=001 | Side=100 | Walk=0
Time=94485000 | Ped=0 | Highway=010 | Side=100 | Walk=0
Time=94515000 | Ped=0 | Highway=100 | Side=001 | Walk=0
Time=94575000 | Ped=0 | Highway=001 | Side=100 | Walk=0
Time=94635000 | Ped=0 | Highway=010 | Side=100 | Walk=0
Time=94665000 | Ped=0 | Highway=100 | Side=001 | Walk=0
Time=94725000 | Ped=0 | Highway=001 | Side=100 | Walk=0
Time=94785000 | Ped=0 | Highway=010 | Side=100 | Walk=0
Time=94815000 | Ped=0 | Highway=100 | Side=001 | Walk=0
Time=94875000 | Ped=0 | Highway=001 | Side=100 | Walk=0
Time=94935000 | Ped=0 | Highway=010 | Side=100 | Walk=0
Time=94965000 | Ped=0 | Highway=100 | Side=001 | Walk=0
Time=95025000 | Ped=0 | Highway=001 | Side=100 | Walk=0
Time=95085000 | Ped=0 | Highway=010 | Side=100 | Walk=0
Time=95115000 | Ped=0 | Highway=100 | Side=001 | Walk=0
Time=95175000 | Ped=0 | Highway=001 | Side=100 | Walk=0
Time=95235000 | Ped=0 | Highway=010 | Side=100 | Walk=0
Time=95265000 | Ped=0 | Highway=100 | Side=001 | Walk=0
Time=95325000 | Ped=0 | Highway=001 | Side=100 | Walk=0
Time=95385000 | Ped=0 | Highway=010 | Side=100 | Walk=0
Time=95415000 | Ped=0 | Highway=100 | Side=001 | Walk=0
Time=95475000 | Ped=0 | Highway=001 | Side=100 | Walk=0
Time=95535000 | Ped=0 | Highway=010 | Side=100 | Walk=0
Time=95565000 | Ped=0 | Highway=100 | Side=001 | Walk=0
Time=95625000 | Ped=0 | Highway=001 | Side=100 | Walk=0
Time=95685000 | Ped=0 | Highway=010 | Side=100 | Walk=0
Time=95715000 | Ped=0 | Highway=100 | Side=001 | Walk=0
Time=95775000 | Ped=0 | Highway=001 | Side=100 | Walk=0
Time=95835000 | Ped=0 | Highway=010 | Side=100 | Walk=0
Time=95865000 | Ped=0 | Highway=100 | Side=001 | Walk=0
Time=95925000 | Ped=0 | Highway=001 | Side=100 | Walk=0
Time=95985000 | Ped=0 | Highway=010 | Side=100 | Walk=0
Time=96015000 | Ped=0 | Highway=100 | Side=001 | Walk=0
Time=96075000 | Ped=0 | Highway=001 | Side=100 | Walk=0
Time=96135000 | Ped=0 | Highway=010 | Side=100 | Walk=0
Time=96165000 | Ped=0 | Highway=100 | Side=001 | Walk=0
Time=96225000 | Ped=0 | Highway=001 | Side=100 | Walk=0
Time=96285000 | Ped=0 | Highway=010 | Side=100 | Walk=0
Time=96315000 | Ped=0 | Highway=100 | Side=001 | Walk=0
Time=96375000 | Ped=0 | Highway=001 | Side=100 | Walk=0
Time=96435000 | Ped=0 | Highway=010 | Side=100 | Walk=0
Time=96465000 | Ped=0 | Highway=100 | Side=001 | Walk=0
Time=96525000 | Ped=0 | Highway=001 | Side=100 | Walk=0
Time=96585000 | Ped=0 | Highway=010 | Side=100 | Walk=0
Time=96615000 | Ped=0 | Highway=100 | Side=001 | Walk=0
Time=96675000 | Ped=0 | Highway=001 | Side=100 | Walk=0
Time=96735000 | Ped=0 | Highway=010 | Side=100 | Walk=0
Time=96765000 | Ped=0 | Highway=100 | Side=001 | Walk=0
Time=96825000 | Ped=0 | Highway=001 | Side=100 | Walk=0
Time=96885000 | Ped=0 | Highway=010 | Side=100 | Walk=0
Time=96915000 | Ped=0 | Highway=100 | Side=001 | Walk=0
Time=96975000 | Ped=0 | Highway=001 | Side=100 | Walk=0
Time=97035000 | Ped=0 | Highway=010 | Side=100 | Walk=0
Time=97065000 | Ped=0 | Highway=100 | Side=001 | Walk=0
Time=97125000 | Ped=0 | Highway=001 | Side=100 | Walk=0
Time=97185000 | Ped=0 | Highway=010 | Side=100 | Walk=0
Time=97215000 | Ped=0 | Highway=100 | Side=001 | Walk=0
Time=97275000 | Ped=0 | Highway=001 | Side=100 | Walk=0
Time=97335000 | Ped=0 | Highway=010 | Side=100 | Walk=0
Time=97365000 | Ped=0 | Highway=100 | Side=001 | Walk=0
Time=97425000 | Ped=0 | Highway=001 | Side=100 | Walk=0
Time=97485000 | Ped=0 | Highway=010 | Side=100 | Walk=0
Time=97515000 | Ped=0 | Highway=100 | Side=001 | Walk=0
Time=97575000 | Ped=0 | Highway=001 | Side=100 | Walk=0
Time=97635000 | Ped=0 | Highway=010 | Side=100 | Walk=0
Time=97665000 | Ped=0 | Highway=100 | Side=001 | Walk=0
Time=97725000 | Ped=0 | Highway=001 | Side=100 | Walk=0
Time=97785000 | Ped=0 | Highway=010 | Side=100 | Walk=0
Time=97815000 | Ped=0 | Highway=100 | Side=001 | Walk=0
Time=97875000 | Ped=0 | Highway=001 | Side=100 | Walk=0
Time=97935000 | Ped=0 | Highway=010 | Side=100 | Walk=0
Time=97965000 | Ped=0 | Highway=100 | Side=001 | Walk=0
Time=98025000 | Ped=0 | Highway=001 | Side=100 | Walk=0
Time=98085000 | Ped=0 | Highway=010 | Side=100 | Walk=0
Time=98115000 | Ped=0 | Highway=100 | Side=001 | Walk=0
Time=98175000 | Ped=0 | Highway=001 | Side=100 | Walk=0
Time=98235000 | Ped=0 | Highway=010 | Side=100 | Walk=0
Time=98265000 | Ped=0 | Highway=100 | Side=001 | Walk=0
Time=98325000 | Ped=0 | Highway=001 | Side=100 | Walk=0
Time=98385000 | Ped=0 | Highway=010 | Side=100 | Walk=0
Time=98415000 | Ped=0 | Highway=100 | Side=001 | Walk=0
Time=98475000 | Ped=0 | Highway=001 | Side=100 | Walk=0
Time=98535000 | Ped=0 | Highway=010 | Side=100 | Walk=0
Time=98565000 | Ped=0 | Highway=100 | Side=001 | Walk=0
Time=98625000 | Ped=0 | Highway=001 | Side=100 | Walk=0
Time=98685000 | Ped=0 | Highway=010 | Side=100 | Walk=0
Time=98715000 | Ped=0 | Highway=100 | Side=001 | Walk=0
Time=98775000 | Ped=0 | Highway=001 | Side=100 | Walk=0
Time=98835000 | Ped=0 | Highway=010 | Side=100 | Walk=0
Time=98865000 | Ped=0 | Highway=100 | Side=001 | Walk=0
Time=98925000 | Ped=0 | Highway=001 | Side=100 | Walk=0
Time=98985000 | Ped=0 | Highway=010 | Side=100 | Walk=0
Time=99015000 | Ped=0 | Highway=100 | Side=001 | Walk=0
Time=99075000 | Ped=0 | Highway=001 | Side=100 | Walk=0
Time=99135000 | Ped=0 | Highway=010 | Side=100 | Walk=0
Time=99165000 | Ped=0 | Highway=100 | Side=001 | Walk=0
Time=99225000 | Ped=0 | Highway=001 | Side=100 | Walk=0
Time=99285000 | Ped=0 | Highway=010 | Side=100 | Walk=0
Time=99315000 | Ped=0 | Highway=100 | Side=001 | Walk=0
Time=99375000 | Ped=0 | Highway=001 | Side=100 | Walk=0
Time=99435000 | Ped=0 | Highway=010 | Side=100 | Walk=0
Time=99465000 | Ped=0 | Highway=100 | Side=001 | Walk=0
Time=99525000 | Ped=0 | Highway=001 | Side=100 | Walk=0
Time=99585000 | Ped=0 | Highway=010 | Side=100 | Walk=0
Time=99615000 | Ped=0 | Highway=100 | Side=001 | Walk=0
Time=99675000 | Ped=0 | Highway=001 | Side=100 | Walk=0
Time=99735000 | Ped=0 | Highway=010 | Side=100 | Walk=0
Time=99765000 | Ped=0 | Highway=100 | Side=001 | Walk=0
Time=99825000 | Ped=0 | Highway=001 | Side=100 | Walk=0
Time=99885000 | Ped=0 | Highway=010 | Side=100 | Walk=0
Time=99915000 | Ped=0 | Highway=100 | Side=001 | Walk=0
Time=99975000 | Ped=0 | Highway=001 | Side=100 | Walk=0
Time=100035000 | Ped=0 | Highway=010 | Side=100 | Walk=0
Time=100065000 | Ped=0 | Highway=100 | Side=001 | Walk=0
Time=100125000 | Ped=0 | Highway=001 | Side=100 | Walk=0
Time=100185000 | Ped=0 | Highway=010 | Side=100 | Walk=0
Time=100215000 | Ped=0 | Highway=100 | Side=001 | Walk=0
Time=100275000 | Ped=0 | Highway=001 | Side=100 | Walk=0
Time=100335000 | Ped=0 | Highway=010 | Side=100 | Walk=0
Time=100365000 | Ped=0 | Highway=100 | Side=001 | Walk=0
Time=100425000 | Ped=0 | Highway=001 | Side=100 | Walk=0
Time=100485000 | Ped=0 | Highway=010 | Side=100 | Walk=0
Time=100515000 | Ped=0 | Highway=100 | Side=001 | Walk=0
Time=100575000 | Ped=0 | Highway=001 | Side=100 | Walk=0
Time=100635000 | Ped=0 | Highway=010 | Side=100 | Walk=0
Time=100665000 | Ped=0 | Highway=100 | Side=001 | Walk=0
Time=100725000 | Ped=0 | Highway=001 | Side=100 | Walk=0
Time=100785000 | Ped=0 | Highway=010 | Side=100 | Walk=0
Time=100815000 | Ped=0 | Highway=100 | Side=001 | Walk=0
Time=100875000 | Ped=0 | Highway=001 | Side=100 | Walk=0
Time=100935000 | Ped=0 | Highway=010 | Side=100 | Walk=0
Time=100965000 | Ped=0 | Highway=100 | Side=001 | Walk=0
Time=101025000 | Ped=0 | Highway=001 | Side=100 | Walk=0
Time=101085000 | Ped=0 | Highway=010 | Side=100 | Walk=0
Time=101115000 | Ped=0 | Highway=100 | Side=001 | Walk=0
Time=101175000 | Ped=0 | Highway=001 | Side=100 | Walk=0
Time=101235000 | Ped=0 | Highway=010 | Side=100 | Walk=0
Time=101265000 | Ped=0 | Highway=100 | Side=001 | Walk=0
Time=101325000 | Ped=0 | Highway=001 | Side=100 | Walk=0
Time=101385000 | Ped=0 | Highway=010 | Side=100 | Walk=0
Time=101415000 | Ped=0 | Highway=100 | Side=001 | Walk=0
Time=101475000 | Ped=0 | Highway=001 | Side=100 | Walk=0
Time=101535000 | Ped=0 | Highway=010 | Side=100 | Walk=0
Time=101565000 | Ped=0 | Highway=100 | Side=001 | Walk=0
Time=101625000 | Ped=0 | Highway=001 | Side=100 | Walk=0
Time=101685000 | Ped=0 | Highway=010 | Side=100 | Walk=0
Time=101715000 | Ped=0 | Highway=100 | Side=001 | Walk=0
Time=101775000 | Ped=0 | Highway=001 | Side=100 | Walk=0
Time=101835000 | Ped=0 | Highway=010 | Side=100 | Walk=0
Time=101865000 | Ped=0 | Highway=100 | Side=001 | Walk=0
Time=101925000 | Ped=0 | Highway=001 | Side=100 | Walk=0
Time=101985000 | Ped=0 | Highway=010 | Side=100 | Walk=0
Time=102015000 | Ped=0 | Highway=100 | Side=001 | Walk=0
Time=102075000 | Ped=0 | Highway=001 | Side=100 | Walk=0
Time=102135000 | Ped=0 | Highway=010 | Side=100 | Walk=0
Time=102165000 | Ped=0 | Highway=100 | Side=001 | Walk=0
Time=102225000 | Ped=0 | Highway=001 | Side=100 | Walk=0
Time=102285000 | Ped=0 | Highway=010 | Side=100 | Walk=0
Time=102315000 | Ped=0 | Highway=100 | Side=001 | Walk=0
Time=102375000 | Ped=0 | Highway=001 | Side=100 | Walk=0
Time=102435000 | Ped=0 | Highway=010 | Side=100 | Walk=0
Time=102465000 | Ped=0 | Highway=100 | Side=001 | Walk=0
Time=102525000 | Ped=0 | Highway=001 | Side=100 | Walk=0
Time=102585000 | Ped=0 | Highway=010 | Side=100 | Walk=0
Time=102615000 | Ped=0 | Highway=100 | Side=001 | Walk=0
Time=102675000 | Ped=0 | Highway=001 | Side=100 | Walk=0
Time=102735000 | Ped=0 | Highway=010 | Side=100 | Walk=0
Time=102765000 | Ped=0 | Highway=100 | Side=001 | Walk=0
Time=102825000 | Ped=0 | Highway=001 | Side=100 | Walk=0
Time=102885000 | Ped=0 | Highway=010 | Side=100 | Walk=0
Time=102915000 | Ped=0 | Highway=100 | Side=001 | Walk=0
Time=102975000 | Ped=0 | Highway=001 | Side=100 | Walk=0
Time=103035000 | Ped=0 | Highway=010 | Side=100 | Walk=0
Time=103065000 | Ped=0 | Highway=100 | Side=001 | Walk=0
Time=103125000 | Ped=0 | Highway=001 | Side=100 | Walk=0
Time=103185000 | Ped=0 | Highway=010 | Side=100 | Walk=0
Time=103215000 | Ped=0 | Highway=100 | Side=001 | Walk=0
Time=103275000 | Ped=0 | Highway=001 | Side=100 | Walk=0
Time=103335000 | Ped=0 | Highway=010 | Side=100 | Walk=0
Time=103365000 | Ped=0 | Highway=100 | Side=001 | Walk=0
Time=103425000 | Ped=0 | Highway=001 | Side=100 | Walk=0
Time=103485000 | Ped=0 | Highway=010 | Side=100 | Walk=0
Time=103515000 | Ped=0 | Highway=100 | Side=001 | Walk=0
Time=103575000 | Ped=0 | Highway=001 | Side=100 | Walk=0
Time=103635000 | Ped=0 | Highway=010 | Side=100 | Walk=0
Time=103665000 | Ped=0 | Highway=100 | Side=001 | Walk=0
Time=103725000 | Ped=0 | Highway=001 | Side=100 | Walk=0
Time=103785000 | Ped=0 | Highway=010 | Side=100 | Walk=0
Time=103815000 | Ped=0 | Highway=100 | Side=001 | Walk=0
Time=103875000 | Ped=0 | Highway=001 | Side=100 | Walk=0
Time=103935000 | Ped=0 | Highway=010 | Side=100 | Walk=0
Time=103965000 | Ped=0 | Highway=100 | Side=001 | Walk=0
Time=104025000 | Ped=0 | Highway=001 | Side=100 | Walk=0
Time=104085000 | Ped=0 | Highway=010 | Side=100 | Walk=0
Time=104115000 | Ped=0 | Highway=100 | Side=001 | Walk=0
Time=104175000 | Ped=0 | Highway=001 | Side=100 | Walk=0
Time=104235000 | Ped=0 | Highway=010 | Side=100 | Walk=0
Time=104265000 | Ped=0 | Highway=100 | Side=001 | Walk=0
Time=104325000 | Ped=0 | Highway=001 | Side=100 | Walk=0
Time=104385000 | Ped=0 | Highway=010 | Side=100 | Walk=0
Time=104415000 | Ped=0 | Highway=100 | Side=001 | Walk=0
Time=104475000 | Ped=0 | Highway=001 | Side=100 | Walk=0
Time=104535000 | Ped=0 | Highway=010 | Side=100 | Walk=0
Time=104565000 | Ped=0 | Highway=100 | Side=001 | Walk=0
Time=104625000 | Ped=0 | Highway=001 | Side=100 | Walk=0
Time=104685000 | Ped=0 | Highway=010 | Side=100 | Walk=0
Time=104715000 | Ped=0 | Highway=100 | Side=001 | Walk=0
Time=104775000 | Ped=0 | Highway=001 | Side=100 | Walk=0
Time=104835000 | Ped=0 | Highway=010 | Side=100 | Walk=0
Time=104865000 | Ped=0 | Highway=100 | Side=001 | Walk=0
Time=104925000 | Ped=0 | Highway=001 | Side=100 | Walk=0
Time=104985000 | Ped=0 | Highway=010 | Side=100 | Walk=0
Time=105015000 | Ped=0 | Highway=100 | Side=001 | Walk=0
Time=105075000 | Ped=0 | Highway=001 | Side=100 | Walk=0
Time=105135000 | Ped=0 | Highway=010 | Side=100 | Walk=0
Time=105165000 | Ped=0 | Highway=100 | Side=001 | Walk=0
Time=105225000 | Ped=0 | Highway=001 | Side=100 | Walk=0
Time=105285000 | Ped=0 | Highway=010 | Side=100 | Walk=0
Time=105315000 | Ped=0 | Highway=100 | Side=001 | Walk=0
Time=105375000 | Ped=0 | Highway=001 | Side=100 | Walk=0
Time=105435000 | Ped=0 | Highway=010 | Side=100 | Walk=0
Time=105465000 | Ped=0 | Highway=100 | Side=001 | Walk=0
Time=105525000 | Ped=0 | Highway=001 | Side=100 | Walk=0
Time=105585000 | Ped=0 | Highway=010 | Side=100 | Walk=0
Time=105615000 | Ped=0 | Highway=100 | Side=001 | Walk=0
Time=105675000 | Ped=0 | Highway=001 | Side=100 | Walk=0
Time=105735000 | Ped=0 | Highway=010 | Side=100 | Walk=0
Time=105765000 | Ped=0 | Highway=100 | Side=001 | Walk=0
Time=105825000 | Ped=0 | Highway=001 | Side=100 | Walk=0
Time=105885000 | Ped=0 | Highway=010 | Side=100 | Walk=0
Time=105915000 | Ped=0 | Highway=100 | Side=001 | Walk=0
Time=105975000 | Ped=0 | Highway=001 | Side=100 | Walk=0
Time=106035000 | Ped=0 | Highway=010 | Side=100 | Walk=0
Time=106065000 | Ped=0 | Highway=100 | Side=001 | Walk=0
Time=106125000 | Ped=0 | Highway=001 | Side=100 | Walk=0
Time=106185000 | Ped=0 | Highway=010 | Side=100 | Walk=0
Time=106215000 | Ped=0 | Highway=100 | Side=001 | Walk=0
Time=106275000 | Ped=0 | Highway=001 | Side=100 | Walk=0
Time=106335000 | Ped=0 | Highway=010 | Side=100 | Walk=0
Time=106365000 | Ped=0 | Highway=100 | Side=001 | Walk=0
Time=106425000 | Ped=0 | Highway=001 | Side=100 | Walk=0
Time=106485000 | Ped=0 | Highway=010 | Side=100 | Walk=0
Time=106515000 | Ped=0 | Highway=100 | Side=001 | Walk=0
Time=106575000 | Ped=0 | Highway=001 | Side=100 | Walk=0
Time=106635000 | Ped=0 | Highway=010 | Side=100 | Walk=0
Time=106665000 | Ped=0 | Highway=100 | Side=001 | Walk=0
Time=106725000 | Ped=0 | Highway=001 | Side=100 | Walk=0
Time=106785000 | Ped=0 | Highway=010 | Side=100 | Walk=0
Time=106815000 | Ped=0 | Highway=100 | Side=001 | Walk=0
Time=106875000 | Ped=0 | Highway=001 | Side=100 | Walk=0
Time=106935000 | Ped=0 | Highway=010 | Side=100 | Walk=0
Time=106965000 | Ped=0 | Highway=100 | Side=001 | Walk=0
Time=107025000 | Ped=0 | Highway=001 | Side=100 | Walk=0
Time=107085000 | Ped=0 | Highway=010 | Side=100 | Walk=0
Time=107115000 | Ped=0 | Highway=100 | Side=001 | Walk=0
Time=107175000 | Ped=0 | Highway=001 | Side=100 | Walk=0
Time=107235000 | Ped=0 | Highway=010 | Side=100 | Walk=0
Time=107265000 | Ped=0 | Highway=100 | Side=001 | Walk=0
Time=107325000 | Ped=0 | Highway=001 | Side=100 | Walk=0
Time=107385000 | Ped=0 | Highway=010 | Side=100 | Walk=0
Time=107415000 | Ped=0 | Highway=100 | Side=001 | Walk=0
Time=107475000 | Ped=0 | Highway=001 | Side=100 | Walk=0
Time=107535000 | Ped=0 | Highway=010 | Side=100 | Walk=0
Time=107565000 | Ped=0 | Highway=100 | Side=001 | Walk=0
Time=107625000 | Ped=0 | Highway=001 | Side=100 | Walk=0
Time=107685000 | Ped=0 | Highway=010 | Side=100 | Walk=0
Time=107715000 | Ped=0 | Highway=100 | Side=001 | Walk=0
Time=107775000 | Ped=0 | Highway=001 | Side=100 | Walk=0
Time=107835000 | Ped=0 | Highway=010 | Side=100 | Walk=0
Time=107865000 | Ped=0 | Highway=100 | Side=001 | Walk=0
Time=107925000 | Ped=0 | Highway=001 | Side=100 | Walk=0
Time=107985000 | Ped=0 | Highway=010 | Side=100 | Walk=0
Time=108015000 | Ped=0 | Highway=100 | Side=001 | Walk=0
Time=108075000 | Ped=0 | Highway=001 | Side=100 | Walk=0
Time=108135000 | Ped=0 | Highway=010 | Side=100 | Walk=0
Time=108165000 | Ped=0 | Highway=100 | Side=001 | Walk=0
Time=108225000 | Ped=0 | Highway=001 | Side=100 | Walk=0
Time=108285000 | Ped=0 | Highway=010 | Side=100 | Walk=0
Time=108315000 | Ped=0 | Highway=100 | Side=001 | Walk=0
Time=108375000 | Ped=0 | Highway=001 | Side=100 | Walk=0
Time=108435000 | Ped=0 | Highway=010 | Side=100 | Walk=0
Time=108465000 | Ped=0 | Highway=100 | Side=001 | Walk=0
Time=108525000 | Ped=0 | Highway=001 | Side=100 | Walk=0
Time=108585000 | Ped=0 | Highway=010 | Side=100 | Walk=0
Time=108615000 | Ped=0 | Highway=100 | Side=001 | Walk=0
Time=108675000 | Ped=0 | Highway=001 | Side=100 | Walk=0
Time=108735000 | Ped=0 | Highway=010 | Side=100 | Walk=0
Time=108765000 | Ped=0 | Highway=100 | Side=001 | Walk=0
Time=108825000 | Ped=0 | Highway=001 | Side=100 | Walk=0
Time=108885000 | Ped=0 | Highway=010 | Side=100 | Walk=0
Time=108915000 | Ped=0 | Highway=100 | Side=001 | Walk=0
Time=108975000 | Ped=0 | Highway=001 | Side=100 | Walk=0
Time=109035000 | Ped=0 | Highway=010 | Side=100 | Walk=0
Time=109065000 | Ped=0 | Highway=100 | Side=001 | Walk=0
Time=109125000 | Ped=0 | Highway=001 | Side=100 | Walk=0
Time=109185000 | Ped=0 | Highway=010 | Side=100 | Walk=0
Time=109215000 | Ped=0 | Highway=100 | Side=001 | Walk=0
Time=109275000 | Ped=0 | Highway=001 | Side=100 | Walk=0
Time=109335000 | Ped=0 | Highway=010 | Side=100 | Walk=0
Time=109365000 | Ped=0 | Highway=100 | Side=001 | Walk=0
Time=109425000 | Ped=0 | Highway=001 | Side=100 | Walk=0
Time=109485000 | Ped=0 | Highway=010 | Side=100 | Walk=0
Time=109515000 | Ped=0 | Highway=100 | Side=001 | Walk=0
Time=109575000 | Ped=0 | Highway=001 | Side=100 | Walk=0
Time=109635000 | Ped=0 | Highway=010 | Side=100 | Walk=0
Time=109665000 | Ped=0 | Highway=100 | Side=001 | Walk=0
Time=109725000 | Ped=0 | Highway=001 | Side=100 | Walk=0
Time=109785000 | Ped=0 | Highway=010 | Side=100 | Walk=0
Time=109815000 | Ped=0 | Highway=100 | Side=001 | Walk=0
Time=109875000 | Ped=0 | Highway=001 | Side=100 | Walk=0
Time=109935000 | Ped=0 | Highway=010 | Side=100 | Walk=0
Time=109965000 | Ped=0 | Highway=100 | Side=001 | Walk=0
Time=110025000 | Ped=0 | Highway=001 | Side=100 | Walk=0
Time=110085000 | Ped=0 | Highway=010 | Side=100 | Walk=0
Time=110115000 | Ped=0 | Highway=100 | Side=001 | Walk=0
Time=110175000 | Ped=0 | Highway=001 | Side=100 | Walk=0
Time=110235000 | Ped=0 | Highway=010 | Side=100 | Walk=0
Time=110265000 | Ped=0 | Highway=100 | Side=001 | Walk=0
Time=110325000 | Ped=0 | Highway=001 | Side=100 | Walk=0
Time=110385000 | Ped=0 | Highway=010 | Side=100 | Walk=0
Time=110415000 | Ped=0 | Highway=100 | Side=001 | Walk=0
Time=110475000 | Ped=0 | Highway=001 | Side=100 | Walk=0
Time=110535000 | Ped=0 | Highway=010 | Side=100 | Walk=0
Time=110565000 | Ped=0 | Highway=100 | Side=001 | Walk=0
Time=110625000 | Ped=0 | Highway=001 | Side=100 | Walk=0
Time=110685000 | Ped=0 | Highway=010 | Side=100 | Walk=0
Time=110715000 | Ped=0 | Highway=100 | Side=001 | Walk=0
Time=110775000 | Ped=0 | Highway=001 | Side=100 | Walk=0
Time=110835000 | Ped=0 | Highway=010 | Side=100 | Walk=0
Time=110865000 | Ped=0 | Highway=100 | Side=001 | Walk=0
Time=110925000 | Ped=0 | Highway=001 | Side=100 | Walk=0
Time=110985000 | Ped=0 | Highway=010 | Side=100 | Walk=0
Time=111015000 | Ped=0 | Highway=100 | Side=001 | Walk=0
Time=111075000 | Ped=0 | Highway=001 | Side=100 | Walk=0
Time=111135000 | Ped=0 | Highway=010 | Side=100 | Walk=0
Time=111165000 | Ped=0 | Highway=100 | Side=001 | Walk=0
Time=111225000 | Ped=0 | Highway=001 | Side=100 | Walk=0
Time=111285000 | Ped=0 | Highway=010 | Side=100 | Walk=0
Time=111315000 | Ped=0 | Highway=100 | Side=001 | Walk=0
Time=111375000 | Ped=0 | Highway=001 | Side=100 | Walk=0
Time=111435000 | Ped=0 | Highway=010 | Side=100 | Walk=0
Time=111465000 | Ped=0 | Highway=100 | Side=001 | Walk=0
Time=111525000 | Ped=0 | Highway=001 | Side=100 | Walk=0
Time=111585000 | Ped=0 | Highway=010 | Side=100 | Walk=0
Time=111615000 | Ped=0 | Highway=100 | Side=001 | Walk=0
Time=111675000 | Ped=0 | Highway=001 | Side=100 | Walk=0
Time=111735000 | Ped=0 | Highway=010 | Side=100 | Walk=0
Time=111765000 | Ped=0 | Highway=100 | Side=001 | Walk=0
Time=111825000 | Ped=0 | Highway=001 | Side=100 | Walk=0
Time=111885000 | Ped=0 | Highway=010 | Side=100 | Walk=0
Time=111915000 | Ped=0 | Highway=100 | Side=001 | Walk=0
Time=111975000 | Ped=0 | Highway=001 | Side=100 | Walk=0
Time=112035000 | Ped=0 | Highway=010 | Side=100 | Walk=0
Time=112065000 | Ped=0 | Highway=100 | Side=001 | Walk=0
Time=112125000 | Ped=0 | Highway=001 | Side=100 | Walk=0
Time=112185000 | Ped=0 | Highway=010 | Side=100 | Walk=0
Time=112215000 | Ped=0 | Highway=100 | Side=001 | Walk=0
Time=112275000 | Ped=0 | Highway=001 | Side=100 | Walk=0
Time=112335000 | Ped=0 | Highway=010 | Side=100 | Walk=0
Time=112365000 | Ped=0 | Highway=100 | Side=001 | Walk=0
Time=112425000 | Ped=0 | Highway=001 | Side=100 | Walk=0
Time=112485000 | Ped=0 | Highway=010 | Side=100 | Walk=0
Time=112515000 | Ped=0 | Highway=100 | Side=001 | Walk=0
Time=112575000 | Ped=0 | Highway=001 | Side=100 | Walk=0
Time=112635000 | Ped=0 | Highway=010 | Side=100 | Walk=0
Time=112665000 | Ped=0 | Highway=100 | Side=001 | Walk=0
Time=112725000 | Ped=0 | Highway=001 | Side=100 | Walk=0
Time=112785000 | Ped=0 | Highway=010 | Side=100 | Walk=0
Time=112815000 | Ped=0 | Highway=100 | Side=001 | Walk=0
Time=112875000 | Ped=0 | Highway=001 | Side=100 | Walk=0
Time=112935000 | Ped=0 | Highway=010 | Side=100 | Walk=0
Time=112965000 | Ped=0 | Highway=100 | Side=001 | Walk=0
Time=113025000 | Ped=0 | Highway=001 | Side=100 | Walk=0
Time=113085000 | Ped=0 | Highway=010 | Side=100 | Walk=0
Time=113115000 | Ped=0 | Highway=100 | Side=001 | Walk=0
Time=113175000 | Ped=0 | Highway=001 | Side=100 | Walk=0
Time=113235000 | Ped=0 | Highway=010 | Side=100 | Walk=0
Time=113265000 | Ped=0 | Highway=100 | Side=001 | Walk=0
Time=113325000 | Ped=0 | Highway=001 | Side=100 | Walk=0
Time=113385000 | Ped=0 | Highway=010 | Side=100 | Walk=0
Time=113415000 | Ped=0 | Highway=100 | Side=001 | Walk=0
Time=113475000 | Ped=0 | Highway=001 | Side=100 | Walk=0
Time=113535000 | Ped=0 | Highway=010 | Side=100 | Walk=0
Time=113565000 | Ped=0 | Highway=100 | Side=001 | Walk=0
Time=113625000 | Ped=0 | Highway=001 | Side=100 | Walk=0
Time=113685000 | Ped=0 | Highway=010 | Side=100 | Walk=0
Time=113715000 | Ped=0 | Highway=100 | Side=001 | Walk=0
Time=113775000 | Ped=0 | Highway=001 | Side=100 | Walk=0
Time=113835000 | Ped=0 | Highway=010 | Side=100 | Walk=0
Time=113865000 | Ped=0 | Highway=100 | Side=001 | Walk=0
Time=113925000 | Ped=0 | Highway=001 | Side=100 | Walk=0
Time=113985000 | Ped=0 | Highway=010 | Side=100 | Walk=0
Time=114015000 | Ped=0 | Highway=100 | Side=001 | Walk=0
Time=114075000 | Ped=0 | Highway=001 | Side=100 | Walk=0
Time=114135000 | Ped=0 | Highway=010 | Side=100 | Walk=0
Time=114165000 | Ped=0 | Highway=100 | Side=001 | Walk=0
Time=114225000 | Ped=0 | Highway=001 | Side=100 | Walk=0
Time=114285000 | Ped=0 | Highway=010 | Side=100 | Walk=0
Time=114315000 | Ped=0 | Highway=100 | Side=001 | Walk=0
Time=114375000 | Ped=0 | Highway=001 | Side=100 | Walk=0
Time=114435000 | Ped=0 | Highway=010 | Side=100 | Walk=0
Time=114465000 | Ped=0 | Highway=100 | Side=001 | Walk=0
Time=114525000 | Ped=0 | Highway=001 | Side=100 | Walk=0
Time=114585000 | Ped=0 | Highway=010 | Side=100 | Walk=0
Time=114615000 | Ped=0 | Highway=100 | Side=001 | Walk=0
Time=114675000 | Ped=0 | Highway=001 | Side=100 | Walk=0
Time=114735000 | Ped=0 | Highway=010 | Side=100 | Walk=0
Time=114765000 | Ped=0 | Highway=100 | Side=001 | Walk=0
Time=114825000 | Ped=0 | Highway=001 | Side=100 | Walk=0
Time=114885000 | Ped=0 | Highway=010 | Side=100 | Walk=0
Time=114915000 | Ped=0 | Highway=100 | Side=001 | Walk=0
Time=114975000 | Ped=0 | Highway=001 | Side=100 | Walk=0
Time=115035000 | Ped=0 | Highway=010 | Side=100 | Walk=0
Time=115065000 | Ped=0 | Highway=100 | Side=001 | Walk=0
Time=115125000 | Ped=0 | Highway=001 | Side=100 | Walk=0
Time=115185000 | Ped=0 | Highway=010 | Side=100 | Walk=0
Time=115215000 | Ped=0 | Highway=100 | Side=001 | Walk=0
Time=115275000 | Ped=0 | Highway=001 | Side=100 | Walk=0
Time=115335000 | Ped=0 | Highway=010 | Side=100 | Walk=0
Time=115365000 | Ped=0 | Highway=100 | Side=001 | Walk=0
Time=115425000 | Ped=0 | Highway=001 | Side=100 | Walk=0
Time=115485000 | Ped=0 | Highway=010 | Side=100 | Walk=0
Time=115515000 | Ped=0 | Highway=100 | Side=001 | Walk=0
Time=115575000 | Ped=0 | Highway=001 | Side=100 | Walk=0
Time=115635000 | Ped=0 | Highway=010 | Side=100 | Walk=0
Time=115665000 | Ped=0 | Highway=100 | Side=001 | Walk=0
Time=115725000 | Ped=0 | Highway=001 | Side=100 | Walk=0
Time=115785000 | Ped=0 | Highway=010 | Side=100 | Walk=0
Time=115815000 | Ped=0 | Highway=100 | Side=001 | Walk=0
Time=115875000 | Ped=0 | Highway=001 | Side=100 | Walk=0
Time=115935000 | Ped=0 | Highway=010 | Side=100 | Walk=0
Time=115965000 | Ped=0 | Highway=100 | Side=001 | Walk=0
Time=116025000 | Ped=0 | Highway=001 | Side=100 | Walk=0
Time=116085000 | Ped=0 | Highway=010 | Side=100 | Walk=0
Time=116115000 | Ped=0 | Highway=100 | Side=001 | Walk=0
Time=116175000 | Ped=0 | Highway=001 | Side=100 | Walk=0
Time=116235000 | Ped=0 | Highway=010 | Side=100 | Walk=0
Time=116265000 | Ped=0 | Highway=100 | Side=001 | Walk=0
Time=116325000 | Ped=0 | Highway=001 | Side=100 | Walk=0
Time=116385000 | Ped=0 | Highway=010 | Side=100 | Walk=0
Time=116415000 | Ped=0 | Highway=100 | Side=001 | Walk=0
Time=116475000 | Ped=0 | Highway=001 | Side=100 | Walk=0
Time=116535000 | Ped=0 | Highway=010 | Side=100 | Walk=0
Time=116565000 | Ped=0 | Highway=100 | Side=001 | Walk=0
Time=116625000 | Ped=0 | Highway=001 | Side=100 | Walk=0
Time=116685000 | Ped=0 | Highway=010 | Side=100 | Walk=0
Time=116715000 | Ped=0 | Highway=100 | Side=001 | Walk=0
Time=116775000 | Ped=0 | Highway=001 | Side=100 | Walk=0
Time=116835000 | Ped=0 | Highway=010 | Side=100 | Walk=0
Time=116865000 | Ped=0 | Highway=100 | Side=001 | Walk=0
Time=116925000 | Ped=0 | Highway=001 | Side=100 | Walk=0
Time=116985000 | Ped=0 | Highway=010 | Side=100 | Walk=0
Time=117015000 | Ped=0 | Highway=100 | Side=001 | Walk=0
Time=117075000 | Ped=0 | Highway=001 | Side=100 | Walk=0
Time=117135000 | Ped=0 | Highway=010 | Side=100 | Walk=0
Time=117165000 | Ped=0 | Highway=100 | Side=001 | Walk=0
Time=117225000 | Ped=0 | Highway=001 | Side=100 | Walk=0
Time=117285000 | Ped=0 | Highway=010 | Side=100 | Walk=0
Time=117315000 | Ped=0 | Highway=100 | Side=001 | Walk=0
Time=117375000 | Ped=0 | Highway=001 | Side=100 | Walk=0
Time=117435000 | Ped=0 | Highway=010 | Side=100 | Walk=0
Time=117465000 | Ped=0 | Highway=100 | Side=001 | Walk=0
Time=117525000 | Ped=0 | Highway=001 | Side=100 | Walk=0
Time=117585000 | Ped=0 | Highway=010 | Side=100 | Walk=0
Time=117615000 | Ped=0 | Highway=100 | Side=001 | Walk=0
Time=117675000 | Ped=0 | Highway=001 | Side=100 | Walk=0
Time=117735000 | Ped=0 | Highway=010 | Side=100 | Walk=0
Time=117765000 | Ped=0 | Highway=100 | Side=001 | Walk=0
Time=117825000 | Ped=0 | Highway=001 | Side=100 | Walk=0
Time=117885000 | Ped=0 | Highway=010 | Side=100 | Walk=0
Time=117915000 | Ped=0 | Highway=100 | Side=001 | Walk=0
Time=117975000 | Ped=0 | Highway=001 | Side=100 | Walk=0
Time=118035000 | Ped=0 | Highway=010 | Side=100 | Walk=0
Time=118065000 | Ped=0 | Highway=100 | Side=001 | Walk=0
Time=118125000 | Ped=0 | Highway=001 | Side=100 | Walk=0
Time=118185000 | Ped=0 | Highway=010 | Side=100 | Walk=0
Time=118215000 | Ped=0 | Highway=100 | Side=001 | Walk=0
Time=118275000 | Ped=0 | Highway=001 | Side=100 | Walk=0
Time=118335000 | Ped=0 | Highway=010 | Side=100 | Walk=0
Time=118365000 | Ped=0 | Highway=100 | Side=001 | Walk=0
Time=118425000 | Ped=0 | Highway=001 | Side=100 | Walk=0
Time=118485000 | Ped=0 | Highway=010 | Side=100 | Walk=0
Time=118515000 | Ped=0 | Highway=100 | Side=001 | Walk=0
Time=118575000 | Ped=0 | Highway=001 | Side=100 | Walk=0
Time=118635000 | Ped=0 | Highway=010 | Side=100 | Walk=0
Time=118665000 | Ped=0 | Highway=100 | Side=001 | Walk=0
Time=118725000 | Ped=0 | Highway=001 | Side=100 | Walk=0
Time=118785000 | Ped=0 | Highway=010 | Side=100 | Walk=0
Time=118815000 | Ped=0 | Highway=100 | Side=001 | Walk=0
Time=118875000 | Ped=0 | Highway=001 | Side=100 | Walk=0
Time=118935000 | Ped=0 | Highway=010 | Side=100 | Walk=0
Time=118965000 | Ped=0 | Highway=100 | Side=001 | Walk=0
Time=119025000 | Ped=0 | Highway=001 | Side=100 | Walk=0
Time=119085000 | Ped=0 | Highway=010 | Side=100 | Walk=0
Time=119115000 | Ped=0 | Highway=100 | Side=001 | Walk=0
Time=119175000 | Ped=0 | Highway=001 | Side=100 | Walk=0
Time=119235000 | Ped=0 | Highway=010 | Side=100 | Walk=0
Time=119265000 | Ped=0 | Highway=100 | Side=001 | Walk=0
Time=119325000 | Ped=0 | Highway=001 | Side=100 | Walk=0
Time=119385000 | Ped=0 | Highway=010 | Side=100 | Walk=0
Time=119415000 | Ped=0 | Highway=100 | Side=001 | Walk=0
Time=119475000 | Ped=0 | Highway=001 | Side=100 | Walk=0
Time=119535000 | Ped=0 | Highway=010 | Side=100 | Walk=0
Time=119565000 | Ped=0 | Highway=100 | Side=001 | Walk=0
Time=119625000 | Ped=0 | Highway=001 | Side=100 | Walk=0
Time=119685000 | Ped=0 | Highway=010 | Side=100 | Walk=0
Time=119715000 | Ped=0 | Highway=100 | Side=001 | Walk=0
Time=119775000 | Ped=0 | Highway=001 | Side=100 | Walk=0
Time=119835000 | Ped=0 | Highway=010 | Side=100 | Walk=0
Time=119865000 | Ped=0 | Highway=100 | Side=001 | Walk=0
Time=119925000 | Ped=0 | Highway=001 | Side=100 | Walk=0
Time=119985000 | Ped=0 | Highway=010 | Side=100 | Walk=0
Time=120015000 | Ped=0 | Highway=100 | Side=001 | Walk=0
Time=120075000 | Ped=0 | Highway=001 | Side=100 | Walk=0
Time=120135000 | Ped=0 | Highway=010 | Side=100 | Walk=0
Time=120165000 | Ped=0 | Highway=100 | Side=001 | Walk=0
Time=120225000 | Ped=0 | Highway=001 | Side=100 | Walk=0
Time=120285000 | Ped=0 | Highway=010 | Side=100 | Walk=0
Time=120315000 | Ped=0 | Highway=100 | Side=001 | Walk=0
Time=120375000 | Ped=0 | Highway=001 | Side=100 | Walk=0
Time=120435000 | Ped=0 | Highway=010 | Side=100 | Walk=0
Time=120465000 | Ped=0 | Highway=100 | Side=001 | Walk=0
Time=120525000 | Ped=0 | Highway=001 | Side=100 | Walk=0
Time=120585000 | Ped=0 | Highway=010 | Side=100 | Walk=0
Time=120615000 | Ped=0 | Highway=100 | Side=001 | Walk=0
Time=120675000 | Ped=0 | Highway=001 | Side=100 | Walk=0
Time=120735000 | Ped=0 | Highway=010 | Side=100 | Walk=0
Time=120765000 | Ped=0 | Highway=100 | Side=001 | Walk=0
Time=120825000 | Ped=0 | Highway=001 | Side=100 | Walk=0
Time=120885000 | Ped=0 | Highway=010 | Side=100 | Walk=0
Time=120915000 | Ped=0 | Highway=100 | Side=001 | Walk=0
Time=120975000 | Ped=0 | Highway=001 | Side=100 | Walk=0
Time=121035000 | Ped=0 | Highway=010 | Side=100 | Walk=0
Time=121065000 | Ped=0 | Highway=100 | Side=001 | Walk=0
Time=121125000 | Ped=0 | Highway=001 | Side=100 | Walk=0
Time=121185000 | Ped=0 | Highway=010 | Side=100 | Walk=0
Time=121215000 | Ped=0 | Highway=100 | Side=001 | Walk=0
Time=121275000 | Ped=0 | Highway=001 | Side=100 | Walk=0
Time=121335000 | Ped=0 | Highway=010 | Side=100 | Walk=0
Time=121365000 | Ped=0 | Highway=100 | Side=001 | Walk=0
Time=121425000 | Ped=0 | Highway=001 | Side=100 | Walk=0
Time=121485000 | Ped=0 | Highway=010 | Side=100 | Walk=0
Time=121515000 | Ped=0 | Highway=100 | Side=001 | Walk=0
Time=121575000 | Ped=0 | Highway=001 | Side=100 | Walk=0
Time=121635000 | Ped=0 | Highway=010 | Side=100 | Walk=0
Time=121665000 | Ped=0 | Highway=100 | Side=001 | Walk=0
Time=121725000 | Ped=0 | Highway=001 | Side=100 | Walk=0
Time=121785000 | Ped=0 | Highway=010 | Side=100 | Walk=0
Time=121815000 | Ped=0 | Highway=100 | Side=001 | Walk=0
Time=121875000 | Ped=0 | Highway=001 | Side=100 | Walk=0
Time=121935000 | Ped=0 | Highway=010 | Side=100 | Walk=0
Time=121965000 | Ped=0 | Highway=100 | Side=001 | Walk=0
Time=122025000 | Ped=0 | Highway=001 | Side=100 | Walk=0
Time=122085000 | Ped=0 | Highway=010 | Side=100 | Walk=0
Time=122115000 | Ped=0 | Highway=100 | Side=001 | Walk=0
Time=122175000 | Ped=0 | Highway=001 | Side=100 | Walk=0
Time=122235000 | Ped=0 | Highway=010 | Side=100 | Walk=0
Time=122265000 | Ped=0 | Highway=100 | Side=001 | Walk=0
Time=122325000 | Ped=0 | Highway=001 | Side=100 | Walk=0
Time=122385000 | Ped=0 | Highway=010 | Side=100 | Walk=0
Time=122415000 | Ped=0 | Highway=100 | Side=001 | Walk=0
Time=122475000 | Ped=0 | Highway=001 | Side=100 | Walk=0
Time=122535000 | Ped=0 | Highway=010 | Side=100 | Walk=0
Time=122565000 | Ped=0 | Highway=100 | Side=001 | Walk=0
Time=122625000 | Ped=0 | Highway=001 | Side=100 | Walk=0
Time=122685000 | Ped=0 | Highway=010 | Side=100 | Walk=0
Time=122715000 | Ped=0 | Highway=100 | Side=001 | Walk=0
Time=122775000 | Ped=0 | Highway=001 | Side=100 | Walk=0
Time=122835000 | Ped=0 | Highway=010 | Side=100 | Walk=0
Time=122865000 | Ped=0 | Highway=100 | Side=001 | Walk=0
Time=122925000 | Ped=0 | Highway=001 | Side=100 | Walk=0
Time=122985000 | Ped=0 | Highway=010 | Side=100 | Walk=0
Time=123015000 | Ped=0 | Highway=100 | Side=001 | Walk=0
Time=123075000 | Ped=0 | Highway=001 | Side=100 | Walk=0
Time=123135000 | Ped=0 | Highway=010 | Side=100 | Walk=0
Time=123165000 | Ped=0 | Highway=100 | Side=001 | Walk=0
Time=123225000 | Ped=0 | Highway=001 | Side=100 | Walk=0
Time=123285000 | Ped=0 | Highway=010 | Side=100 | Walk=0
Time=123315000 | Ped=0 | Highway=100 | Side=001 | Walk=0
Time=123375000 | Ped=0 | Highway=001 | Side=100 | Walk=0
Time=123435000 | Ped=0 | Highway=010 | Side=100 | Walk=0
Time=123465000 | Ped=0 | Highway=100 | Side=001 | Walk=0
Time=123525000 | Ped=0 | Highway=001 | Side=100 | Walk=0
Time=123585000 | Ped=0 | Highway=010 | Side=100 | Walk=0
Time=123615000 | Ped=0 | Highway=100 | Side=001 | Walk=0
Time=123675000 | Ped=0 | Highway=001 | Side=100 | Walk=0
Time=123735000 | Ped=0 | Highway=010 | Side=100 | Walk=0
Time=123765000 | Ped=0 | Highway=100 | Side=001 | Walk=0
Time=123825000 | Ped=0 | Highway=001 | Side=100 | Walk=0
Time=123885000 | Ped=0 | Highway=010 | Side=100 | Walk=0
Time=123915000 | Ped=0 | Highway=100 | Side=001 | Walk=0
Time=123975000 | Ped=0 | Highway=001 | Side=100 | Walk=0
Time=124035000 | Ped=0 | Highway=010 | Side=100 | Walk=0
Time=124065000 | Ped=0 | Highway=100 | Side=001 | Walk=0
Time=124125000 | Ped=0 | Highway=001 | Side=100 | Walk=0
Time=124185000 | Ped=0 | Highway=010 | Side=100 | Walk=0
Time=124215000 | Ped=0 | Highway=100 | Side=001 | Walk=0
Time=124275000 | Ped=0 | Highway=001 | Side=100 | Walk=0
Time=124335000 | Ped=0 | Highway=010 | Side=100 | Walk=0
Time=124365000 | Ped=0 | Highway=100 | Side=001 | Walk=0
Time=124425000 | Ped=0 | Highway=001 | Side=100 | Walk=0
Time=124485000 | Ped=0 | Highway=010 | Side=100 | Walk=0
Time=124515000 | Ped=0 | Highway=100 | Side=001 | Walk=0
Time=124575000 | Ped=0 | Highway=001 | Side=100 | Walk=0
Time=124635000 | Ped=0 | Highway=010 | Side=100 | Walk=0
Time=124665000 | Ped=0 | Highway=100 | Side=001 | Walk=0
Time=124725000 | Ped=0 | Highway=001 | Side=100 | Walk=0
Time=124785000 | Ped=0 | Highway=010 | Side=100 | Walk=0
Time=124815000 | Ped=0 | Highway=100 | Side=001 | Walk=0
Time=124875000 | Ped=0 | Highway=001 | Side=100 | Walk=0
Time=124935000 | Ped=0 | Highway=010 | Side=100 | Walk=0
Time=124965000 | Ped=0 | Highway=100 | Side=001 | Walk=0
Time=125025000 | Ped=0 | Highway=001 | Side=100 | Walk=0
Time=125085000 | Ped=0 | Highway=010 | Side=100 | Walk=0
Time=125115000 | Ped=0 | Highway=100 | Side=001 | Walk=0
Time=125175000 | Ped=0 | Highway=001 | Side=100 | Walk=0
Time=125235000 | Ped=0 | Highway=010 | Side=100 | Walk=0
Time=125265000 | Ped=0 | Highway=100 | Side=001 | Walk=0
Time=125325000 | Ped=0 | Highway=001 | Side=100 | Walk=0
Time=125385000 | Ped=0 | Highway=010 | Side=100 | Walk=0
Time=125415000 | Ped=0 | Highway=100 | Side=001 | Walk=0
Time=125475000 | Ped=0 | Highway=001 | Side=100 | Walk=0
Time=125535000 | Ped=0 | Highway=010 | Side=100 | Walk=0
Time=125565000 | Ped=0 | Highway=100 | Side=001 | Walk=0
Time=125625000 | Ped=0 | Highway=001 | Side=100 | Walk=0
Time=125685000 | Ped=0 | Highway=010 | Side=100 | Walk=0
Time=125715000 | Ped=0 | Highway=100 | Side=001 | Walk=0
Time=125775000 | Ped=0 | Highway=001 | Side=100 | Walk=0
Time=125835000 | Ped=0 | Highway=010 | Side=100 | Walk=0
Time=125865000 | Ped=0 | Highway=100 | Side=001 | Walk=0
Time=125925000 | Ped=0 | Highway=001 | Side=100 | Walk=0
Time=125985000 | Ped=0 | Highway=010 | Side=100 | Walk=0
Time=126015000 | Ped=0 | Highway=100 | Side=001 | Walk=0
Time=126075000 | Ped=0 | Highway=001 | Side=100 | Walk=0
Time=126135000 | Ped=0 | Highway=010 | Side=100 | Walk=0
Time=126165000 | Ped=0 | Highway=100 | Side=001 | Walk=0
Time=126225000 | Ped=0 | Highway=001 | Side=100 | Walk=0
Time=126285000 | Ped=0 | Highway=010 | Side=100 | Walk=0
Time=126315000 | Ped=0 | Highway=100 | Side=001 | Walk=0
Time=126375000 | Ped=0 | Highway=001 | Side=100 | Walk=0
Time=126435000 | Ped=0 | Highway=010 | Side=100 | Walk=0
Time=126465000 | Ped=0 | Highway=100 | Side=001 | Walk=0
Time=126525000 | Ped=0 | Highway=001 | Side=100 | Walk=0
Time=126585000 | Ped=0 | Highway=010 | Side=100 | Walk=0
Time=126615000 | Ped=0 | Highway=100 | Side=001 | Walk=0
Time=126675000 | Ped=0 | Highway=001 | Side=100 | Walk=0
Time=126735000 | Ped=0 | Highway=010 | Side=100 | Walk=0
Time=126765000 | Ped=0 | Highway=100 | Side=001 | Walk=0
Time=126825000 | Ped=0 | Highway=001 | Side=100 | Walk=0
Time=126885000 | Ped=0 | Highway=010 | Side=100 | Walk=0
Time=126915000 | Ped=0 | Highway=100 | Side=001 | Walk=0
Time=126975000 | Ped=0 | Highway=001 | Side=100 | Walk=0
Time=127035000 | Ped=0 | Highway=010 | Side=100 | Walk=0
Time=127065000 | Ped=0 | Highway=100 | Side=001 | Walk=0
Time=127125000 | Ped=0 | Highway=001 | Side=100 | Walk=0
Time=127185000 | Ped=0 | Highway=010 | Side=100 | Walk=0
Time=127215000 | Ped=0 | Highway=100 | Side=001 | Walk=0
Time=127275000 | Ped=0 | Highway=001 | Side=100 | Walk=0
Time=127335000 | Ped=0 | Highway=010 | Side=100 | Walk=0
Time=127365000 | Ped=0 | Highway=100 | Side=001 | Walk=0
Time=127425000 | Ped=0 | Highway=001 | Side=100 | Walk=0
Time=127485000 | Ped=0 | Highway=010 | Side=100 | Walk=0
Time=127515000 | Ped=0 | Highway=100 | Side=001 | Walk=0
Time=127575000 | Ped=0 | Highway=001 | Side=100 | Walk=0
Time=127635000 | Ped=0 | Highway=010 | Side=100 | Walk=0
Time=127665000 | Ped=0 | Highway=100 | Side=001 | Walk=0
Time=127725000 | Ped=0 | Highway=001 | Side=100 | Walk=0
Time=127785000 | Ped=0 | Highway=010 | Side=100 | Walk=0
Time=127815000 | Ped=0 | Highway=100 | Side=001 | Walk=0
Time=127875000 | Ped=0 | Highway=001 | Side=100 | Walk=0
Time=127935000 | Ped=0 | Highway=010 | Side=100 | Walk=0
Time=127965000 | Ped=0 | Highway=100 | Side=001 | Walk=0
Time=128025000 | Ped=0 | Highway=001 | Side=100 | Walk=0
Time=128085000 | Ped=0 | Highway=010 | Side=100 | Walk=0
Time=128115000 | Ped=0 | Highway=100 | Side=001 | Walk=0
Time=128175000 | Ped=0 | Highway=001 | Side=100 | Walk=0
Time=128235000 | Ped=0 | Highway=010 | Side=100 | Walk=0
Time=128265000 | Ped=0 | Highway=100 | Side=001 | Walk=0
Time=128325000 | Ped=0 | Highway=001 | Side=100 | Walk=0
Time=128385000 | Ped=0 | Highway=010 | Side=100 | Walk=0
Time=128415000 | Ped=0 | Highway=100 | Side=001 | Walk=0
Time=128475000 | Ped=0 | Highway=001 | Side=100 | Walk=0
Time=128535000 | Ped=0 | Highway=010 | Side=100 | Walk=0
Time=128565000 | Ped=0 | Highway=100 | Side=001 | Walk=0
Time=128625000 | Ped=0 | Highway=001 | Side=100 | Walk=0
Time=128685000 | Ped=0 | Highway=010 | Side=100 | Walk=0
Time=128715000 | Ped=0 | Highway=100 | Side=001 | Walk=0
Time=128775000 | Ped=0 | Highway=001 | Side=100 | Walk=0
Time=128835000 | Ped=0 | Highway=010 | Side=100 | Walk=0
Time=128865000 | Ped=0 | Highway=100 | Side=001 | Walk=0
Time=128925000 | Ped=0 | Highway=001 | Side=100 | Walk=0
Time=128985000 | Ped=0 | Highway=010 | Side=100 | Walk=0
Time=129015000 | Ped=0 | Highway=100 | Side=001 | Walk=0
Time=129075000 | Ped=0 | Highway=001 | Side=100 | Walk=0
Time=129135000 | Ped=0 | Highway=010 | Side=100 | Walk=0
Time=129165000 | Ped=0 | Highway=100 | Side=001 | Walk=0
Time=129225000 | Ped=0 | Highway=001 | Side=100 | Walk=0
Time=129285000 | Ped=0 | Highway=010 | Side=100 | Walk=0
Time=129315000 | Ped=0 | Highway=100 | Side=001 | Walk=0
Time=129375000 | Ped=0 | Highway=001 | Side=100 | Walk=0
Time=129435000 | Ped=0 | Highway=010 | Side=100 | Walk=0
Time=129465000 | Ped=0 | Highway=100 | Side=001 | Walk=0
Time=129525000 | Ped=0 | Highway=001 | Side=100 | Walk=0
Time=129585000 | Ped=0 | Highway=010 | Side=100 | Walk=0
Time=129615000 | Ped=0 | Highway=100 | Side=001 | Walk=0
Time=129675000 | Ped=0 | Highway=001 | Side=100 | Walk=0
Time=129735000 | Ped=0 | Highway=010 | Side=100 | Walk=0
Time=129765000 | Ped=0 | Highway=100 | Side=001 | Walk=0
Time=129825000 | Ped=0 | Highway=001 | Side=100 | Walk=0
Time=129885000 | Ped=0 | Highway=010 | Side=100 | Walk=0
Time=129915000 | Ped=0 | Highway=100 | Side=001 | Walk=0
Time=129975000 | Ped=0 | Highway=001 | Side=100 | Walk=0
Time=130035000 | Ped=0 | Highway=010 | Side=100 | Walk=0
Time=130065000 | Ped=0 | Highway=100 | Side=001 | Walk=0
Time=130125000 | Ped=0 | Highway=001 | Side=100 | Walk=0
Time=130185000 | Ped=0 | Highway=010 | Side=100 | Walk=0
Time=130215000 | Ped=0 | Highway=100 | Side=001 | Walk=0
Time=130275000 | Ped=0 | Highway=001 | Side=100 | Walk=0
Time=130335000 | Ped=0 | Highway=010 | Side=100 | Walk=0
Time=130365000 | Ped=0 | Highway=100 | Side=001 | Walk=0
Time=130425000 | Ped=0 | Highway=001 | Side=100 | Walk=0
Time=130485000 | Ped=0 | Highway=010 | Side=100 | Walk=0
Time=130515000 | Ped=0 | Highway=100 | Side=001 | Walk=0
Time=130575000 | Ped=0 | Highway=001 | Side=100 | Walk=0
Time=130635000 | Ped=0 | Highway=010 | Side=100 | Walk=0
Time=130665000 | Ped=0 | Highway=100 | Side=001 | Walk=0
Time=130725000 | Ped=0 | Highway=001 | Side=100 | Walk=0
Time=130785000 | Ped=0 | Highway=010 | Side=100 | Walk=0
Time=130815000 | Ped=0 | Highway=100 | Side=001 | Walk=0
Time=130875000 | Ped=0 | Highway=001 | Side=100 | Walk=0
Time=130935000 | Ped=0 | Highway=010 | Side=100 | Walk=0
Time=130965000 | Ped=0 | Highway=100 | Side=001 | Walk=0
Time=131025000 | Ped=0 | Highway=001 | Side=100 | Walk=0
Time=131085000 | Ped=0 | Highway=010 | Side=100 | Walk=0
Time=131115000 | Ped=0 | Highway=100 | Side=001 | Walk=0
Time=131175000 | Ped=0 | Highway=001 | Side=100 | Walk=0
Time=131235000 | Ped=0 | Highway=010 | Side=100 | Walk=0
Time=131265000 | Ped=0 | Highway=100 | Side=001 | Walk=0
Time=131325000 | Ped=0 | Highway=001 | Side=100 | Walk=0
Time=131385000 | Ped=0 | Highway=010 | Side=100 | Walk=0
Time=131415000 | Ped=0 | Highway=100 | Side=001 | Walk=0
Time=131475000 | Ped=0 | Highway=001 | Side=100 | Walk=0
Time=131535000 | Ped=0 | Highway=010 | Side=100 | Walk=0
Time=131565000 | Ped=0 | Highway=100 | Side=001 | Walk=0
Time=131625000 | Ped=0 | Highway=001 | Side=100 | Walk=0
Time=131685000 | Ped=0 | Highway=010 | Side=100 | Walk=0
Time=131715000 | Ped=0 | Highway=100 | Side=001 | Walk=0
Time=131775000 | Ped=0 | Highway=001 | Side=100 | Walk=0
Time=131835000 | Ped=0 | Highway=010 | Side=100 | Walk=0
Time=131865000 | Ped=0 | Highway=100 | Side=001 | Walk=0
Time=131925000 | Ped=0 | Highway=001 | Side=100 | Walk=0
Time=131985000 | Ped=0 | Highway=010 | Side=100 | Walk=0
Time=132015000 | Ped=0 | Highway=100 | Side=001 | Walk=0
Time=132075000 | Ped=0 | Highway=001 | Side=100 | Walk=0
Time=132135000 | Ped=0 | Highway=010 | Side=100 | Walk=0
Time=132165000 | Ped=0 | Highway=100 | Side=001 | Walk=0
Time=132225000 | Ped=0 | Highway=001 | Side=100 | Walk=0
Time=132285000 | Ped=0 | Highway=010 | Side=100 | Walk=0
Time=132315000 | Ped=0 | Highway=100 | Side=001 | Walk=0
Time=132375000 | Ped=0 | Highway=001 | Side=100 | Walk=0
Time=132435000 | Ped=0 | Highway=010 | Side=100 | Walk=0
Time=132465000 | Ped=0 | Highway=100 | Side=001 | Walk=0
Time=132525000 | Ped=0 | Highway=001 | Side=100 | Walk=0
Time=132585000 | Ped=0 | Highway=010 | Side=100 | Walk=0
Time=132615000 | Ped=0 | Highway=100 | Side=001 | Walk=0
Time=132675000 | Ped=0 | Highway=001 | Side=100 | Walk=0
Time=132735000 | Ped=0 | Highway=010 | Side=100 | Walk=0
Time=132765000 | Ped=0 | Highway=100 | Side=001 | Walk=0
Time=132825000 | Ped=0 | Highway=001 | Side=100 | Walk=0
Time=132885000 | Ped=0 | Highway=010 | Side=100 | Walk=0
Time=132915000 | Ped=0 | Highway=100 | Side=001 | Walk=0
Time=132975000 | Ped=0 | Highway=001 | Side=100 | Walk=0
Time=133035000 | Ped=0 | Highway=010 | Side=100 | Walk=0
Time=133065000 | Ped=0 | Highway=100 | Side=001 | Walk=0
Time=133125000 | Ped=0 | Highway=001 | Side=100 | Walk=0
Time=133185000 | Ped=0 | Highway=010 | Side=100 | Walk=0
Time=133215000 | Ped=0 | Highway=100 | Side=001 | Walk=0
Time=133275000 | Ped=0 | Highway=001 | Side=100 | Walk=0
Time=133335000 | Ped=0 | Highway=010 | Side=100 | Walk=0
Time=133365000 | Ped=0 | Highway=100 | Side=001 | Walk=0
Time=133425000 | Ped=0 | Highway=001 | Side=100 | Walk=0
Time=133485000 | Ped=0 | Highway=010 | Side=100 | Walk=0
Time=133515000 | Ped=0 | Highway=100 | Side=001 | Walk=0
Time=133575000 | Ped=0 | Highway=001 | Side=100 | Walk=0
Time=133635000 | Ped=0 | Highway=010 | Side=100 | Walk=0
Time=133665000 | Ped=0 | Highway=100 | Side=001 | Walk=0
Time=133725000 | Ped=0 | Highway=001 | Side=100 | Walk=0
Time=133785000 | Ped=0 | Highway=010 | Side=100 | Walk=0
Time=133815000 | Ped=0 | Highway=100 | Side=001 | Walk=0
Time=133875000 | Ped=0 | Highway=001 | Side=100 | Walk=0
Time=133935000 | Ped=0 | Highway=010 | Side=100 | Walk=0
Time=133965000 | Ped=0 | Highway=100 | Side=001 | Walk=0
Time=134025000 | Ped=0 | Highway=001 | Side=100 | Walk=0
Time=134085000 | Ped=0 | Highway=010 | Side=100 | Walk=0
Time=134115000 | Ped=0 | Highway=100 | Side=001 | Walk=0
Time=134175000 | Ped=0 | Highway=001 | Side=100 | Walk=0
Time=134235000 | Ped=0 | Highway=010 | Side=100 | Walk=0
Time=134265000 | Ped=0 | Highway=100 | Side=001 | Walk=0
Time=134325000 | Ped=0 | Highway=001 | Side=100 | Walk=0
Time=134385000 | Ped=0 | Highway=010 | Side=100 | Walk=0
Time=134415000 | Ped=0 | Highway=100 | Side=001 | Walk=0
Time=134475000 | Ped=0 | Highway=001 | Side=100 | Walk=0
Time=134535000 | Ped=0 | Highway=010 | Side=100 | Walk=0
Time=134565000 | Ped=0 | Highway=100 | Side=001 | Walk=0
Time=134625000 | Ped=0 | Highway=001 | Side=100 | Walk=0
Time=134685000 | Ped=0 | Highway=010 | Side=100 | Walk=0
Time=134715000 | Ped=0 | Highway=100 | Side=001 | Walk=0
Time=134775000 | Ped=0 | Highway=001 | Side=100 | Walk=0
Time=134835000 | Ped=0 | Highway=010 | Side=100 | Walk=0
Time=134865000 | Ped=0 | Highway=100 | Side=001 | Walk=0
Time=134925000 | Ped=0 | Highway=001 | Side=100 | Walk=0
Time=134985000 | Ped=0 | Highway=010 | Side=100 | Walk=0
Time=135015000 | Ped=0 | Highway=100 | Side=001 | Walk=0
Time=135075000 | Ped=0 | Highway=001 | Side=100 | Walk=0
Time=135135000 | Ped=0 | Highway=010 | Side=100 | Walk=0
Time=135165000 | Ped=0 | Highway=100 | Side=001 | Walk=0
Time=135225000 | Ped=0 | Highway=001 | Side=100 | Walk=0
Time=135285000 | Ped=0 | Highway=010 | Side=100 | Walk=0
Time=135315000 | Ped=0 | Highway=100 | Side=001 | Walk=0
Time=135375000 | Ped=0 | Highway=001 | Side=100 | Walk=0
Time=135435000 | Ped=0 | Highway=010 | Side=100 | Walk=0
Time=135465000 | Ped=0 | Highway=100 | Side=001 | Walk=0
Time=135525000 | Ped=0 | Highway=001 | Side=100 | Walk=0
Time=135585000 | Ped=0 | Highway=010 | Side=100 | Walk=0
Time=135615000 | Ped=0 | Highway=100 | Side=001 | Walk=0
Time=135675000 | Ped=0 | Highway=001 | Side=100 | Walk=0
Time=135735000 | Ped=0 | Highway=010 | Side=100 | Walk=0
Time=135765000 | Ped=0 | Highway=100 | Side=001 | Walk=0
Time=135825000 | Ped=0 | Highway=001 | Side=100 | Walk=0
Time=135885000 | Ped=0 | Highway=010 | Side=100 | Walk=0
Time=135915000 | Ped=0 | Highway=100 | Side=001 | Walk=0
Time=135975000 | Ped=0 | Highway=001 | Side=100 | Walk=0
Time=136035000 | Ped=0 | Highway=010 | Side=100 | Walk=0
Time=136065000 | Ped=0 | Highway=100 | Side=001 | Walk=0
Time=136125000 | Ped=0 | Highway=001 | Side=100 | Walk=0
Time=136185000 | Ped=0 | Highway=010 | Side=100 | Walk=0
Time=136215000 | Ped=0 | Highway=100 | Side=001 | Walk=0
Time=136275000 | Ped=0 | Highway=001 | Side=100 | Walk=0
Time=136335000 | Ped=0 | Highway=010 | Side=100 | Walk=0
Time=136365000 | Ped=0 | Highway=100 | Side=001 | Walk=0
Time=136425000 | Ped=0 | Highway=001 | Side=100 | Walk=0
Time=136485000 | Ped=0 | Highway=010 | Side=100 | Walk=0
Time=136515000 | Ped=0 | Highway=100 | Side=001 | Walk=0
Time=136575000 | Ped=0 | Highway=001 | Side=100 | Walk=0
Time=136635000 | Ped=0 | Highway=010 | Side=100 | Walk=0
Time=136665000 | Ped=0 | Highway=100 | Side=001 | Walk=0
Time=136725000 | Ped=0 | Highway=001 | Side=100 | Walk=0
Time=136785000 | Ped=0 | Highway=010 | Side=100 | Walk=0
Time=136815000 | Ped=0 | Highway=100 | Side=001 | Walk=0
Time=136875000 | Ped=0 | Highway=001 | Side=100 | Walk=0
Time=136935000 | Ped=0 | Highway=010 | Side=100 | Walk=0
Time=136965000 | Ped=0 | Highway=100 | Side=001 | Walk=0
Time=137025000 | Ped=0 | Highway=001 | Side=100 | Walk=0
Time=137085000 | Ped=0 | Highway=010 | Side=100 | Walk=0
Time=137115000 | Ped=0 | Highway=100 | Side=001 | Walk=0
Time=137175000 | Ped=0 | Highway=001 | Side=100 | Walk=0
Time=137235000 | Ped=0 | Highway=010 | Side=100 | Walk=0
Time=137265000 | Ped=0 | Highway=100 | Side=001 | Walk=0
Time=137325000 | Ped=0 | Highway=001 | Side=100 | Walk=0
Time=137385000 | Ped=0 | Highway=010 | Side=100 | Walk=0
Time=137415000 | Ped=0 | Highway=100 | Side=001 | Walk=0
Time=137475000 | Ped=0 | Highway=001 | Side=100 | Walk=0
Time=137535000 | Ped=0 | Highway=010 | Side=100 | Walk=0
Time=137565000 | Ped=0 | Highway=100 | Side=001 | Walk=0
Time=137625000 | Ped=0 | Highway=001 | Side=100 | Walk=0
Time=137685000 | Ped=0 | Highway=010 | Side=100 | Walk=0
Time=137715000 | Ped=0 | Highway=100 | Side=001 | Walk=0
Time=137775000 | Ped=0 | Highway=001 | Side=100 | Walk=0
Time=137835000 | Ped=0 | Highway=010 | Side=100 | Walk=0
Time=137865000 | Ped=0 | Highway=100 | Side=001 | Walk=0
Time=137925000 | Ped=0 | Highway=001 | Side=100 | Walk=0
Time=137985000 | Ped=0 | Highway=010 | Side=100 | Walk=0
Time=138015000 | Ped=0 | Highway=100 | Side=001 | Walk=0
Time=138075000 | Ped=0 | Highway=001 | Side=100 | Walk=0
Time=138135000 | Ped=0 | Highway=010 | Side=100 | Walk=0
Time=138165000 | Ped=0 | Highway=100 | Side=001 | Walk=0
Time=138225000 | Ped=0 | Highway=001 | Side=100 | Walk=0
Time=138285000 | Ped=0 | Highway=010 | Side=100 | Walk=0
Time=138315000 | Ped=0 | Highway=100 | Side=001 | Walk=0
Time=138375000 | Ped=0 | Highway=001 | Side=100 | Walk=0
Time=138435000 | Ped=0 | Highway=010 | Side=100 | Walk=0
Time=138465000 | Ped=0 | Highway=100 | Side=001 | Walk=0
Time=138525000 | Ped=0 | Highway=001 | Side=100 | Walk=0
Time=138585000 | Ped=0 | Highway=010 | Side=100 | Walk=0
Time=138615000 | Ped=0 | Highway=100 | Side=001 | Walk=0
Time=138675000 | Ped=0 | Highway=001 | Side=100 | Walk=0
Time=138735000 | Ped=0 | Highway=010 | Side=100 | Walk=0
Time=138765000 | Ped=0 | Highway=100 | Side=001 | Walk=0
Time=138825000 | Ped=0 | Highway=001 | Side=100 | Walk=0
Time=138885000 | Ped=0 | Highway=010 | Side=100 | Walk=0
Time=138915000 | Ped=0 | Highway=100 | Side=001 | Walk=0
Time=138975000 | Ped=0 | Highway=001 | Side=100 | Walk=0
Time=139035000 | Ped=0 | Highway=010 | Side=100 | Walk=0
Time=139065000 | Ped=0 | Highway=100 | Side=001 | Walk=0
Time=139125000 | Ped=0 | Highway=001 | Side=100 | Walk=0
Time=139185000 | Ped=0 | Highway=010 | Side=100 | Walk=0
Time=139215000 | Ped=0 | Highway=100 | Side=001 | Walk=0
Time=139275000 | Ped=0 | Highway=001 | Side=100 | Walk=0
Time=139335000 | Ped=0 | Highway=010 | Side=100 | Walk=0
Time=139365000 | Ped=0 | Highway=100 | Side=001 | Walk=0
Time=139425000 | Ped=0 | Highway=001 | Side=100 | Walk=0
Time=139485000 | Ped=0 | Highway=010 | Side=100 | Walk=0
Time=139515000 | Ped=0 | Highway=100 | Side=001 | Walk=0
Time=139575000 | Ped=0 | Highway=001 | Side=100 | Walk=0
Time=139635000 | Ped=0 | Highway=010 | Side=100 | Walk=0
Time=139665000 | Ped=0 | Highway=100 | Side=001 | Walk=0
Time=139725000 | Ped=0 | Highway=001 | Side=100 | Walk=0
Time=139785000 | Ped=0 | Highway=010 | Side=100 | Walk=0
Time=139815000 | Ped=0 | Highway=100 | Side=001 | Walk=0
Time=139875000 | Ped=0 | Highway=001 | Side=100 | Walk=0
Time=139935000 | Ped=0 | Highway=010 | Side=100 | Walk=0
Time=139965000 | Ped=0 | Highway=100 | Side=001 | Walk=0
Time=140025000 | Ped=0 | Highway=001 | Side=100 | Walk=0
Time=140085000 | Ped=0 | Highway=010 | Side=100 | Walk=0
Time=140115000 | Ped=0 | Highway=100 | Side=001 | Walk=0
Time=140175000 | Ped=0 | Highway=001 | Side=100 | Walk=0
Time=140235000 | Ped=0 | Highway=010 | Side=100 | Walk=0
Time=140265000 | Ped=0 | Highway=100 | Side=001 | Walk=0
Time=140325000 | Ped=0 | Highway=001 | Side=100 | Walk=0
Time=140385000 | Ped=0 | Highway=010 | Side=100 | Walk=0
Time=140415000 | Ped=0 | Highway=100 | Side=001 | Walk=0
Time=140475000 | Ped=0 | Highway=001 | Side=100 | Walk=0
Time=140535000 | Ped=0 | Highway=010 | Side=100 | Walk=0
Time=140565000 | Ped=0 | Highway=100 | Side=001 | Walk=0
Time=140625000 | Ped=0 | Highway=001 | Side=100 | Walk=0
Time=140685000 | Ped=0 | Highway=010 | Side=100 | Walk=0
Time=140715000 | Ped=0 | Highway=100 | Side=001 | Walk=0
Time=140775000 | Ped=0 | Highway=001 | Side=100 | Walk=0
Time=140835000 | Ped=0 | Highway=010 | Side=100 | Walk=0
Time=140865000 | Ped=0 | Highway=100 | Side=001 | Walk=0
Time=140925000 | Ped=0 | Highway=001 | Side=100 | Walk=0
Time=140985000 | Ped=0 | Highway=010 | Side=100 | Walk=0
Time=141015000 | Ped=0 | Highway=100 | Side=001 | Walk=0
Time=141075000 | Ped=0 | Highway=001 | Side=100 | Walk=0
Time=141135000 | Ped=0 | Highway=010 | Side=100 | Walk=0
Time=141165000 | Ped=0 | Highway=100 | Side=001 | Walk=0
Time=141225000 | Ped=0 | Highway=001 | Side=100 | Walk=0
Time=141285000 | Ped=0 | Highway=010 | Side=100 | Walk=0
Time=141315000 | Ped=0 | Highway=100 | Side=001 | Walk=0
Time=141375000 | Ped=0 | Highway=001 | Side=100 | Walk=0
Time=141435000 | Ped=0 | Highway=010 | Side=100 | Walk=0
Time=141465000 | Ped=0 | Highway=100 | Side=001 | Walk=0
Time=141525000 | Ped=0 | Highway=001 | Side=100 | Walk=0
Time=141585000 | Ped=0 | Highway=010 | Side=100 | Walk=0
Time=141615000 | Ped=0 | Highway=100 | Side=001 | Walk=0
Time=141675000 | Ped=0 | Highway=001 | Side=100 | Walk=0
Time=141735000 | Ped=0 | Highway=010 | Side=100 | Walk=0
Time=141765000 | Ped=0 | Highway=100 | Side=001 | Walk=0
Time=141825000 | Ped=0 | Highway=001 | Side=100 | Walk=0
Time=141885000 | Ped=0 | Highway=010 | Side=100 | Walk=0
Time=141915000 | Ped=0 | Highway=100 | Side=001 | Walk=0
Time=141975000 | Ped=0 | Highway=001 | Side=100 | Walk=0
Time=142035000 | Ped=0 | Highway=010 | Side=100 | Walk=0
Time=142065000 | Ped=0 | Highway=100 | Side=001 | Walk=0
Time=142125000 | Ped=0 | Highway=001 | Side=100 | Walk=0
Time=142185000 | Ped=0 | Highway=010 | Side=100 | Walk=0
Time=142215000 | Ped=0 | Highway=100 | Side=001 | Walk=0
Time=142275000 | Ped=0 | Highway=001 | Side=100 | Walk=0
Time=142335000 | Ped=0 | Highway=010 | Side=100 | Walk=0
Time=142365000 | Ped=0 | Highway=100 | Side=001 | Walk=0
Time=142425000 | Ped=0 | Highway=001 | Side=100 | Walk=0
Time=142485000 | Ped=0 | Highway=010 | Side=100 | Walk=0
Time=142515000 | Ped=0 | Highway=100 | Side=001 | Walk=0
Time=142575000 | Ped=0 | Highway=001 | Side=100 | Walk=0
Time=142635000 | Ped=0 | Highway=010 | Side=100 | Walk=0
Time=142665000 | Ped=0 | Highway=100 | Side=001 | Walk=0
Time=142725000 | Ped=0 | Highway=001 | Side=100 | Walk=0
Time=142785000 | Ped=0 | Highway=010 | Side=100 | Walk=0
Time=142815000 | Ped=0 | Highway=100 | Side=001 | Walk=0
Time=142875000 | Ped=0 | Highway=001 | Side=100 | Walk=0
Time=142935000 | Ped=0 | Highway=010 | Side=100 | Walk=0
Time=142965000 | Ped=0 | Highway=100 | Side=001 | Walk=0
Time=143025000 | Ped=0 | Highway=001 | Side=100 | Walk=0
Time=143085000 | Ped=0 | Highway=010 | Side=100 | Walk=0
Time=143115000 | Ped=0 | Highway=100 | Side=001 | Walk=0
Time=143175000 | Ped=0 | Highway=001 | Side=100 | Walk=0
Time=143235000 | Ped=0 | Highway=010 | Side=100 | Walk=0
Time=143265000 | Ped=0 | Highway=100 | Side=001 | Walk=0
Time=143325000 | Ped=0 | Highway=001 | Side=100 | Walk=0
Time=143385000 | Ped=0 | Highway=010 | Side=100 | Walk=0
Time=143415000 | Ped=0 | Highway=100 | Side=001 | Walk=0
Time=143475000 | Ped=0 | Highway=001 | Side=100 | Walk=0
Time=143535000 | Ped=0 | Highway=010 | Side=100 | Walk=0
Time=143565000 | Ped=0 | Highway=100 | Side=001 | Walk=0
Time=143625000 | Ped=0 | Highway=001 | Side=100 | Walk=0
Time=143685000 | Ped=0 | Highway=010 | Side=100 | Walk=0
Time=143715000 | Ped=0 | Highway=100 | Side=001 | Walk=0
Time=143775000 | Ped=0 | Highway=001 | Side=100 | Walk=0
Time=143835000 | Ped=0 | Highway=010 | Side=100 | Walk=0
Time=143865000 | Ped=0 | Highway=100 | Side=001 | Walk=0
Time=143925000 | Ped=0 | Highway=001 | Side=100 | Walk=0
Time=143985000 | Ped=0 | Highway=010 | Side=100 | Walk=0
Time=144015000 | Ped=0 | Highway=100 | Side=001 | Walk=0
Time=144075000 | Ped=0 | Highway=001 | Side=100 | Walk=0
Time=144135000 | Ped=0 | Highway=010 | Side=100 | Walk=0
Time=144165000 | Ped=0 | Highway=100 | Side=001 | Walk=0
Time=144225000 | Ped=0 | Highway=001 | Side=100 | Walk=0
Time=144285000 | Ped=0 | Highway=010 | Side=100 | Walk=0
Time=144315000 | Ped=0 | Highway=100 | Side=001 | Walk=0
Time=144375000 | Ped=0 | Highway=001 | Side=100 | Walk=0
Time=144435000 | Ped=0 | Highway=010 | Side=100 | Walk=0
Time=144465000 | Ped=0 | Highway=100 | Side=001 | Walk=0
Time=144525000 | Ped=0 | Highway=001 | Side=100 | Walk=0
Time=144585000 | Ped=0 | Highway=010 | Side=100 | Walk=0
Time=144615000 | Ped=0 | Highway=100 | Side=001 | Walk=0
Time=144675000 | Ped=0 | Highway=001 | Side=100 | Walk=0
Time=144735000 | Ped=0 | Highway=010 | Side=100 | Walk=0
Time=144765000 | Ped=0 | Highway=100 | Side=001 | Walk=0
Time=144825000 | Ped=0 | Highway=001 | Side=100 | Walk=0
Time=144885000 | Ped=0 | Highway=010 | Side=100 | Walk=0
Time=144915000 | Ped=0 | Highway=100 | Side=001 | Walk=0
Time=144975000 | Ped=0 | Highway=001 | Side=100 | Walk=0
Time=145035000 | Ped=0 | Highway=010 | Side=100 | Walk=0
Time=145065000 | Ped=0 | Highway=100 | Side=001 | Walk=0
Time=145125000 | Ped=0 | Highway=001 | Side=100 | Walk=0
Time=145185000 | Ped=0 | Highway=010 | Side=100 | Walk=0
Time=145215000 | Ped=0 | Highway=100 | Side=001 | Walk=0
Time=145275000 | Ped=0 | Highway=001 | Side=100 | Walk=0
Time=145335000 | Ped=0 | Highway=010 | Side=100 | Walk=0
Time=145365000 | Ped=0 | Highway=100 | Side=001 | Walk=0
Time=145425000 | Ped=0 | Highway=001 | Side=100 | Walk=0
Time=145485000 | Ped=0 | Highway=010 | Side=100 | Walk=0
Time=145515000 | Ped=0 | Highway=100 | Side=001 | Walk=0
Time=145575000 | Ped=0 | Highway=001 | Side=100 | Walk=0
Time=145635000 | Ped=0 | Highway=010 | Side=100 | Walk=0
Time=145665000 | Ped=0 | Highway=100 | Side=001 | Walk=0
Time=145725000 | Ped=0 | Highway=001 | Side=100 | Walk=0
Time=145785000 | Ped=0 | Highway=010 | Side=100 | Walk=0
Time=145815000 | Ped=0 | Highway=100 | Side=001 | Walk=0
Time=145875000 | Ped=0 | Highway=001 | Side=100 | Walk=0
Time=145935000 | Ped=0 | Highway=010 | Side=100 | Walk=0
Time=145965000 | Ped=0 | Highway=100 | Side=001 | Walk=0
Time=146025000 | Ped=0 | Highway=001 | Side=100 | Walk=0
Time=146085000 | Ped=0 | Highway=010 | Side=100 | Walk=0
Time=146115000 | Ped=0 | Highway=100 | Side=001 | Walk=0
Time=146175000 | Ped=0 | Highway=001 | Side=100 | Walk=0
Time=146235000 | Ped=0 | Highway=010 | Side=100 | Walk=0
Time=146265000 | Ped=0 | Highway=100 | Side=001 | Walk=0
Time=146325000 | Ped=0 | Highway=001 | Side=100 | Walk=0
Time=146385000 | Ped=0 | Highway=010 | Side=100 | Walk=0
Time=146415000 | Ped=0 | Highway=100 | Side=001 | Walk=0
Time=146475000 | Ped=0 | Highway=001 | Side=100 | Walk=0
Time=146535000 | Ped=0 | Highway=010 | Side=100 | Walk=0
Time=146565000 | Ped=0 | Highway=100 | Side=001 | Walk=0
Time=146625000 | Ped=0 | Highway=001 | Side=100 | Walk=0
Time=146685000 | Ped=0 | Highway=010 | Side=100 | Walk=0
Time=146715000 | Ped=0 | Highway=100 | Side=001 | Walk=0
Time=146775000 | Ped=0 | Highway=001 | Side=100 | Walk=0
Time=146835000 | Ped=0 | Highway=010 | Side=100 | Walk=0
Time=146865000 | Ped=0 | Highway=100 | Side=001 | Walk=0
Time=146925000 | Ped=0 | Highway=001 | Side=100 | Walk=0
Time=146985000 | Ped=0 | Highway=010 | Side=100 | Walk=0
Time=147015000 | Ped=0 | Highway=100 | Side=001 | Walk=0
Time=147075000 | Ped=0 | Highway=001 | Side=100 | Walk=0
Time=147135000 | Ped=0 | Highway=010 | Side=100 | Walk=0
Time=147165000 | Ped=0 | Highway=100 | Side=001 | Walk=0
Time=147225000 | Ped=0 | Highway=001 | Side=100 | Walk=0
Time=147285000 | Ped=0 | Highway=010 | Side=100 | Walk=0
Time=147315000 | Ped=0 | Highway=100 | Side=001 | Walk=0
Time=147375000 | Ped=0 | Highway=001 | Side=100 | Walk=0
Time=147435000 | Ped=0 | Highway=010 | Side=100 | Walk=0
Time=147465000 | Ped=0 | Highway=100 | Side=001 | Walk=0
Time=147525000 | Ped=0 | Highway=001 | Side=100 | Walk=0
Time=147585000 | Ped=0 | Highway=010 | Side=100 | Walk=0
Time=147615000 | Ped=0 | Highway=100 | Side=001 | Walk=0
Time=147675000 | Ped=0 | Highway=001 | Side=100 | Walk=0
Time=147735000 | Ped=0 | Highway=010 | Side=100 | Walk=0
Time=147765000 | Ped=0 | Highway=100 | Side=001 | Walk=0
Time=147825000 | Ped=0 | Highway=001 | Side=100 | Walk=0
Time=147885000 | Ped=0 | Highway=010 | Side=100 | Walk=0
Time=147915000 | Ped=0 | Highway=100 | Side=001 | Walk=0
Time=147975000 | Ped=0 | Highway=001 | Side=100 | Walk=0
Time=148035000 | Ped=0 | Highway=010 | Side=100 | Walk=0
Time=148065000 | Ped=0 | Highway=100 | Side=001 | Walk=0
Time=148125000 | Ped=0 | Highway=001 | Side=100 | Walk=0
Time=148185000 | Ped=0 | Highway=010 | Side=100 | Walk=0
Time=148215000 | Ped=0 | Highway=100 | Side=001 | Walk=0
Time=148275000 | Ped=0 | Highway=001 | Side=100 | Walk=0
Time=148335000 | Ped=0 | Highway=010 | Side=100 | Walk=0
Time=148365000 | Ped=0 | Highway=100 | Side=001 | Walk=0
Time=148425000 | Ped=0 | Highway=001 | Side=100 | Walk=0
Time=148485000 | Ped=0 | Highway=010 | Side=100 | Walk=0
Time=148515000 | Ped=0 | Highway=100 | Side=001 | Walk=0
Time=148575000 | Ped=0 | Highway=001 | Side=100 | Walk=0
Time=148635000 | Ped=0 | Highway=010 | Side=100 | Walk=0
Time=148665000 | Ped=0 | Highway=100 | Side=001 | Walk=0
Time=148725000 | Ped=0 | Highway=001 | Side=100 | Walk=0
Time=148785000 | Ped=0 | Highway=010 | Side=100 | Walk=0
Time=148815000 | Ped=0 | Highway=100 | Side=001 | Walk=0
Time=148875000 | Ped=0 | Highway=001 | Side=100 | Walk=0
Time=148935000 | Ped=0 | Highway=010 | Side=100 | Walk=0
Time=148965000 | Ped=0 | Highway=100 | Side=001 | Walk=0
Time=149025000 | Ped=0 | Highway=001 | Side=100 | Walk=0
Time=149085000 | Ped=0 | Highway=010 | Side=100 | Walk=0
Time=149115000 | Ped=0 | Highway=100 | Side=001 | Walk=0
Time=149175000 | Ped=0 | Highway=001 | Side=100 | Walk=0
Time=149235000 | Ped=0 | Highway=010 | Side=100 | Walk=0
Time=149265000 | Ped=0 | Highway=100 | Side=001 | Walk=0
Time=149325000 | Ped=0 | Highway=001 | Side=100 | Walk=0
Time=149385000 | Ped=0 | Highway=010 | Side=100 | Walk=0
Time=149415000 | Ped=0 | Highway=100 | Side=001 | Walk=0
Time=149475000 | Ped=0 | Highway=001 | Side=100 | Walk=0
Time=149535000 | Ped=0 | Highway=010 | Side=100 | Walk=0
Time=149565000 | Ped=0 | Highway=100 | Side=001 | Walk=0
Time=149625000 | Ped=0 | Highway=001 | Side=100 | Walk=0
Time=149685000 | Ped=0 | Highway=010 | Side=100 | Walk=0
Time=149715000 | Ped=0 | Highway=100 | Side=001 | Walk=0
Time=149775000 | Ped=0 | Highway=001 | Side=100 | Walk=0
Time=149835000 | Ped=0 | Highway=010 | Side=100 | Walk=0
Time=149865000 | Ped=0 | Highway=100 | Side=001 | Walk=0
Time=149925000 | Ped=0 | Highway=001 | Side=100 | Walk=0
Time=149985000 | Ped=0 | Highway=010 | Side=100 | Walk=0
Time=150015000 | Ped=0 | Highway=100 | Side=001 | Walk=0
Time=150075000 | Ped=0 | Highway=001 | Side=100 | Walk=0
Time=150135000 | Ped=0 | Highway=010 | Side=100 | Walk=0
Time=150165000 | Ped=0 | Highway=100 | Side=001 | Walk=0
Time=150225000 | Ped=0 | Highway=001 | Side=100 | Walk=0
Time=150285000 | Ped=0 | Highway=010 | Side=100 | Walk=0
Time=150315000 | Ped=0 | Highway=100 | Side=001 | Walk=0
Time=150375000 | Ped=0 | Highway=001 | Side=100 | Walk=0
Time=150435000 | Ped=0 | Highway=010 | Side=100 | Walk=0
Time=150465000 | Ped=0 | Highway=100 | Side=001 | Walk=0
Time=150525000 | Ped=0 | Highway=001 | Side=100 | Walk=0
Time=150585000 | Ped=0 | Highway=010 | Side=100 | Walk=0
Time=150615000 | Ped=0 | Highway=100 | Side=001 | Walk=0
Time=150675000 | Ped=0 | Highway=001 | Side=100 | Walk=0
Time=150735000 | Ped=0 | Highway=010 | Side=100 | Walk=0
Time=150765000 | Ped=0 | Highway=100 | Side=001 | Walk=0
Time=150825000 | Ped=0 | Highway=001 | Side=100 | Walk=0
Time=150885000 | Ped=0 | Highway=010 | Side=100 | Walk=0
Time=150915000 | Ped=0 | Highway=100 | Side=001 | Walk=0
Time=150975000 | Ped=0 | Highway=001 | Side=100 | Walk=0
Time=151035000 | Ped=0 | Highway=010 | Side=100 | Walk=0
Time=151065000 | Ped=0 | Highway=100 | Side=001 | Walk=0
Time=151125000 | Ped=0 | Highway=001 | Side=100 | Walk=0
Time=151185000 | Ped=0 | Highway=010 | Side=100 | Walk=0
Time=151215000 | Ped=0 | Highway=100 | Side=001 | Walk=0
Time=151275000 | Ped=0 | Highway=001 | Side=100 | Walk=0
Time=151335000 | Ped=0 | Highway=010 | Side=100 | Walk=0
Time=151365000 | Ped=0 | Highway=100 | Side=001 | Walk=0
Time=151425000 | Ped=0 | Highway=001 | Side=100 | Walk=0
Time=151485000 | Ped=0 | Highway=010 | Side=100 | Walk=0
Time=151515000 | Ped=0 | Highway=100 | Side=001 | Walk=0
Time=151575000 | Ped=0 | Highway=001 | Side=100 | Walk=0
Time=151635000 | Ped=0 | Highway=010 | Side=100 | Walk=0
Time=151665000 | Ped=0 | Highway=100 | Side=001 | Walk=0
Time=151725000 | Ped=0 | Highway=001 | Side=100 | Walk=0
Time=151785000 | Ped=0 | Highway=010 | Side=100 | Walk=0
Time=151815000 | Ped=0 | Highway=100 | Side=001 | Walk=0
Time=151875000 | Ped=0 | Highway=001 | Side=100 | Walk=0
Time=151935000 | Ped=0 | Highway=010 | Side=100 | Walk=0
Time=151965000 | Ped=0 | Highway=100 | Side=001 | Walk=0
Time=152025000 | Ped=0 | Highway=001 | Side=100 | Walk=0
Time=152085000 | Ped=0 | Highway=010 | Side=100 | Walk=0
Time=152115000 | Ped=0 | Highway=100 | Side=001 | Walk=0
Time=152175000 | Ped=0 | Highway=001 | Side=100 | Walk=0
Time=152235000 | Ped=0 | Highway=010 | Side=100 | Walk=0
Time=152265000 | Ped=0 | Highway=100 | Side=001 | Walk=0
Time=152325000 | Ped=0 | Highway=001 | Side=100 | Walk=0
Time=152385000 | Ped=0 | Highway=010 | Side=100 | Walk=0
Time=152415000 | Ped=0 | Highway=100 | Side=001 | Walk=0
Time=152475000 | Ped=0 | Highway=001 | Side=100 | Walk=0
Time=152535000 | Ped=0 | Highway=010 | Side=100 | Walk=0
Time=152565000 | Ped=0 | Highway=100 | Side=001 | Walk=0
Time=152625000 | Ped=0 | Highway=001 | Side=100 | Walk=0
Time=152685000 | Ped=0 | Highway=010 | Side=100 | Walk=0
Time=152715000 | Ped=0 | Highway=100 | Side=001 | Walk=0
Time=152775000 | Ped=0 | Highway=001 | Side=100 | Walk=0
Time=152835000 | Ped=0 | Highway=010 | Side=100 | Walk=0
Time=152865000 | Ped=0 | Highway=100 | Side=001 | Walk=0
Time=152925000 | Ped=0 | Highway=001 | Side=100 | Walk=0
Time=152985000 | Ped=0 | Highway=010 | Side=100 | Walk=0
Time=153015000 | Ped=0 | Highway=100 | Side=001 | Walk=0
Time=153075000 | Ped=0 | Highway=001 | Side=100 | Walk=0
Time=153135000 | Ped=0 | Highway=010 | Side=100 | Walk=0
Time=153165000 | Ped=0 | Highway=100 | Side=001 | Walk=0
Time=153225000 | Ped=0 | Highway=001 | Side=100 | Walk=0
Time=153285000 | Ped=0 | Highway=010 | Side=100 | Walk=0
Time=153315000 | Ped=0 | Highway=100 | Side=001 | Walk=0
Time=153375000 | Ped=0 | Highway=001 | Side=100 | Walk=0
Time=153435000 | Ped=0 | Highway=010 | Side=100 | Walk=0
Time=153465000 | Ped=0 | Highway=100 | Side=001 | Walk=0
Time=153525000 | Ped=0 | Highway=001 | Side=100 | Walk=0
Time=153585000 | Ped=0 | Highway=010 | Side=100 | Walk=0
Time=153615000 | Ped=0 | Highway=100 | Side=001 | Walk=0
Time=153675000 | Ped=0 | Highway=001 | Side=100 | Walk=0
Time=153735000 | Ped=0 | Highway=010 | Side=100 | Walk=0
Time=153765000 | Ped=0 | Highway=100 | Side=001 | Walk=0
Time=153825000 | Ped=0 | Highway=001 | Side=100 | Walk=0
Time=153885000 | Ped=0 | Highway=010 | Side=100 | Walk=0
Time=153915000 | Ped=0 | Highway=100 | Side=001 | Walk=0
Time=153975000 | Ped=0 | Highway=001 | Side=100 | Walk=0
Time=154035000 | Ped=0 | Highway=010 | Side=100 | Walk=0
Time=154065000 | Ped=0 | Highway=100 | Side=001 | Walk=0
Time=154125000 | Ped=0 | Highway=001 | Side=100 | Walk=0
Time=154185000 | Ped=0 | Highway=010 | Side=100 | Walk=0
Time=154215000 | Ped=0 | Highway=100 | Side=001 | Walk=0
Time=154275000 | Ped=0 | Highway=001 | Side=100 | Walk=0
Time=154335000 | Ped=0 | Highway=010 | Side=100 | Walk=0
Time=154365000 | Ped=0 | Highway=100 | Side=001 | Walk=0
Time=154425000 | Ped=0 | Highway=001 | Side=100 | Walk=0
Time=154485000 | Ped=0 | Highway=010 | Side=100 | Walk=0
Time=154515000 | Ped=0 | Highway=100 | Side=001 | Walk=0
Time=154575000 | Ped=0 | Highway=001 | Side=100 | Walk=0
Time=154635000 | Ped=0 | Highway=010 | Side=100 | Walk=0
Time=154665000 | Ped=0 | Highway=100 | Side=001 | Walk=0
Time=154725000 | Ped=0 | Highway=001 | Side=100 | Walk=0
Time=154785000 | Ped=0 | Highway=010 | Side=100 | Walk=0
Time=154815000 | Ped=0 | Highway=100 | Side=001 | Walk=0
Time=154875000 | Ped=0 | Highway=001 | Side=100 | Walk=0
Time=154935000 | Ped=0 | Highway=010 | Side=100 | Walk=0
Time=154965000 | Ped=0 | Highway=100 | Side=001 | Walk=0
Time=155025000 | Ped=0 | Highway=001 | Side=100 | Walk=0
Time=155085000 | Ped=0 | Highway=010 | Side=100 | Walk=0
Time=155115000 | Ped=0 | Highway=100 | Side=001 | Walk=0
Time=155175000 | Ped=0 | Highway=001 | Side=100 | Walk=0
Time=155235000 | Ped=0 | Highway=010 | Side=100 | Walk=0
Time=155265000 | Ped=0 | Highway=100 | Side=001 | Walk=0
Time=155325000 | Ped=0 | Highway=001 | Side=100 | Walk=0
Time=155385000 | Ped=0 | Highway=010 | Side=100 | Walk=0
Time=155415000 | Ped=0 | Highway=100 | Side=001 | Walk=0
Time=155475000 | Ped=0 | Highway=001 | Side=100 | Walk=0
Time=155535000 | Ped=0 | Highway=010 | Side=100 | Walk=0
Time=155565000 | Ped=0 | Highway=100 | Side=001 | Walk=0
Time=155625000 | Ped=0 | Highway=001 | Side=100 | Walk=0
Time=155685000 | Ped=0 | Highway=010 | Side=100 | Walk=0
Time=155715000 | Ped=0 | Highway=100 | Side=001 | Walk=0
Time=155775000 | Ped=0 | Highway=001 | Side=100 | Walk=0
Time=155835000 | Ped=0 | Highway=010 | Side=100 | Walk=0
Time=155865000 | Ped=0 | Highway=100 | Side=001 | Walk=0
Time=155925000 | Ped=0 | Highway=001 | Side=100 | Walk=0
Time=155985000 | Ped=0 | Highway=010 | Side=100 | Walk=0
Time=156015000 | Ped=0 | Highway=100 | Side=001 | Walk=0
Time=156075000 | Ped=0 | Highway=001 | Side=100 | Walk=0
Time=156135000 | Ped=0 | Highway=010 | Side=100 | Walk=0
Time=156165000 | Ped=0 | Highway=100 | Side=001 | Walk=0
Time=156225000 | Ped=0 | Highway=001 | Side=100 | Walk=0
Time=156285000 | Ped=0 | Highway=010 | Side=100 | Walk=0
Time=156315000 | Ped=0 | Highway=100 | Side=001 | Walk=0
Time=156375000 | Ped=0 | Highway=001 | Side=100 | Walk=0
Time=156435000 | Ped=0 | Highway=010 | Side=100 | Walk=0
Time=156465000 | Ped=0 | Highway=100 | Side=001 | Walk=0
Time=156525000 | Ped=0 | Highway=001 | Side=100 | Walk=0
Time=156585000 | Ped=0 | Highway=010 | Side=100 | Walk=0
Time=156615000 | Ped=0 | Highway=100 | Side=001 | Walk=0
Time=156675000 | Ped=0 | Highway=001 | Side=100 | Walk=0
Time=156735000 | Ped=0 | Highway=010 | Side=100 | Walk=0
Time=156765000 | Ped=0 | Highway=100 | Side=001 | Walk=0
Time=156825000 | Ped=0 | Highway=001 | Side=100 | Walk=0
Time=156885000 | Ped=0 | Highway=010 | Side=100 | Walk=0
Time=156915000 | Ped=0 | Highway=100 | Side=001 | Walk=0
Time=156975000 | Ped=0 | Highway=001 | Side=100 | Walk=0
Time=157035000 | Ped=0 | Highway=010 | Side=100 | Walk=0
Time=157065000 | Ped=0 | Highway=100 | Side=001 | Walk=0
Time=157125000 | Ped=0 | Highway=001 | Side=100 | Walk=0
Time=157185000 | Ped=0 | Highway=010 | Side=100 | Walk=0
Time=157215000 | Ped=0 | Highway=100 | Side=001 | Walk=0
Time=157275000 | Ped=0 | Highway=001 | Side=100 | Walk=0
Time=157335000 | Ped=0 | Highway=010 | Side=100 | Walk=0
Time=157365000 | Ped=0 | Highway=100 | Side=001 | Walk=0
Time=157425000 | Ped=0 | Highway=001 | Side=100 | Walk=0
Time=157485000 | Ped=0 | Highway=010 | Side=100 | Walk=0
Time=157515000 | Ped=0 | Highway=100 | Side=001 | Walk=0
Time=157575000 | Ped=0 | Highway=001 | Side=100 | Walk=0
Time=157635000 | Ped=0 | Highway=010 | Side=100 | Walk=0
Time=157665000 | Ped=0 | Highway=100 | Side=001 | Walk=0
Time=157725000 | Ped=0 | Highway=001 | Side=100 | Walk=0
Time=157785000 | Ped=0 | Highway=010 | Side=100 | Walk=0
Time=157815000 | Ped=0 | Highway=100 | Side=001 | Walk=0
Time=157875000 | Ped=0 | Highway=001 | Side=100 | Walk=0
Time=157935000 | Ped=0 | Highway=010 | Side=100 | Walk=0
Time=157965000 | Ped=0 | Highway=100 | Side=001 | Walk=0
Time=158025000 | Ped=0 | Highway=001 | Side=100 | Walk=0
Time=158085000 | Ped=0 | Highway=010 | Side=100 | Walk=0
Time=158115000 | Ped=0 | Highway=100 | Side=001 | Walk=0
Time=158175000 | Ped=0 | Highway=001 | Side=100 | Walk=0
Time=158235000 | Ped=0 | Highway=010 | Side=100 | Walk=0
Time=158265000 | Ped=0 | Highway=100 | Side=001 | Walk=0
Time=158325000 | Ped=0 | Highway=001 | Side=100 | Walk=0
Time=158385000 | Ped=0 | Highway=010 | Side=100 | Walk=0
Time=158415000 | Ped=0 | Highway=100 | Side=001 | Walk=0
Time=158475000 | Ped=0 | Highway=001 | Side=100 | Walk=0
Time=158535000 | Ped=0 | Highway=010 | Side=100 | Walk=0
Time=158565000 | Ped=0 | Highway=100 | Side=001 | Walk=0
Time=158625000 | Ped=0 | Highway=001 | Side=100 | Walk=0
Time=158685000 | Ped=0 | Highway=010 | Side=100 | Walk=0
Time=158715000 | Ped=0 | Highway=100 | Side=001 | Walk=0
Time=158775000 | Ped=0 | Highway=001 | Side=100 | Walk=0
Time=158835000 | Ped=0 | Highway=010 | Side=100 | Walk=0
Time=158865000 | Ped=0 | Highway=100 | Side=001 | Walk=0
Time=158925000 | Ped=0 | Highway=001 | Side=100 | Walk=0
Time=158985000 | Ped=0 | Highway=010 | Side=100 | Walk=0
Time=159015000 | Ped=0 | Highway=100 | Side=001 | Walk=0
Time=159075000 | Ped=0 | Highway=001 | Side=100 | Walk=0
Time=159135000 | Ped=0 | Highway=010 | Side=100 | Walk=0
Time=159165000 | Ped=0 | Highway=100 | Side=001 | Walk=0
Time=159225000 | Ped=0 | Highway=001 | Side=100 | Walk=0
Time=159285000 | Ped=0 | Highway=010 | Side=100 | Walk=0
Time=159315000 | Ped=0 | Highway=100 | Side=001 | Walk=0
Time=159375000 | Ped=0 | Highway=001 | Side=100 | Walk=0
Time=159435000 | Ped=0 | Highway=010 | Side=100 | Walk=0
Time=159465000 | Ped=0 | Highway=100 | Side=001 | Walk=0
Time=159525000 | Ped=0 | Highway=001 | Side=100 | Walk=0
Time=159585000 | Ped=0 | Highway=010 | Side=100 | Walk=0
Time=159615000 | Ped=0 | Highway=100 | Side=001 | Walk=0
Time=159675000 | Ped=0 | Highway=001 | Side=100 | Walk=0
Time=159735000 | Ped=0 | Highway=010 | Side=100 | Walk=0
Time=159765000 | Ped=0 | Highway=100 | Side=001 | Walk=0
Time=159825000 | Ped=0 | Highway=001 | Side=100 | Walk=0
Time=159885000 | Ped=0 | Highway=010 | Side=100 | Walk=0
Time=159915000 | Ped=0 | Highway=100 | Side=001 | Walk=0
Time=159975000 | Ped=0 | Highway=001 | Side=100 | Walk=0
Time=160035000 | Ped=0 | Highway=010 | Side=100 | Walk=0
Time=160065000 | Ped=0 | Highway=100 | Side=001 | Walk=0
Time=160125000 | Ped=0 | Highway=001 | Side=100 | Walk=0
Time=160185000 | Ped=0 | Highway=010 | Side=100 | Walk=0
Time=160215000 | Ped=0 | Highway=100 | Side=001 | Walk=0
Time=160275000 | Ped=0 | Highway=001 | Side=100 | Walk=0
Time=160335000 | Ped=0 | Highway=010 | Side=100 | Walk=0
Time=160365000 | Ped=0 | Highway=100 | Side=001 | Walk=0
Time=160425000 | Ped=0 | Highway=001 | Side=100 | Walk=0
Time=160485000 | Ped=0 | Highway=010 | Side=100 | Walk=0
Time=160515000 | Ped=0 | Highway=100 | Side=001 | Walk=0
Time=160575000 | Ped=0 | Highway=001 | Side=100 | Walk=0
Time=160635000 | Ped=0 | Highway=010 | Side=100 | Walk=0
Time=160665000 | Ped=0 | Highway=100 | Side=001 | Walk=0
Time=160725000 | Ped=0 | Highway=001 | Side=100 | Walk=0
Time=160785000 | Ped=0 | Highway=010 | Side=100 | Walk=0
Time=160815000 | Ped=0 | Highway=100 | Side=001 | Walk=0
Time=160875000 | Ped=0 | Highway=001 | Side=100 | Walk=0
Time=160935000 | Ped=0 | Highway=010 | Side=100 | Walk=0
Time=160965000 | Ped=0 | Highway=100 | Side=001 | Walk=0
Time=161025000 | Ped=0 | Highway=001 | Side=100 | Walk=0
Time=161085000 | Ped=0 | Highway=010 | Side=100 | Walk=0
Time=161115000 | Ped=0 | Highway=100 | Side=001 | Walk=0
Time=161175000 | Ped=0 | Highway=001 | Side=100 | Walk=0
Time=161235000 | Ped=0 | Highway=010 | Side=100 | Walk=0
Time=161265000 | Ped=0 | Highway=100 | Side=001 | Walk=0
Time=161325000 | Ped=0 | Highway=001 | Side=100 | Walk=0
Time=161385000 | Ped=0 | Highway=010 | Side=100 | Walk=0
Time=161415000 | Ped=0 | Highway=100 | Side=001 | Walk=0
Time=161475000 | Ped=0 | Highway=001 | Side=100 | Walk=0
Time=161535000 | Ped=0 | Highway=010 | Side=100 | Walk=0
Time=161565000 | Ped=0 | Highway=100 | Side=001 | Walk=0
Time=161625000 | Ped=0 | Highway=001 | Side=100 | Walk=0
Time=161685000 | Ped=0 | Highway=010 | Side=100 | Walk=0
Time=161715000 | Ped=0 | Highway=100 | Side=001 | Walk=0
Time=161775000 | Ped=0 | Highway=001 | Side=100 | Walk=0
Time=161835000 | Ped=0 | Highway=010 | Side=100 | Walk=0
Time=161865000 | Ped=0 | Highway=100 | Side=001 | Walk=0
Time=161925000 | Ped=0 | Highway=001 | Side=100 | Walk=0
Time=161985000 | Ped=0 | Highway=010 | Side=100 | Walk=0
Time=162015000 | Ped=0 | Highway=100 | Side=001 | Walk=0
Time=162075000 | Ped=0 | Highway=001 | Side=100 | Walk=0
Time=162135000 | Ped=0 | Highway=010 | Side=100 | Walk=0
Time=162165000 | Ped=0 | Highway=100 | Side=001 | Walk=0
Time=162225000 | Ped=0 | Highway=001 | Side=100 | Walk=0
Time=162285000 | Ped=0 | Highway=010 | Side=100 | Walk=0
Time=162315000 | Ped=0 | Highway=100 | Side=001 | Walk=0
Time=162375000 | Ped=0 | Highway=001 | Side=100 | Walk=0
Time=162435000 | Ped=0 | Highway=010 | Side=100 | Walk=0
Time=162465000 | Ped=0 | Highway=100 | Side=001 | Walk=0
Time=162525000 | Ped=0 | Highway=001 | Side=100 | Walk=0
Time=162585000 | Ped=0 | Highway=010 | Side=100 | Walk=0
Time=162615000 | Ped=0 | Highway=100 | Side=001 | Walk=0
Time=162675000 | Ped=0 | Highway=001 | Side=100 | Walk=0
Time=162735000 | Ped=0 | Highway=010 | Side=100 | Walk=0
Time=162765000 | Ped=0 | Highway=100 | Side=001 | Walk=0
Time=162825000 | Ped=0 | Highway=001 | Side=100 | Walk=0
Time=162885000 | Ped=0 | Highway=010 | Side=100 | Walk=0
Time=162915000 | Ped=0 | Highway=100 | Side=001 | Walk=0
Time=162975000 | Ped=0 | Highway=001 | Side=100 | Walk=0
Time=163035000 | Ped=0 | Highway=010 | Side=100 | Walk=0
Time=163065000 | Ped=0 | Highway=100 | Side=001 | Walk=0
Time=163125000 | Ped=0 | Highway=001 | Side=100 | Walk=0
Time=163185000 | Ped=0 | Highway=010 | Side=100 | Walk=0
Time=163215000 | Ped=0 | Highway=100 | Side=001 | Walk=0
Time=163275000 | Ped=0 | Highway=001 | Side=100 | Walk=0
Time=163335000 | Ped=0 | Highway=010 | Side=100 | Walk=0
Time=163365000 | Ped=0 | Highway=100 | Side=001 | Walk=0
Time=163425000 | Ped=0 | Highway=001 | Side=100 | Walk=0
Time=163485000 | Ped=0 | Highway=010 | Side=100 | Walk=0
Time=163515000 | Ped=0 | Highway=100 | Side=001 | Walk=0
Time=163575000 | Ped=0 | Highway=001 | Side=100 | Walk=0
Time=163635000 | Ped=0 | Highway=010 | Side=100 | Walk=0
Time=163665000 | Ped=0 | Highway=100 | Side=001 | Walk=0
Time=163725000 | Ped=0 | Highway=001 | Side=100 | Walk=0
Time=163785000 | Ped=0 | Highway=010 | Side=100 | Walk=0
Time=163815000 | Ped=0 | Highway=100 | Side=001 | Walk=0
Time=163875000 | Ped=0 | Highway=001 | Side=100 | Walk=0
Time=163935000 | Ped=0 | Highway=010 | Side=100 | Walk=0
Time=163965000 | Ped=0 | Highway=100 | Side=001 | Walk=0
Time=164025000 | Ped=0 | Highway=001 | Side=100 | Walk=0
Time=164085000 | Ped=0 | Highway=010 | Side=100 | Walk=0
Time=164115000 | Ped=0 | Highway=100 | Side=001 | Walk=0
Time=164175000 | Ped=0 | Highway=001 | Side=100 | Walk=0
Time=164235000 | Ped=0 | Highway=010 | Side=100 | Walk=0
Time=164265000 | Ped=0 | Highway=100 | Side=001 | Walk=0
Time=164325000 | Ped=0 | Highway=001 | Side=100 | Walk=0
Time=164385000 | Ped=0 | Highway=010 | Side=100 | Walk=0
Time=164415000 | Ped=0 | Highway=100 | Side=001 | Walk=0
Time=164475000 | Ped=0 | Highway=001 | Side=100 | Walk=0
Time=164535000 | Ped=0 | Highway=010 | Side=100 | Walk=0
Time=164565000 | Ped=0 | Highway=100 | Side=001 | Walk=0
Time=164625000 | Ped=0 | Highway=001 | Side=100 | Walk=0
Time=164685000 | Ped=0 | Highway=010 | Side=100 | Walk=0
Time=164715000 | Ped=0 | Highway=100 | Side=001 | Walk=0
Time=164775000 | Ped=0 | Highway=001 | Side=100 | Walk=0
Time=164835000 | Ped=0 | Highway=010 | Side=100 | Walk=0
Time=164865000 | Ped=0 | Highway=100 | Side=001 | Walk=0
Time=164925000 | Ped=0 | Highway=001 | Side=100 | Walk=0
Time=164985000 | Ped=0 | Highway=010 | Side=100 | Walk=0
Time=165015000 | Ped=0 | Highway=100 | Side=001 | Walk=0
Time=165075000 | Ped=0 | Highway=001 | Side=100 | Walk=0
Time=165135000 | Ped=0 | Highway=010 | Side=100 | Walk=0
Time=165165000 | Ped=0 | Highway=100 | Side=001 | Walk=0
Time=165225000 | Ped=0 | Highway=001 | Side=100 | Walk=0
Time=165285000 | Ped=0 | Highway=010 | Side=100 | Walk=0
Time=165315000 | Ped=0 | Highway=100 | Side=001 | Walk=0
Time=165375000 | Ped=0 | Highway=001 | Side=100 | Walk=0
Time=165435000 | Ped=0 | Highway=010 | Side=100 | Walk=0
Time=165465000 | Ped=0 | Highway=100 | Side=001 | Walk=0
Time=165525000 | Ped=0 | Highway=001 | Side=100 | Walk=0
Time=165585000 | Ped=0 | Highway=010 | Side=100 | Walk=0
Time=165615000 | Ped=0 | Highway=100 | Side=001 | Walk=0
Time=165675000 | Ped=0 | Highway=001 | Side=100 | Walk=0
Time=165735000 | Ped=0 | Highway=010 | Side=100 | Walk=0
Time=165765000 | Ped=0 | Highway=100 | Side=001 | Walk=0
Time=165825000 | Ped=0 | Highway=001 | Side=100 | Walk=0
Time=165885000 | Ped=0 | Highway=010 | Side=100 | Walk=0
Time=165915000 | Ped=0 | Highway=100 | Side=001 | Walk=0
Time=165975000 | Ped=0 | Highway=001 | Side=100 | Walk=0
Time=166035000 | Ped=0 | Highway=010 | Side=100 | Walk=0
Time=166065000 | Ped=0 | Highway=100 | Side=001 | Walk=0
Time=166125000 | Ped=0 | Highway=001 | Side=100 | Walk=0
Time=166185000 | Ped=0 | Highway=010 | Side=100 | Walk=0
Time=166215000 | Ped=0 | Highway=100 | Side=001 | Walk=0
Time=166275000 | Ped=0 | Highway=001 | Side=100 | Walk=0
Time=166335000 | Ped=0 | Highway=010 | Side=100 | Walk=0
Time=166365000 | Ped=0 | Highway=100 | Side=001 | Walk=0
Time=166425000 | Ped=0 | Highway=001 | Side=100 | Walk=0
Time=166485000 | Ped=0 | Highway=010 | Side=100 | Walk=0
Time=166515000 | Ped=0 | Highway=100 | Side=001 | Walk=0
Time=166575000 | Ped=0 | Highway=001 | Side=100 | Walk=0
Time=166635000 | Ped=0 | Highway=010 | Side=100 | Walk=0
Time=166665000 | Ped=0 | Highway=100 | Side=001 | Walk=0
Time=166725000 | Ped=0 | Highway=001 | Side=100 | Walk=0
Time=166785000 | Ped=0 | Highway=010 | Side=100 | Walk=0
Time=166815000 | Ped=0 | Highway=100 | Side=001 | Walk=0
Time=166875000 | Ped=0 | Highway=001 | Side=100 | Walk=0
Time=166935000 | Ped=0 | Highway=010 | Side=100 | Walk=0
Time=166965000 | Ped=0 | Highway=100 | Side=001 | Walk=0
Time=167025000 | Ped=0 | Highway=001 | Side=100 | Walk=0
Time=167085000 | Ped=0 | Highway=010 | Side=100 | Walk=0
Time=167115000 | Ped=0 | Highway=100 | Side=001 | Walk=0
Time=167175000 | Ped=0 | Highway=001 | Side=100 | Walk=0
Time=167235000 | Ped=0 | Highway=010 | Side=100 | Walk=0
Time=167265000 | Ped=0 | Highway=100 | Side=001 | Walk=0
Time=167325000 | Ped=0 | Highway=001 | Side=100 | Walk=0
Time=167385000 | Ped=0 | Highway=010 | Side=100 | Walk=0
Time=167415000 | Ped=0 | Highway=100 | Side=001 | Walk=0
Time=167475000 | Ped=0 | Highway=001 | Side=100 | Walk=0
Time=167535000 | Ped=0 | Highway=010 | Side=100 | Walk=0
Time=167565000 | Ped=0 | Highway=100 | Side=001 | Walk=0
Time=167625000 | Ped=0 | Highway=001 | Side=100 | Walk=0
Time=167685000 | Ped=0 | Highway=010 | Side=100 | Walk=0
Time=167715000 | Ped=0 | Highway=100 | Side=001 | Walk=0
Time=167775000 | Ped=0 | Highway=001 | Side=100 | Walk=0
Time=167835000 | Ped=0 | Highway=010 | Side=100 | Walk=0
Time=167865000 | Ped=0 | Highway=100 | Side=001 | Walk=0
Time=167925000 | Ped=0 | Highway=001 | Side=100 | Walk=0
Time=167985000 | Ped=0 | Highway=010 | Side=100 | Walk=0
Time=168015000 | Ped=0 | Highway=100 | Side=001 | Walk=0
Time=168075000 | Ped=0 | Highway=001 | Side=100 | Walk=0
Time=168135000 | Ped=0 | Highway=010 | Side=100 | Walk=0
Time=168165000 | Ped=0 | Highway=100 | Side=001 | Walk=0
Time=168225000 | Ped=0 | Highway=001 | Side=100 | Walk=0
Time=168285000 | Ped=0 | Highway=010 | Side=100 | Walk=0
Time=168315000 | Ped=0 | Highway=100 | Side=001 | Walk=0
Time=168375000 | Ped=0 | Highway=001 | Side=100 | Walk=0
Time=168435000 | Ped=0 | Highway=010 | Side=100 | Walk=0
Time=168465000 | Ped=0 | Highway=100 | Side=001 | Walk=0
Time=168525000 | Ped=0 | Highway=001 | Side=100 | Walk=0
Time=168585000 | Ped=0 | Highway=010 | Side=100 | Walk=0
Time=168615000 | Ped=0 | Highway=100 | Side=001 | Walk=0
Time=168675000 | Ped=0 | Highway=001 | Side=100 | Walk=0
Time=168735000 | Ped=0 | Highway=010 | Side=100 | Walk=0
Time=168765000 | Ped=0 | Highway=100 | Side=001 | Walk=0
Time=168825000 | Ped=0 | Highway=001 | Side=100 | Walk=0
Time=168885000 | Ped=0 | Highway=010 | Side=100 | Walk=0
Time=168915000 | Ped=0 | Highway=100 | Side=001 | Walk=0
Time=168975000 | Ped=0 | Highway=001 | Side=100 | Walk=0
Time=169035000 | Ped=0 | Highway=010 | Side=100 | Walk=0
Time=169065000 | Ped=0 | Highway=100 | Side=001 | Walk=0
Time=169125000 | Ped=0 | Highway=001 | Side=100 | Walk=0
Time=169185000 | Ped=0 | Highway=010 | Side=100 | Walk=0
Time=169215000 | Ped=0 | Highway=100 | Side=001 | Walk=0
Time=169275000 | Ped=0 | Highway=001 | Side=100 | Walk=0
Time=169335000 | Ped=0 | Highway=010 | Side=100 | Walk=0
Time=169365000 | Ped=0 | Highway=100 | Side=001 | Walk=0
Time=169425000 | Ped=0 | Highway=001 | Side=100 | Walk=0
Time=169485000 | Ped=0 | Highway=010 | Side=100 | Walk=0
Time=169515000 | Ped=0 | Highway=100 | Side=001 | Walk=0
Time=169575000 | Ped=0 | Highway=001 | Side=100 | Walk=0
Time=169635000 | Ped=0 | Highway=010 | Side=100 | Walk=0
Time=169665000 | Ped=0 | Highway=100 | Side=001 | Walk=0
Time=169725000 | Ped=0 | Highway=001 | Side=100 | Walk=0
Time=169785000 | Ped=0 | Highway=010 | Side=100 | Walk=0
Time=169815000 | Ped=0 | Highway=100 | Side=001 | Walk=0
Time=169875000 | Ped=0 | Highway=001 | Side=100 | Walk=0
Time=169935000 | Ped=0 | Highway=010 | Side=100 | Walk=0
Time=169965000 | Ped=0 | Highway=100 | Side=001 | Walk=0
Time=170025000 | Ped=0 | Highway=001 | Side=100 | Walk=0
Time=170085000 | Ped=0 | Highway=010 | Side=100 | Walk=0
Time=170115000 | Ped=0 | Highway=100 | Side=001 | Walk=0
Time=170175000 | Ped=0 | Highway=001 | Side=100 | Walk=0
Time=170235000 | Ped=0 | Highway=010 | Side=100 | Walk=0
Time=170265000 | Ped=0 | Highway=100 | Side=001 | Walk=0
Time=170325000 | Ped=0 | Highway=001 | Side=100 | Walk=0
Time=170385000 | Ped=0 | Highway=010 | Side=100 | Walk=0
Time=170415000 | Ped=0 | Highway=100 | Side=001 | Walk=0
Time=170475000 | Ped=0 | Highway=001 | Side=100 | Walk=0
Time=170535000 | Ped=0 | Highway=010 | Side=100 | Walk=0
Time=170565000 | Ped=0 | Highway=100 | Side=001 | Walk=0
Time=170625000 | Ped=0 | Highway=001 | Side=100 | Walk=0
Time=170685000 | Ped=0 | Highway=010 | Side=100 | Walk=0
Time=170715000 | Ped=0 | Highway=100 | Side=001 | Walk=0
Time=170775000 | Ped=0 | Highway=001 | Side=100 | Walk=0
Time=170835000 | Ped=0 | Highway=010 | Side=100 | Walk=0
Time=170865000 | Ped=0 | Highway=100 | Side=001 | Walk=0
Time=170925000 | Ped=0 | Highway=001 | Side=100 | Walk=0
Time=170985000 | Ped=0 | Highway=010 | Side=100 | Walk=0
Time=171015000 | Ped=0 | Highway=100 | Side=001 | Walk=0
Time=171075000 | Ped=0 | Highway=001 | Side=100 | Walk=0
Time=171135000 | Ped=0 | Highway=010 | Side=100 | Walk=0
Time=171165000 | Ped=0 | Highway=100 | Side=001 | Walk=0
Time=171225000 | Ped=0 | Highway=001 | Side=100 | Walk=0
Time=171285000 | Ped=0 | Highway=010 | Side=100 | Walk=0
Time=171315000 | Ped=0 | Highway=100 | Side=001 | Walk=0
Time=171375000 | Ped=0 | Highway=001 | Side=100 | Walk=0
Time=171435000 | Ped=0 | Highway=010 | Side=100 | Walk=0
Time=171465000 | Ped=0 | Highway=100 | Side=001 | Walk=0
Time=171525000 | Ped=0 | Highway=001 | Side=100 | Walk=0
Time=171585000 | Ped=0 | Highway=010 | Side=100 | Walk=0
Time=171615000 | Ped=0 | Highway=100 | Side=001 | Walk=0
Time=171675000 | Ped=0 | Highway=001 | Side=100 | Walk=0
Time=171735000 | Ped=0 | Highway=010 | Side=100 | Walk=0
Time=171765000 | Ped=0 | Highway=100 | Side=001 | Walk=0
Time=171825000 | Ped=0 | Highway=001 | Side=100 | Walk=0
Time=171885000 | Ped=0 | Highway=010 | Side=100 | Walk=0
Time=171915000 | Ped=0 | Highway=100 | Side=001 | Walk=0
Time=171975000 | Ped=0 | Highway=001 | Side=100 | Walk=0
Time=172035000 | Ped=0 | Highway=010 | Side=100 | Walk=0
Time=172065000 | Ped=0 | Highway=100 | Side=001 | Walk=0
Time=172125000 | Ped=0 | Highway=001 | Side=100 | Walk=0
Time=172185000 | Ped=0 | Highway=010 | Side=100 | Walk=0
Time=172215000 | Ped=0 | Highway=100 | Side=001 | Walk=0
Time=172275000 | Ped=0 | Highway=001 | Side=100 | Walk=0
Time=172335000 | Ped=0 | Highway=010 | Side=100 | Walk=0
Time=172365000 | Ped=0 | Highway=100 | Side=001 | Walk=0
Time=172425000 | Ped=0 | Highway=001 | Side=100 | Walk=0
Time=172485000 | Ped=0 | Highway=010 | Side=100 | Walk=0
Time=172515000 | Ped=0 | Highway=100 | Side=001 | Walk=0
Time=172575000 | Ped=0 | Highway=001 | Side=100 | Walk=0
Time=172635000 | Ped=0 | Highway=010 | Side=100 | Walk=0
Time=172665000 | Ped=0 | Highway=100 | Side=001 | Walk=0
Time=172725000 | Ped=0 | Highway=001 | Side=100 | Walk=0
Time=172785000 | Ped=0 | Highway=010 | Side=100 | Walk=0
Time=172815000 | Ped=0 | Highway=100 | Side=001 | Walk=0
Time=172875000 | Ped=0 | Highway=001 | Side=100 | Walk=0
Time=172935000 | Ped=0 | Highway=010 | Side=100 | Walk=0
Time=172965000 | Ped=0 | Highway=100 | Side=001 | Walk=0
Time=173025000 | Ped=0 | Highway=001 | Side=100 | Walk=0
Time=173085000 | Ped=0 | Highway=010 | Side=100 | Walk=0
Time=173115000 | Ped=0 | Highway=100 | Side=001 | Walk=0
Time=173175000 | Ped=0 | Highway=001 | Side=100 | Walk=0
Time=173235000 | Ped=0 | Highway=010 | Side=100 | Walk=0
Time=173265000 | Ped=0 | Highway=100 | Side=001 | Walk=0
Time=173325000 | Ped=0 | Highway=001 | Side=100 | Walk=0
Time=173385000 | Ped=0 | Highway=010 | Side=100 | Walk=0
Time=173415000 | Ped=0 | Highway=100 | Side=001 | Walk=0
Time=173475000 | Ped=0 | Highway=001 | Side=100 | Walk=0
Time=173535000 | Ped=0 | Highway=010 | Side=100 | Walk=0
Time=173565000 | Ped=0 | Highway=100 | Side=001 | Walk=0
Time=173625000 | Ped=0 | Highway=001 | Side=100 | Walk=0
Time=173685000 | Ped=0 | Highway=010 | Side=100 | Walk=0
Time=173715000 | Ped=0 | Highway=100 | Side=001 | Walk=0
Time=173775000 | Ped=0 | Highway=001 | Side=100 | Walk=0
Time=173835000 | Ped=0 | Highway=010 | Side=100 | Walk=0
Time=173865000 | Ped=0 | Highway=100 | Side=001 | Walk=0
Time=173925000 | Ped=0 | Highway=001 | Side=100 | Walk=0
Time=173985000 | Ped=0 | Highway=010 | Side=100 | Walk=0
Time=174015000 | Ped=0 | Highway=100 | Side=001 | Walk=0
Time=174075000 | Ped=0 | Highway=001 | Side=100 | Walk=0
Time=174135000 | Ped=0 | Highway=010 | Side=100 | Walk=0
Time=174165000 | Ped=0 | Highway=100 | Side=001 | Walk=0
Time=174225000 | Ped=0 | Highway=001 | Side=100 | Walk=0
Time=174285000 | Ped=0 | Highway=010 | Side=100 | Walk=0
Time=174315000 | Ped=0 | Highway=100 | Side=001 | Walk=0
Time=174375000 | Ped=0 | Highway=001 | Side=100 | Walk=0
Time=174435000 | Ped=0 | Highway=010 | Side=100 | Walk=0
Time=174465000 | Ped=0 | Highway=100 | Side=001 | Walk=0
Time=174525000 | Ped=0 | Highway=001 | Side=100 | Walk=0
Time=174585000 | Ped=0 | Highway=010 | Side=100 | Walk=0
Time=174615000 | Ped=0 | Highway=100 | Side=001 | Walk=0
Time=174675000 | Ped=0 | Highway=001 | Side=100 | Walk=0
Time=174735000 | Ped=0 | Highway=010 | Side=100 | Walk=0
Time=174765000 | Ped=0 | Highway=100 | Side=001 | Walk=0
Time=174825000 | Ped=0 | Highway=001 | Side=100 | Walk=0
Time=174885000 | Ped=0 | Highway=010 | Side=100 | Walk=0
Time=174915000 | Ped=0 | Highway=100 | Side=001 | Walk=0
Time=174975000 | Ped=0 | Highway=001 | Side=100 | Walk=0
Time=175035000 | Ped=0 | Highway=010 | Side=100 | Walk=0
Time=175065000 | Ped=0 | Highway=100 | Side=001 | Walk=0
Time=175125000 | Ped=0 | Highway=001 | Side=100 | Walk=0
Time=175185000 | Ped=0 | Highway=010 | Side=100 | Walk=0
Time=175215000 | Ped=0 | Highway=100 | Side=001 | Walk=0
Time=175275000 | Ped=0 | Highway=001 | Side=100 | Walk=0
Time=175335000 | Ped=0 | Highway=010 | Side=100 | Walk=0
Time=175365000 | Ped=0 | Highway=100 | Side=001 | Walk=0
Time=175425000 | Ped=0 | Highway=001 | Side=100 | Walk=0
Time=175485000 | Ped=0 | Highway=010 | Side=100 | Walk=0
Time=175515000 | Ped=0 | Highway=100 | Side=001 | Walk=0
Time=175575000 | Ped=0 | Highway=001 | Side=100 | Walk=0
Time=175635000 | Ped=0 | Highway=010 | Side=100 | Walk=0
Time=175665000 | Ped=0 | Highway=100 | Side=001 | Walk=0
Time=175725000 | Ped=0 | Highway=001 | Side=100 | Walk=0
Time=175785000 | Ped=0 | Highway=010 | Side=100 | Walk=0
Time=175815000 | Ped=0 | Highway=100 | Side=001 | Walk=0
Time=175875000 | Ped=0 | Highway=001 | Side=100 | Walk=0
Time=175935000 | Ped=0 | Highway=010 | Side=100 | Walk=0
Time=175965000 | Ped=0 | Highway=100 | Side=001 | Walk=0
Time=176025000 | Ped=0 | Highway=001 | Side=100 | Walk=0
Time=176085000 | Ped=0 | Highway=010 | Side=100 | Walk=0
Time=176115000 | Ped=0 | Highway=100 | Side=001 | Walk=0
Time=176175000 | Ped=0 | Highway=001 | Side=100 | Walk=0
Time=176235000 | Ped=0 | Highway=010 | Side=100 | Walk=0
Time=176265000 | Ped=0 | Highway=100 | Side=001 | Walk=0
Time=176325000 | Ped=0 | Highway=001 | Side=100 | Walk=0
Time=176385000 | Ped=0 | Highway=010 | Side=100 | Walk=0
Time=176415000 | Ped=0 | Highway=100 | Side=001 | Walk=0
Time=176475000 | Ped=0 | Highway=001 | Side=100 | Walk=0
Time=176535000 | Ped=0 | Highway=010 | Side=100 | Walk=0
Time=176565000 | Ped=0 | Highway=100 | Side=001 | Walk=0
Time=176625000 | Ped=0 | Highway=001 | Side=100 | Walk=0
Time=176685000 | Ped=0 | Highway=010 | Side=100 | Walk=0
Time=176715000 | Ped=0 | Highway=100 | Side=001 | Walk=0
Time=176775000 | Ped=0 | Highway=001 | Side=100 | Walk=0
Time=176835000 | Ped=0 | Highway=010 | Side=100 | Walk=0
Time=176865000 | Ped=0 | Highway=100 | Side=001 | Walk=0
Time=176925000 | Ped=0 | Highway=001 | Side=100 | Walk=0
Time=176985000 | Ped=0 | Highway=010 | Side=100 | Walk=0
Time=177015000 | Ped=0 | Highway=100 | Side=001 | Walk=0
Time=177075000 | Ped=0 | Highway=001 | Side=100 | Walk=0
Time=177135000 | Ped=0 | Highway=010 | Side=100 | Walk=0
Time=177165000 | Ped=0 | Highway=100 | Side=001 | Walk=0
Time=177225000 | Ped=0 | Highway=001 | Side=100 | Walk=0
Time=177285000 | Ped=0 | Highway=010 | Side=100 | Walk=0
Time=177315000 | Ped=0 | Highway=100 | Side=001 | Walk=0
Time=177375000 | Ped=0 | Highway=001 | Side=100 | Walk=0
Time=177435000 | Ped=0 | Highway=010 | Side=100 | Walk=0
Time=177465000 | Ped=0 | Highway=100 | Side=001 | Walk=0
Time=177525000 | Ped=0 | Highway=001 | Side=100 | Walk=0
Time=177585000 | Ped=0 | Highway=010 | Side=100 | Walk=0
Time=177615000 | Ped=0 | Highway=100 | Side=001 | Walk=0
Time=177675000 | Ped=0 | Highway=001 | Side=100 | Walk=0
Time=177735000 | Ped=0 | Highway=010 | Side=100 | Walk=0
Time=177765000 | Ped=0 | Highway=100 | Side=001 | Walk=0
Time=177825000 | Ped=0 | Highway=001 | Side=100 | Walk=0
Time=177885000 | Ped=0 | Highway=010 | Side=100 | Walk=0
Time=177915000 | Ped=0 | Highway=100 | Side=001 | Walk=0
Time=177975000 | Ped=0 | Highway=001 | Side=100 | Walk=0
Time=178035000 | Ped=0 | Highway=010 | Side=100 | Walk=0
Time=178065000 | Ped=0 | Highway=100 | Side=001 | Walk=0
Time=178125000 | Ped=0 | Highway=001 | Side=100 | Walk=0
Time=178185000 | Ped=0 | Highway=010 | Side=100 | Walk=0
Time=178215000 | Ped=0 | Highway=100 | Side=001 | Walk=0
Time=178275000 | Ped=0 | Highway=001 | Side=100 | Walk=0
Time=178335000 | Ped=0 | Highway=010 | Side=100 | Walk=0
Time=178365000 | Ped=0 | Highway=100 | Side=001 | Walk=0
Time=178425000 | Ped=0 | Highway=001 | Side=100 | Walk=0
Time=178485000 | Ped=0 | Highway=010 | Side=100 | Walk=0
Time=178515000 | Ped=0 | Highway=100 | Side=001 | Walk=0
Time=178575000 | Ped=0 | Highway=001 | Side=100 | Walk=0
Time=178635000 | Ped=0 | Highway=010 | Side=100 | Walk=0
Time=178665000 | Ped=0 | Highway=100 | Side=001 | Walk=0
Time=178725000 | Ped=0 | Highway=001 | Side=100 | Walk=0
Time=178785000 | Ped=0 | Highway=010 | Side=100 | Walk=0
Time=178815000 | Ped=0 | Highway=100 | Side=001 | Walk=0
Time=178875000 | Ped=0 | Highway=001 | Side=100 | Walk=0
Time=178935000 | Ped=0 | Highway=010 | Side=100 | Walk=0
Time=178965000 | Ped=0 | Highway=100 | Side=001 | Walk=0
Time=179025000 | Ped=0 | Highway=001 | Side=100 | Walk=0
Time=179085000 | Ped=0 | Highway=010 | Side=100 | Walk=0
Time=179115000 | Ped=0 | Highway=100 | Side=001 | Walk=0
Time=179175000 | Ped=0 | Highway=001 | Side=100 | Walk=0
Time=179235000 | Ped=0 | Highway=010 | Side=100 | Walk=0
Time=179265000 | Ped=0 | Highway=100 | Side=001 | Walk=0
Time=179325000 | Ped=0 | Highway=001 | Side=100 | Walk=0
Time=179385000 | Ped=0 | Highway=010 | Side=100 | Walk=0
Time=179415000 | Ped=0 | Highway=100 | Side=001 | Walk=0
Time=179475000 | Ped=0 | Highway=001 | Side=100 | Walk=0
Time=179535000 | Ped=0 | Highway=010 | Side=100 | Walk=0
Time=179565000 | Ped=0 | Highway=100 | Side=001 | Walk=0
Time=179625000 | Ped=0 | Highway=001 | Side=100 | Walk=0
Time=179685000 | Ped=0 | Highway=010 | Side=100 | Walk=0
Time=179715000 | Ped=0 | Highway=100 | Side=001 | Walk=0
Time=179775000 | Ped=0 | Highway=001 | Side=100 | Walk=0
Time=179835000 | Ped=0 | Highway=010 | Side=100 | Walk=0
Time=179865000 | Ped=0 | Highway=100 | Side=001 | Walk=0
Time=179925000 | Ped=0 | Highway=001 | Side=100 | Walk=0
Time=179985000 | Ped=0 | Highway=010 | Side=100 | Walk=0
Time=180015000 | Ped=0 | Highway=100 | Side=001 | Walk=0
Time=180075000 | Ped=0 | Highway=001 | Side=100 | Walk=0
Time=180135000 | Ped=0 | Highway=010 | Side=100 | Walk=0
Time=180165000 | Ped=0 | Highway=100 | Side=001 | Walk=0
Time=180225000 | Ped=0 | Highway=001 | Side=100 | Walk=0
Time=180285000 | Ped=0 | Highway=010 | Side=100 | Walk=0
Time=180315000 | Ped=0 | Highway=100 | Side=001 | Walk=0
Time=180375000 | Ped=0 | Highway=001 | Side=100 | Walk=0
Time=180435000 | Ped=0 | Highway=010 | Side=100 | Walk=0
Time=180465000 | Ped=0 | Highway=100 | Side=001 | Walk=0
Time=180525000 | Ped=0 | Highway=001 | Side=100 | Walk=0
Time=180585000 | Ped=0 | Highway=010 | Side=100 | Walk=0
Time=180615000 | Ped=0 | Highway=100 | Side=001 | Walk=0
Time=180675000 | Ped=0 | Highway=001 | Side=100 | Walk=0
Time=180735000 | Ped=0 | Highway=010 | Side=100 | Walk=0
Time=180765000 | Ped=0 | Highway=100 | Side=001 | Walk=0
Time=180825000 | Ped=0 | Highway=001 | Side=100 | Walk=0
Time=180885000 | Ped=0 | Highway=010 | Side=100 | Walk=0
Time=180915000 | Ped=0 | Highway=100 | Side=001 | Walk=0
Time=180975000 | Ped=0 | Highway=001 | Side=100 | Walk=0
Time=181035000 | Ped=0 | Highway=010 | Side=100 | Walk=0
Time=181065000 | Ped=0 | Highway=100 | Side=001 | Walk=0
Time=181125000 | Ped=0 | Highway=001 | Side=100 | Walk=0
Time=181185000 | Ped=0 | Highway=010 | Side=100 | Walk=0
Time=181215000 | Ped=0 | Highway=100 | Side=001 | Walk=0
Time=181275000 | Ped=0 | Highway=001 | Side=100 | Walk=0
Time=181335000 | Ped=0 | Highway=010 | Side=100 | Walk=0
Time=181365000 | Ped=0 | Highway=100 | Side=001 | Walk=0
Time=181425000 | Ped=0 | Highway=001 | Side=100 | Walk=0
Time=181485000 | Ped=0 | Highway=010 | Side=100 | Walk=0
Time=181515000 | Ped=0 | Highway=100 | Side=001 | Walk=0
Time=181575000 | Ped=0 | Highway=001 | Side=100 | Walk=0
Time=181635000 | Ped=0 | Highway=010 | Side=100 | Walk=0
Time=181665000 | Ped=0 | Highway=100 | Side=001 | Walk=0
Time=181725000 | Ped=0 | Highway=001 | Side=100 | Walk=0
Time=181785000 | Ped=0 | Highway=010 | Side=100 | Walk=0
Time=181815000 | Ped=0 | Highway=100 | Side=001 | Walk=0
Time=181875000 | Ped=0 | Highway=001 | Side=100 | Walk=0
Time=181935000 | Ped=0 | Highway=010 | Side=100 | Walk=0
Time=181965000 | Ped=0 | Highway=100 | Side=001 | Walk=0
Time=182025000 | Ped=0 | Highway=001 | Side=100 | Walk=0
Time=182085000 | Ped=0 | Highway=010 | Side=100 | Walk=0
Time=182115000 | Ped=0 | Highway=100 | Side=001 | Walk=0
Time=182175000 | Ped=0 | Highway=001 | Side=100 | Walk=0
Time=182235000 | Ped=0 | Highway=010 | Side=100 | Walk=0
Time=182265000 | Ped=0 | Highway=100 | Side=001 | Walk=0
Time=182325000 | Ped=0 | Highway=001 | Side=100 | Walk=0
Time=182385000 | Ped=0 | Highway=010 | Side=100 | Walk=0
Time=182415000 | Ped=0 | Highway=100 | Side=001 | Walk=0
Time=182475000 | Ped=0 | Highway=001 | Side=100 | Walk=0
Time=182535000 | Ped=0 | Highway=010 | Side=100 | Walk=0
Time=182565000 | Ped=0 | Highway=100 | Side=001 | Walk=0
Time=182625000 | Ped=0 | Highway=001 | Side=100 | Walk=0
Time=182685000 | Ped=0 | Highway=010 | Side=100 | Walk=0
Time=182715000 | Ped=0 | Highway=100 | Side=001 | Walk=0
Time=182775000 | Ped=0 | Highway=001 | Side=100 | Walk=0
Time=182835000 | Ped=0 | Highway=010 | Side=100 | Walk=0
Time=182865000 | Ped=0 | Highway=100 | Side=001 | Walk=0
Time=182925000 | Ped=0 | Highway=001 | Side=100 | Walk=0
Time=182985000 | Ped=0 | Highway=010 | Side=100 | Walk=0
Time=183015000 | Ped=0 | Highway=100 | Side=001 | Walk=0
Time=183075000 | Ped=0 | Highway=001 | Side=100 | Walk=0
Time=183135000 | Ped=0 | Highway=010 | Side=100 | Walk=0
Time=183165000 | Ped=0 | Highway=100 | Side=001 | Walk=0
Time=183225000 | Ped=0 | Highway=001 | Side=100 | Walk=0
Time=183285000 | Ped=0 | Highway=010 | Side=100 | Walk=0
Time=183315000 | Ped=0 | Highway=100 | Side=001 | Walk=0
Time=183375000 | Ped=0 | Highway=001 | Side=100 | Walk=0
Time=183435000 | Ped=0 | Highway=010 | Side=100 | Walk=0
Time=183465000 | Ped=0 | Highway=100 | Side=001 | Walk=0
Time=183525000 | Ped=0 | Highway=001 | Side=100 | Walk=0
Time=183585000 | Ped=0 | Highway=010 | Side=100 | Walk=0
Time=183615000 | Ped=0 | Highway=100 | Side=001 | Walk=0
Time=183675000 | Ped=0 | Highway=001 | Side=100 | Walk=0
Time=183735000 | Ped=0 | Highway=010 | Side=100 | Walk=0
Time=183765000 | Ped=0 | Highway=100 | Side=001 | Walk=0
Time=183825000 | Ped=0 | Highway=001 | Side=100 | Walk=0
Time=183885000 | Ped=0 | Highway=010 | Side=100 | Walk=0
Time=183915000 | Ped=0 | Highway=100 | Side=001 | Walk=0
Time=183975000 | Ped=0 | Highway=001 | Side=100 | Walk=0
Time=184035000 | Ped=0 | Highway=010 | Side=100 | Walk=0
Time=184065000 | Ped=0 | Highway=100 | Side=001 | Walk=0
Time=184125000 | Ped=0 | Highway=001 | Side=100 | Walk=0
Time=184185000 | Ped=0 | Highway=010 | Side=100 | Walk=0
Time=184215000 | Ped=0 | Highway=100 | Side=001 | Walk=0
Time=184275000 | Ped=0 | Highway=001 | Side=100 | Walk=0
Time=184335000 | Ped=0 | Highway=010 | Side=100 | Walk=0
Time=184365000 | Ped=0 | Highway=100 | Side=001 | Walk=0
Time=184425000 | Ped=0 | Highway=001 | Side=100 | Walk=0
Time=184485000 | Ped=0 | Highway=010 | Side=100 | Walk=0
Time=184515000 | Ped=0 | Highway=100 | Side=001 | Walk=0
Time=184575000 | Ped=0 | Highway=001 | Side=100 | Walk=0
Time=184635000 | Ped=0 | Highway=010 | Side=100 | Walk=0
Time=184665000 | Ped=0 | Highway=100 | Side=001 | Walk=0
Time=184725000 | Ped=0 | Highway=001 | Side=100 | Walk=0
Time=184785000 | Ped=0 | Highway=010 | Side=100 | Walk=0
Time=184815000 | Ped=0 | Highway=100 | Side=001 | Walk=0
Time=184875000 | Ped=0 | Highway=001 | Side=100 | Walk=0
Time=184935000 | Ped=0 | Highway=010 | Side=100 | Walk=0
Time=184965000 | Ped=0 | Highway=100 | Side=001 | Walk=0
Time=185025000 | Ped=0 | Highway=001 | Side=100 | Walk=0
Time=185085000 | Ped=0 | Highway=010 | Side=100 | Walk=0
Time=185115000 | Ped=0 | Highway=100 | Side=001 | Walk=0
Time=185175000 | Ped=0 | Highway=001 | Side=100 | Walk=0
Time=185235000 | Ped=0 | Highway=010 | Side=100 | Walk=0
Time=185265000 | Ped=0 | Highway=100 | Side=001 | Walk=0
Time=185325000 | Ped=0 | Highway=001 | Side=100 | Walk=0
Time=185385000 | Ped=0 | Highway=010 | Side=100 | Walk=0
Time=185415000 | Ped=0 | Highway=100 | Side=001 | Walk=0
Time=185475000 | Ped=0 | Highway=001 | Side=100 | Walk=0
Time=185535000 | Ped=0 | Highway=010 | Side=100 | Walk=0
Time=185565000 | Ped=0 | Highway=100 | Side=001 | Walk=0
Time=185625000 | Ped=0 | Highway=001 | Side=100 | Walk=0
Time=185685000 | Ped=0 | Highway=010 | Side=100 | Walk=0
Time=185715000 | Ped=0 | Highway=100 | Side=001 | Walk=0
Time=185775000 | Ped=0 | Highway=001 | Side=100 | Walk=0
Time=185835000 | Ped=0 | Highway=010 | Side=100 | Walk=0
Time=185865000 | Ped=0 | Highway=100 | Side=001 | Walk=0
Time=185925000 | Ped=0 | Highway=001 | Side=100 | Walk=0
Time=185985000 | Ped=0 | Highway=010 | Side=100 | Walk=0
Time=186015000 | Ped=0 | Highway=100 | Side=001 | Walk=0
Time=186075000 | Ped=0 | Highway=001 | Side=100 | Walk=0
Time=186135000 | Ped=0 | Highway=010 | Side=100 | Walk=0
Time=186165000 | Ped=0 | Highway=100 | Side=001 | Walk=0
Time=186225000 | Ped=0 | Highway=001 | Side=100 | Walk=0
Time=186285000 | Ped=0 | Highway=010 | Side=100 | Walk=0
Time=186315000 | Ped=0 | Highway=100 | Side=001 | Walk=0
Time=186375000 | Ped=0 | Highway=001 | Side=100 | Walk=0
Time=186435000 | Ped=0 | Highway=010 | Side=100 | Walk=0
Time=186465000 | Ped=0 | Highway=100 | Side=001 | Walk=0
Time=186525000 | Ped=0 | Highway=001 | Side=100 | Walk=0
Time=186585000 | Ped=0 | Highway=010 | Side=100 | Walk=0
Time=186615000 | Ped=0 | Highway=100 | Side=001 | Walk=0
Time=186675000 | Ped=0 | Highway=001 | Side=100 | Walk=0
Time=186735000 | Ped=0 | Highway=010 | Side=100 | Walk=0
Time=186765000 | Ped=0 | Highway=100 | Side=001 | Walk=0
Time=186825000 | Ped=0 | Highway=001 | Side=100 | Walk=0
Time=186885000 | Ped=0 | Highway=010 | Side=100 | Walk=0
Time=186915000 | Ped=0 | Highway=100 | Side=001 | Walk=0
Time=186975000 | Ped=0 | Highway=001 | Side=100 | Walk=0
Time=187035000 | Ped=0 | Highway=010 | Side=100 | Walk=0
Time=187065000 | Ped=0 | Highway=100 | Side=001 | Walk=0
Time=187125000 | Ped=0 | Highway=001 | Side=100 | Walk=0
Time=187185000 | Ped=0 | Highway=010 | Side=100 | Walk=0
Time=187215000 | Ped=0 | Highway=100 | Side=001 | Walk=0
Time=187275000 | Ped=0 | Highway=001 | Side=100 | Walk=0
Time=187335000 | Ped=0 | Highway=010 | Side=100 | Walk=0
Time=187365000 | Ped=0 | Highway=100 | Side=001 | Walk=0
Time=187425000 | Ped=0 | Highway=001 | Side=100 | Walk=0
Time=187485000 | Ped=0 | Highway=010 | Side=100 | Walk=0
Time=187515000 | Ped=0 | Highway=100 | Side=001 | Walk=0
Time=187575000 | Ped=0 | Highway=001 | Side=100 | Walk=0
Time=187635000 | Ped=0 | Highway=010 | Side=100 | Walk=0
Time=187665000 | Ped=0 | Highway=100 | Side=001 | Walk=0
Time=187725000 | Ped=0 | Highway=001 | Side=100 | Walk=0
Time=187785000 | Ped=0 | Highway=010 | Side=100 | Walk=0
Time=187815000 | Ped=0 | Highway=100 | Side=001 | Walk=0
Time=187875000 | Ped=0 | Highway=001 | Side=100 | Walk=0
Time=187935000 | Ped=0 | Highway=010 | Side=100 | Walk=0
Time=187965000 | Ped=0 | Highway=100 | Side=001 | Walk=0
Time=188025000 | Ped=0 | Highway=001 | Side=100 | Walk=0
Time=188085000 | Ped=0 | Highway=010 | Side=100 | Walk=0
Time=188115000 | Ped=0 | Highway=100 | Side=001 | Walk=0
Time=188175000 | Ped=0 | Highway=001 | Side=100 | Walk=0
Time=188235000 | Ped=0 | Highway=010 | Side=100 | Walk=0
Time=188265000 | Ped=0 | Highway=100 | Side=001 | Walk=0
Time=188325000 | Ped=0 | Highway=001 | Side=100 | Walk=0
Time=188385000 | Ped=0 | Highway=010 | Side=100 | Walk=0
Time=188415000 | Ped=0 | Highway=100 | Side=001 | Walk=0
Time=188475000 | Ped=0 | Highway=001 | Side=100 | Walk=0
Time=188535000 | Ped=0 | Highway=010 | Side=100 | Walk=0
Time=188565000 | Ped=0 | Highway=100 | Side=001 | Walk=0
Time=188625000 | Ped=0 | Highway=001 | Side=100 | Walk=0
Time=188685000 | Ped=0 | Highway=010 | Side=100 | Walk=0
Time=188715000 | Ped=0 | Highway=100 | Side=001 | Walk=0
Time=188775000 | Ped=0 | Highway=001 | Side=100 | Walk=0
Time=188835000 | Ped=0 | Highway=010 | Side=100 | Walk=0
Time=188865000 | Ped=0 | Highway=100 | Side=001 | Walk=0
Time=188925000 | Ped=0 | Highway=001 | Side=100 | Walk=0
Time=188985000 | Ped=0 | Highway=010 | Side=100 | Walk=0
Time=189015000 | Ped=0 | Highway=100 | Side=001 | Walk=0
Time=189075000 | Ped=0 | Highway=001 | Side=100 | Walk=0
Time=189135000 | Ped=0 | Highway=010 | Side=100 | Walk=0
Time=189165000 | Ped=0 | Highway=100 | Side=001 | Walk=0
Time=189225000 | Ped=0 | Highway=001 | Side=100 | Walk=0
Time=189285000 | Ped=0 | Highway=010 | Side=100 | Walk=0
Time=189315000 | Ped=0 | Highway=100 | Side=001 | Walk=0
Time=189375000 | Ped=0 | Highway=001 | Side=100 | Walk=0
Time=189435000 | Ped=0 | Highway=010 | Side=100 | Walk=0
Time=189465000 | Ped=0 | Highway=100 | Side=001 | Walk=0
Time=189525000 | Ped=0 | Highway=001 | Side=100 | Walk=0
Time=189585000 | Ped=0 | Highway=010 | Side=100 | Walk=0
Time=189615000 | Ped=0 | Highway=100 | Side=001 | Walk=0
Time=189675000 | Ped=0 | Highway=001 | Side=100 | Walk=0
Time=189735000 | Ped=0 | Highway=010 | Side=100 | Walk=0
Time=189765000 | Ped=0 | Highway=100 | Side=001 | Walk=0
Time=189825000 | Ped=0 | Highway=001 | Side=100 | Walk=0
Time=189885000 | Ped=0 | Highway=010 | Side=100 | Walk=0
Time=189915000 | Ped=0 | Highway=100 | Side=001 | Walk=0
Time=189975000 | Ped=0 | Highway=001 | Side=100 | Walk=0
Time=190035000 | Ped=0 | Highway=010 | Side=100 | Walk=0
Time=190065000 | Ped=0 | Highway=100 | Side=001 | Walk=0
Time=190125000 | Ped=0 | Highway=001 | Side=100 | Walk=0
Time=190185000 | Ped=0 | Highway=010 | Side=100 | Walk=0
Time=190215000 | Ped=0 | Highway=100 | Side=001 | Walk=0
Time=190275000 | Ped=0 | Highway=001 | Side=100 | Walk=0
Time=190335000 | Ped=0 | Highway=010 | Side=100 | Walk=0
Time=190365000 | Ped=0 | Highway=100 | Side=001 | Walk=0
Time=190425000 | Ped=0 | Highway=001 | Side=100 | Walk=0
Time=190485000 | Ped=0 | Highway=010 | Side=100 | Walk=0
Time=190515000 | Ped=0 | Highway=100 | Side=001 | Walk=0
Time=190575000 | Ped=0 | Highway=001 | Side=100 | Walk=0
Time=190635000 | Ped=0 | Highway=010 | Side=100 | Walk=0
Time=190665000 | Ped=0 | Highway=100 | Side=001 | Walk=0
Time=190725000 | Ped=0 | Highway=001 | Side=100 | Walk=0
Time=190785000 | Ped=0 | Highway=010 | Side=100 | Walk=0
Time=190815000 | Ped=0 | Highway=100 | Side=001 | Walk=0
Time=190875000 | Ped=0 | Highway=001 | Side=100 | Walk=0
Time=190935000 | Ped=0 | Highway=010 | Side=100 | Walk=0
Time=190965000 | Ped=0 | Highway=100 | Side=001 | Walk=0
Time=191025000 | Ped=0 | Highway=001 | Side=100 | Walk=0
Time=191085000 | Ped=0 | Highway=010 | Side=100 | Walk=0
Time=191115000 | Ped=0 | Highway=100 | Side=001 | Walk=0
Time=191175000 | Ped=0 | Highway=001 | Side=100 | Walk=0
Time=191235000 | Ped=0 | Highway=010 | Side=100 | Walk=0
Time=191265000 | Ped=0 | Highway=100 | Side=001 | Walk=0
Time=191325000 | Ped=0 | Highway=001 | Side=100 | Walk=0
Time=191385000 | Ped=0 | Highway=010 | Side=100 | Walk=0
Time=191415000 | Ped=0 | Highway=100 | Side=001 | Walk=0
Time=191475000 | Ped=0 | Highway=001 | Side=100 | Walk=0
Time=191535000 | Ped=0 | Highway=010 | Side=100 | Walk=0
Time=191565000 | Ped=0 | Highway=100 | Side=001 | Walk=0
Time=191625000 | Ped=0 | Highway=001 | Side=100 | Walk=0
Time=191685000 | Ped=0 | Highway=010 | Side=100 | Walk=0
Time=191715000 | Ped=0 | Highway=100 | Side=001 | Walk=0
Time=191775000 | Ped=0 | Highway=001 | Side=100 | Walk=0
Time=191835000 | Ped=0 | Highway=010 | Side=100 | Walk=0
Time=191865000 | Ped=0 | Highway=100 | Side=001 | Walk=0
Time=191925000 | Ped=0 | Highway=001 | Side=100 | Walk=0
Time=191985000 | Ped=0 | Highway=010 | Side=100 | Walk=0
Time=192015000 | Ped=0 | Highway=100 | Side=001 | Walk=0
Time=192075000 | Ped=0 | Highway=001 | Side=100 | Walk=0
Time=192135000 | Ped=0 | Highway=010 | Side=100 | Walk=0
Time=192165000 | Ped=0 | Highway=100 | Side=001 | Walk=0
Time=192225000 | Ped=0 | Highway=001 | Side=100 | Walk=0
Time=192285000 | Ped=0 | Highway=010 | Side=100 | Walk=0
Time=192315000 | Ped=0 | Highway=100 | Side=001 | Walk=0
Time=192375000 | Ped=0 | Highway=001 | Side=100 | Walk=0
Time=192435000 | Ped=0 | Highway=010 | Side=100 | Walk=0
Time=192465000 | Ped=0 | Highway=100 | Side=001 | Walk=0
Time=192525000 | Ped=0 | Highway=001 | Side=100 | Walk=0
Time=192585000 | Ped=0 | Highway=010 | Side=100 | Walk=0
Time=192615000 | Ped=0 | Highway=100 | Side=001 | Walk=0
Time=192675000 | Ped=0 | Highway=001 | Side=100 | Walk=0
Time=192735000 | Ped=0 | Highway=010 | Side=100 | Walk=0
Time=192765000 | Ped=0 | Highway=100 | Side=001 | Walk=0
Time=192825000 | Ped=0 | Highway=001 | Side=100 | Walk=0
Time=192885000 | Ped=0 | Highway=010 | Side=100 | Walk=0
Time=192915000 | Ped=0 | Highway=100 | Side=001 | Walk=0
Time=192975000 | Ped=0 | Highway=001 | Side=100 | Walk=0
Time=193035000 | Ped=0 | Highway=010 | Side=100 | Walk=0
Time=193065000 | Ped=0 | Highway=100 | Side=001 | Walk=0
Time=193125000 | Ped=0 | Highway=001 | Side=100 | Walk=0
Time=193185000 | Ped=0 | Highway=010 | Side=100 | Walk=0
Time=193215000 | Ped=0 | Highway=100 | Side=001 | Walk=0
Time=193275000 | Ped=0 | Highway=001 | Side=100 | Walk=0
Time=193335000 | Ped=0 | Highway=010 | Side=100 | Walk=0
Time=193365000 | Ped=0 | Highway=100 | Side=001 | Walk=0
Time=193425000 | Ped=0 | Highway=001 | Side=100 | Walk=0
Time=193485000 | Ped=0 | Highway=010 | Side=100 | Walk=0
Time=193515000 | Ped=0 | Highway=100 | Side=001 | Walk=0
Time=193575000 | Ped=0 | Highway=001 | Side=100 | Walk=0
Time=193635000 | Ped=0 | Highway=010 | Side=100 | Walk=0
Time=193665000 | Ped=0 | Highway=100 | Side=001 | Walk=0
Time=193725000 | Ped=0 | Highway=001 | Side=100 | Walk=0
Time=193785000 | Ped=0 | Highway=010 | Side=100 | Walk=0
Time=193815000 | Ped=0 | Highway=100 | Side=001 | Walk=0
Time=193875000 | Ped=0 | Highway=001 | Side=100 | Walk=0
Time=193935000 | Ped=0 | Highway=010 | Side=100 | Walk=0
Time=193965000 | Ped=0 | Highway=100 | Side=001 | Walk=0
Time=194025000 | Ped=0 | Highway=001 | Side=100 | Walk=0
Time=194085000 | Ped=0 | Highway=010 | Side=100 | Walk=0
Time=194115000 | Ped=0 | Highway=100 | Side=001 | Walk=0
Time=194175000 | Ped=0 | Highway=001 | Side=100 | Walk=0
Time=194235000 | Ped=0 | Highway=010 | Side=100 | Walk=0
Time=194265000 | Ped=0 | Highway=100 | Side=001 | Walk=0
Time=194325000 | Ped=0 | Highway=001 | Side=100 | Walk=0
Time=194385000 | Ped=0 | Highway=010 | Side=100 | Walk=0
Time=194415000 | Ped=0 | Highway=100 | Side=001 | Walk=0
Time=194475000 | Ped=0 | Highway=001 | Side=100 | Walk=0
Time=194535000 | Ped=0 | Highway=010 | Side=100 | Walk=0
Time=194565000 | Ped=0 | Highway=100 | Side=001 | Walk=0
Time=194625000 | Ped=0 | Highway=001 | Side=100 | Walk=0
Time=194685000 | Ped=0 | Highway=010 | Side=100 | Walk=0
Time=194715000 | Ped=0 | Highway=100 | Side=001 | Walk=0
Time=194775000 | Ped=0 | Highway=001 | Side=100 | Walk=0
Time=194835000 | Ped=0 | Highway=010 | Side=100 | Walk=0
Time=194865000 | Ped=0 | Highway=100 | Side=001 | Walk=0
Time=194925000 | Ped=0 | Highway=001 | Side=100 | Walk=0
Time=194985000 | Ped=0 | Highway=010 | Side=100 | Walk=0
Time=195015000 | Ped=0 | Highway=100 | Side=001 | Walk=0
Time=195075000 | Ped=0 | Highway=001 | Side=100 | Walk=0
Time=195135000 | Ped=0 | Highway=010 | Side=100 | Walk=0
Time=195165000 | Ped=0 | Highway=100 | Side=001 | Walk=0
Time=195225000 | Ped=0 | Highway=001 | Side=100 | Walk=0
Time=195285000 | Ped=0 | Highway=010 | Side=100 | Walk=0
Time=195315000 | Ped=0 | Highway=100 | Side=001 | Walk=0
Time=195375000 | Ped=0 | Highway=001 | Side=100 | Walk=0
Time=195435000 | Ped=0 | Highway=010 | Side=100 | Walk=0
Time=195465000 | Ped=0 | Highway=100 | Side=001 | Walk=0
Time=195525000 | Ped=0 | Highway=001 | Side=100 | Walk=0
Time=195585000 | Ped=0 | Highway=010 | Side=100 | Walk=0
Time=195615000 | Ped=0 | Highway=100 | Side=001 | Walk=0
Time=195675000 | Ped=0 | Highway=001 | Side=100 | Walk=0
Time=195735000 | Ped=0 | Highway=010 | Side=100 | Walk=0
Time=195765000 | Ped=0 | Highway=100 | Side=001 | Walk=0
Time=195825000 | Ped=0 | Highway=001 | Side=100 | Walk=0
Time=195885000 | Ped=0 | Highway=010 | Side=100 | Walk=0
Time=195915000 | Ped=0 | Highway=100 | Side=001 | Walk=0
Time=195975000 | Ped=0 | Highway=001 | Side=100 | Walk=0
Time=196035000 | Ped=0 | Highway=010 | Side=100 | Walk=0
Time=196065000 | Ped=0 | Highway=100 | Side=001 | Walk=0
Time=196125000 | Ped=0 | Highway=001 | Side=100 | Walk=0
Time=196185000 | Ped=0 | Highway=010 | Side=100 | Walk=0
Time=196215000 | Ped=0 | Highway=100 | Side=001 | Walk=0
Time=196275000 | Ped=0 | Highway=001 | Side=100 | Walk=0
Time=196335000 | Ped=0 | Highway=010 | Side=100 | Walk=0
Time=196365000 | Ped=0 | Highway=100 | Side=001 | Walk=0
Time=196425000 | Ped=0 | Highway=001 | Side=100 | Walk=0
Time=196485000 | Ped=0 | Highway=010 | Side=100 | Walk=0
Time=196515000 | Ped=0 | Highway=100 | Side=001 | Walk=0
Time=196575000 | Ped=0 | Highway=001 | Side=100 | Walk=0
Time=196635000 | Ped=0 | Highway=010 | Side=100 | Walk=0
Time=196665000 | Ped=0 | Highway=100 | Side=001 | Walk=0
Time=196725000 | Ped=0 | Highway=001 | Side=100 | Walk=0
Time=196785000 | Ped=0 | Highway=010 | Side=100 | Walk=0
Time=196815000 | Ped=0 | Highway=100 | Side=001 | Walk=0
Time=196875000 | Ped=0 | Highway=001 | Side=100 | Walk=0
Time=196935000 | Ped=0 | Highway=010 | Side=100 | Walk=0
Time=196965000 | Ped=0 | Highway=100 | Side=001 | Walk=0
Time=197025000 | Ped=0 | Highway=001 | Side=100 | Walk=0
Time=197085000 | Ped=0 | Highway=010 | Side=100 | Walk=0
Time=197115000 | Ped=0 | Highway=100 | Side=001 | Walk=0
Time=197175000 | Ped=0 | Highway=001 | Side=100 | Walk=0
Time=197235000 | Ped=0 | Highway=010 | Side=100 | Walk=0
Time=197265000 | Ped=0 | Highway=100 | Side=001 | Walk=0
Time=197325000 | Ped=0 | Highway=001 | Side=100 | Walk=0
Time=197385000 | Ped=0 | Highway=010 | Side=100 | Walk=0
Time=197415000 | Ped=0 | Highway=100 | Side=001 | Walk=0
Time=197475000 | Ped=0 | Highway=001 | Side=100 | Walk=0
Time=197535000 | Ped=0 | Highway=010 | Side=100 | Walk=0
Time=197565000 | Ped=0 | Highway=100 | Side=001 | Walk=0
Time=197625000 | Ped=0 | Highway=001 | Side=100 | Walk=0
Time=197685000 | Ped=0 | Highway=010 | Side=100 | Walk=0
Time=197715000 | Ped=0 | Highway=100 | Side=001 | Walk=0
Time=197775000 | Ped=0 | Highway=001 | Side=100 | Walk=0
Time=197835000 | Ped=0 | Highway=010 | Side=100 | Walk=0
Time=197865000 | Ped=0 | Highway=100 | Side=001 | Walk=0
Time=197925000 | Ped=0 | Highway=001 | Side=100 | Walk=0
Time=197985000 | Ped=0 | Highway=010 | Side=100 | Walk=0
Time=198015000 | Ped=0 | Highway=100 | Side=001 | Walk=0
Time=198075000 | Ped=0 | Highway=001 | Side=100 | Walk=0
Time=198135000 | Ped=0 | Highway=010 | Side=100 | Walk=0
Time=198165000 | Ped=0 | Highway=100 | Side=001 | Walk=0
Time=198225000 | Ped=0 | Highway=001 | Side=100 | Walk=0
Time=198285000 | Ped=0 | Highway=010 | Side=100 | Walk=0
Time=198315000 | Ped=0 | Highway=100 | Side=001 | Walk=0
Time=198375000 | Ped=0 | Highway=001 | Side=100 | Walk=0
Time=198435000 | Ped=0 | Highway=010 | Side=100 | Walk=0
Time=198465000 | Ped=0 | Highway=100 | Side=001 | Walk=0
Time=198525000 | Ped=0 | Highway=001 | Side=100 | Walk=0
Time=198585000 | Ped=0 | Highway=010 | Side=100 | Walk=0
Time=198615000 | Ped=0 | Highway=100 | Side=001 | Walk=0
Time=198675000 | Ped=0 | Highway=001 | Side=100 | Walk=0
Time=198735000 | Ped=0 | Highway=010 | Side=100 | Walk=0
Time=198765000 | Ped=0 | Highway=100 | Side=001 | Walk=0
Time=198825000 | Ped=0 | Highway=001 | Side=100 | Walk=0
Time=198885000 | Ped=0 | Highway=010 | Side=100 | Walk=0
Time=198915000 | Ped=0 | Highway=100 | Side=001 | Walk=0
Time=198975000 | Ped=0 | Highway=001 | Side=100 | Walk=0
Time=199035000 | Ped=0 | Highway=010 | Side=100 | Walk=0
Time=199065000 | Ped=0 | Highway=100 | Side=001 | Walk=0
Time=199125000 | Ped=0 | Highway=001 | Side=100 | Walk=0
Time=199185000 | Ped=0 | Highway=010 | Side=100 | Walk=0
Time=199215000 | Ped=0 | Highway=100 | Side=001 | Walk=0
Time=199275000 | Ped=0 | Highway=001 | Side=100 | Walk=0
Time=199335000 | Ped=0 | Highway=010 | Side=100 | Walk=0
Time=199365000 | Ped=0 | Highway=100 | Side=001 | Walk=0
Time=199425000 | Ped=0 | Highway=001 | Side=100 | Walk=0
Time=199485000 | Ped=0 | Highway=010 | Side=100 | Walk=0
Time=199515000 | Ped=0 | Highway=100 | Side=001 | Walk=0
Time=199575000 | Ped=0 | Highway=001 | Side=100 | Walk=0
Time=199635000 | Ped=0 | Highway=010 | Side=100 | Walk=0
Time=199665000 | Ped=0 | Highway=100 | Side=001 | Walk=0
Time=199725000 | Ped=0 | Highway=001 | Side=100 | Walk=0
Time=199785000 | Ped=0 | Highway=010 | Side=100 | Walk=0
Time=199815000 | Ped=0 | Highway=100 | Side=001 | Walk=0
Time=199875000 | Ped=0 | Highway=001 | Side=100 | Walk=0
Time=199935000 | Ped=0 | Highway=010 | Side=100 | Walk=0
Time=199965000 | Ped=0 | Highway=100 | Side=001 | Walk=0
Time=200025000 | Ped=0 | Highway=001 | Side=100 | Walk=0
Time=200085000 | Ped=0 | Highway=010 | Side=100 | Walk=0
Time=200115000 | Ped=0 | Highway=100 | Side=001 | Walk=0
Time=200175000 | Ped=0 | Highway=001 | Side=100 | Walk=0
Time=200235000 | Ped=0 | Highway=010 | Side=100 | Walk=0
Time=200265000 | Ped=0 | Highway=100 | Side=001 | Walk=0
Time=200325000 | Ped=0 | Highway=001 | Side=100 | Walk=0
Time=200385000 | Ped=0 | Highway=010 | Side=100 | Walk=0
Time=200415000 | Ped=0 | Highway=100 | Side=001 | Walk=0
Time=200475000 | Ped=0 | Highway=001 | Side=100 | Walk=0
Time=200535000 | Ped=0 | Highway=010 | Side=100 | Walk=0
Time=200565000 | Ped=0 | Highway=100 | Side=001 | Walk=0
Time=200625000 | Ped=0 | Highway=001 | Side=100 | Walk=0
Time=200685000 | Ped=0 | Highway=010 | Side=100 | Walk=0
Time=200715000 | Ped=0 | Highway=100 | Side=001 | Walk=0
Time=200775000 | Ped=0 | Highway=001 | Side=100 | Walk=0
Time=200835000 | Ped=0 | Highway=010 | Side=100 | Walk=0
Time=200865000 | Ped=0 | Highway=100 | Side=001 | Walk=0
Time=200925000 | Ped=0 | Highway=001 | Side=100 | Walk=0
Time=200985000 | Ped=0 | Highway=010 | Side=100 | Walk=0
Time=201015000 | Ped=0 | Highway=100 | Side=001 | Walk=0
Time=201075000 | Ped=0 | Highway=001 | Side=100 | Walk=0
Time=201135000 | Ped=0 | Highway=010 | Side=100 | Walk=0
Time=201165000 | Ped=0 | Highway=100 | Side=001 | Walk=0
Time=201225000 | Ped=0 | Highway=001 | Side=100 | Walk=0
Time=201285000 | Ped=0 | Highway=010 | Side=100 | Walk=0
Time=201315000 | Ped=0 | Highway=100 | Side=001 | Walk=0
Time=201375000 | Ped=0 | Highway=001 | Side=100 | Walk=0
Time=201435000 | Ped=0 | Highway=010 | Side=100 | Walk=0
Time=201465000 | Ped=0 | Highway=100 | Side=001 | Walk=0
Time=201525000 | Ped=0 | Highway=001 | Side=100 | Walk=0
Time=201585000 | Ped=0 | Highway=010 | Side=100 | Walk=0
Time=201615000 | Ped=0 | Highway=100 | Side=001 | Walk=0
Time=201675000 | Ped=0 | Highway=001 | Side=100 | Walk=0
Time=201735000 | Ped=0 | Highway=010 | Side=100 | Walk=0
Time=201765000 | Ped=0 | Highway=100 | Side=001 | Walk=0
Time=201825000 | Ped=0 | Highway=001 | Side=100 | Walk=0
Time=201885000 | Ped=0 | Highway=010 | Side=100 | Walk=0
Time=201915000 | Ped=0 | Highway=100 | Side=001 | Walk=0
Time=201975000 | Ped=0 | Highway=001 | Side=100 | Walk=0
Time=202035000 | Ped=0 | Highway=010 | Side=100 | Walk=0
Time=202065000 | Ped=0 | Highway=100 | Side=001 | Walk=0
Time=202125000 | Ped=0 | Highway=001 | Side=100 | Walk=0
Time=202185000 | Ped=0 | Highway=010 | Side=100 | Walk=0
Time=202215000 | Ped=0 | Highway=100 | Side=001 | Walk=0
Time=202275000 | Ped=0 | Highway=001 | Side=100 | Walk=0
Time=202335000 | Ped=0 | Highway=010 | Side=100 | Walk=0
Time=202365000 | Ped=0 | Highway=100 | Side=001 | Walk=0
Time=202425000 | Ped=0 | Highway=001 | Side=100 | Walk=0
Time=202485000 | Ped=0 | Highway=010 | Side=100 | Walk=0
Time=202515000 | Ped=0 | Highway=100 | Side=001 | Walk=0
Time=202575000 | Ped=0 | Highway=001 | Side=100 | Walk=0
Time=202635000 | Ped=0 | Highway=010 | Side=100 | Walk=0
Time=202665000 | Ped=0 | Highway=100 | Side=001 | Walk=0
Time=202725000 | Ped=0 | Highway=001 | Side=100 | Walk=0
Time=202785000 | Ped=0 | Highway=010 | Side=100 | Walk=0
Time=202815000 | Ped=0 | Highway=100 | Side=001 | Walk=0
Time=202875000 | Ped=0 | Highway=001 | Side=100 | Walk=0
Time=202935000 | Ped=0 | Highway=010 | Side=100 | Walk=0
Time=202965000 | Ped=0 | Highway=100 | Side=001 | Walk=0
Time=203025000 | Ped=0 | Highway=001 | Side=100 | Walk=0
Time=203085000 | Ped=0 | Highway=010 | Side=100 | Walk=0
Time=203115000 | Ped=0 | Highway=100 | Side=001 | Walk=0
Time=203175000 | Ped=0 | Highway=001 | Side=100 | Walk=0
Time=203235000 | Ped=0 | Highway=010 | Side=100 | Walk=0
Time=203265000 | Ped=0 | Highway=100 | Side=001 | Walk=0
Time=203325000 | Ped=0 | Highway=001 | Side=100 | Walk=0
Time=203385000 | Ped=0 | Highway=010 | Side=100 | Walk=0
Time=203415000 | Ped=0 | Highway=100 | Side=001 | Walk=0
Time=203475000 | Ped=0 | Highway=001 | Side=100 | Walk=0
Time=203535000 | Ped=0 | Highway=010 | Side=100 | Walk=0
Time=203565000 | Ped=0 | Highway=100 | Side=001 | Walk=0
Time=203625000 | Ped=0 | Highway=001 | Side=100 | Walk=0
Time=203685000 | Ped=0 | Highway=010 | Side=100 | Walk=0
Time=203715000 | Ped=0 | Highway=100 | Side=001 | Walk=0
Time=203775000 | Ped=0 | Highway=001 | Side=100 | Walk=0
Time=203835000 | Ped=0 | Highway=010 | Side=100 | Walk=0
Time=203865000 | Ped=0 | Highway=100 | Side=001 | Walk=0
Time=203925000 | Ped=0 | Highway=001 | Side=100 | Walk=0
Time=203985000 | Ped=0 | Highway=010 | Side=100 | Walk=0
Time=204015000 | Ped=0 | Highway=100 | Side=001 | Walk=0
Time=204075000 | Ped=0 | Highway=001 | Side=100 | Walk=0
Time=204135000 | Ped=0 | Highway=010 | Side=100 | Walk=0
Time=204165000 | Ped=0 | Highway=100 | Side=001 | Walk=0
Time=204225000 | Ped=0 | Highway=001 | Side=100 | Walk=0
Time=204285000 | Ped=0 | Highway=010 | Side=100 | Walk=0
Time=204315000 | Ped=0 | Highway=100 | Side=001 | Walk=0
Time=204375000 | Ped=0 | Highway=001 | Side=100 | Walk=0
Time=204435000 | Ped=0 | Highway=010 | Side=100 | Walk=0
Time=204465000 | Ped=0 | Highway=100 | Side=001 | Walk=0
Time=204525000 | Ped=0 | Highway=001 | Side=100 | Walk=0
Time=204585000 | Ped=0 | Highway=010 | Side=100 | Walk=0
Time=204615000 | Ped=0 | Highway=100 | Side=001 | Walk=0
Time=204675000 | Ped=0 | Highway=001 | Side=100 | Walk=0
Time=204735000 | Ped=0 | Highway=010 | Side=100 | Walk=0
Time=204765000 | Ped=0 | Highway=100 | Side=001 | Walk=0
Time=204825000 | Ped=0 | Highway=001 | Side=100 | Walk=0
Time=204885000 | Ped=0 | Highway=010 | Side=100 | Walk=0
Time=204915000 | Ped=0 | Highway=100 | Side=001 | Walk=0
Time=204975000 | Ped=0 | Highway=001 | Side=100 | Walk=0
Time=205035000 | Ped=0 | Highway=010 | Side=100 | Walk=0
Time=205065000 | Ped=0 | Highway=100 | Side=001 | Walk=0
Time=205125000 | Ped=0 | Highway=001 | Side=100 | Walk=0
Time=205185000 | Ped=0 | Highway=010 | Side=100 | Walk=0
Time=205215000 | Ped=0 | Highway=100 | Side=001 | Walk=0
Time=205275000 | Ped=0 | Highway=001 | Side=100 | Walk=0
Time=205335000 | Ped=0 | Highway=010 | Side=100 | Walk=0
Time=205365000 | Ped=0 | Highway=100 | Side=001 | Walk=0
Time=205425000 | Ped=0 | Highway=001 | Side=100 | Walk=0
Time=205485000 | Ped=0 | Highway=010 | Side=100 | Walk=0
Time=205515000 | Ped=0 | Highway=100 | Side=001 | Walk=0
Time=205575000 | Ped=0 | Highway=001 | Side=100 | Walk=0
Time=205635000 | Ped=0 | Highway=010 | Side=100 | Walk=0
Time=205665000 | Ped=0 | Highway=100 | Side=001 | Walk=0
Time=205725000 | Ped=0 | Highway=001 | Side=100 | Walk=0
Time=205785000 | Ped=0 | Highway=010 | Side=100 | Walk=0
Time=205815000 | Ped=0 | Highway=100 | Side=001 | Walk=0
Time=205875000 | Ped=0 | Highway=001 | Side=100 | Walk=0
Time=205935000 | Ped=0 | Highway=010 | Side=100 | Walk=0
Time=205965000 | Ped=0 | Highway=100 | Side=001 | Walk=0
Time=206025000 | Ped=0 | Highway=001 | Side=100 | Walk=0
Time=206085000 | Ped=0 | Highway=010 | Side=100 | Walk=0
Time=206115000 | Ped=0 | Highway=100 | Side=001 | Walk=0
Time=206175000 | Ped=0 | Highway=001 | Side=100 | Walk=0
Time=206235000 | Ped=0 | Highway=010 | Side=100 | Walk=0
Time=206265000 | Ped=0 | Highway=100 | Side=001 | Walk=0
Time=206325000 | Ped=0 | Highway=001 | Side=100 | Walk=0
Time=206385000 | Ped=0 | Highway=010 | Side=100 | Walk=0
Time=206415000 | Ped=0 | Highway=100 | Side=001 | Walk=0
Time=206475000 | Ped=0 | Highway=001 | Side=100 | Walk=0
Time=206535000 | Ped=0 | Highway=010 | Side=100 | Walk=0
Time=206565000 | Ped=0 | Highway=100 | Side=001 | Walk=0
Time=206625000 | Ped=0 | Highway=001 | Side=100 | Walk=0
Time=206685000 | Ped=0 | Highway=010 | Side=100 | Walk=0
Time=206715000 | Ped=0 | Highway=100 | Side=001 | Walk=0
Time=206775000 | Ped=0 | Highway=001 | Side=100 | Walk=0
Time=206835000 | Ped=0 | Highway=010 | Side=100 | Walk=0
Time=206865000 | Ped=0 | Highway=100 | Side=001 | Walk=0
Time=206925000 | Ped=0 | Highway=001 | Side=100 | Walk=0
Time=206985000 | Ped=0 | Highway=010 | Side=100 | Walk=0
Time=207015000 | Ped=0 | Highway=100 | Side=001 | Walk=0
Time=207075000 | Ped=0 | Highway=001 | Side=100 | Walk=0
Time=207135000 | Ped=0 | Highway=010 | Side=100 | Walk=0
Time=207165000 | Ped=0 | Highway=100 | Side=001 | Walk=0
Time=207225000 | Ped=0 | Highway=001 | Side=100 | Walk=0
Time=207285000 | Ped=0 | Highway=010 | Side=100 | Walk=0
Time=207315000 | Ped=0 | Highway=100 | Side=001 | Walk=0
Time=207375000 | Ped=0 | Highway=001 | Side=100 | Walk=0
Time=207435000 | Ped=0 | Highway=010 | Side=100 | Walk=0
Time=207465000 | Ped=0 | Highway=100 | Side=001 | Walk=0
Time=207525000 | Ped=0 | Highway=001 | Side=100 | Walk=0
Time=207585000 | Ped=0 | Highway=010 | Side=100 | Walk=0
Time=207615000 | Ped=0 | Highway=100 | Side=001 | Walk=0
Time=207675000 | Ped=0 | Highway=001 | Side=100 | Walk=0
Time=207735000 | Ped=0 | Highway=010 | Side=100 | Walk=0
Time=207765000 | Ped=0 | Highway=100 | Side=001 | Walk=0
Time=207825000 | Ped=0 | Highway=001 | Side=100 | Walk=0
Time=207885000 | Ped=0 | Highway=010 | Side=100 | Walk=0
Time=207915000 | Ped=0 | Highway=100 | Side=001 | Walk=0
Time=207975000 | Ped=0 | Highway=001 | Side=100 | Walk=0
Time=208035000 | Ped=0 | Highway=010 | Side=100 | Walk=0
Time=208065000 | Ped=0 | Highway=100 | Side=001 | Walk=0
Time=208125000 | Ped=0 | Highway=001 | Side=100 | Walk=0
Time=208185000 | Ped=0 | Highway=010 | Side=100 | Walk=0
Time=208215000 | Ped=0 | Highway=100 | Side=001 | Walk=0
Time=208275000 | Ped=0 | Highway=001 | Side=100 | Walk=0
Time=208335000 | Ped=0 | Highway=010 | Side=100 | Walk=0
Time=208365000 | Ped=0 | Highway=100 | Side=001 | Walk=0
Time=208425000 | Ped=0 | Highway=001 | Side=100 | Walk=0
Time=208485000 | Ped=0 | Highway=010 | Side=100 | Walk=0
Time=208515000 | Ped=0 | Highway=100 | Side=001 | Walk=0
Time=208575000 | Ped=0 | Highway=001 | Side=100 | Walk=0
Time=208635000 | Ped=0 | Highway=010 | Side=100 | Walk=0
Time=208665000 | Ped=0 | Highway=100 | Side=001 | Walk=0
Time=208725000 | Ped=0 | Highway=001 | Side=100 | Walk=0
Time=208785000 | Ped=0 | Highway=010 | Side=100 | Walk=0
Time=208815000 | Ped=0 | Highway=100 | Side=001 | Walk=0
Time=208875000 | Ped=0 | Highway=001 | Side=100 | Walk=0
Time=208935000 | Ped=0 | Highway=010 | Side=100 | Walk=0
Time=208965000 | Ped=0 | Highway=100 | Side=001 | Walk=0
Time=209025000 | Ped=0 | Highway=001 | Side=100 | Walk=0
Time=209085000 | Ped=0 | Highway=010 | Side=100 | Walk=0
Time=209115000 | Ped=0 | Highway=100 | Side=001 | Walk=0
Time=209175000 | Ped=0 | Highway=001 | Side=100 | Walk=0
Time=209235000 | Ped=0 | Highway=010 | Side=100 | Walk=0
Time=209265000 | Ped=0 | Highway=100 | Side=001 | Walk=0
Time=209325000 | Ped=0 | Highway=001 | Side=100 | Walk=0
Time=209385000 | Ped=0 | Highway=010 | Side=100 | Walk=0
Time=209415000 | Ped=0 | Highway=100 | Side=001 | Walk=0
Time=209475000 | Ped=0 | Highway=001 | Side=100 | Walk=0
Time=209535000 | Ped=0 | Highway=010 | Side=100 | Walk=0
Time=209565000 | Ped=0 | Highway=100 | Side=001 | Walk=0
Time=209625000 | Ped=0 | Highway=001 | Side=100 | Walk=0
Time=209685000 | Ped=0 | Highway=010 | Side=100 | Walk=0
Time=209715000 | Ped=0 | Highway=100 | Side=001 | Walk=0
Time=209775000 | Ped=0 | Highway=001 | Side=100 | Walk=0
Time=209835000 | Ped=0 | Highway=010 | Side=100 | Walk=0
Time=209865000 | Ped=0 | Highway=100 | Side=001 | Walk=0
Time=209925000 | Ped=0 | Highway=001 | Side=100 | Walk=0
Time=209985000 | Ped=0 | Highway=010 | Side=100 | Walk=0
Time=210015000 | Ped=0 | Highway=100 | Side=001 | Walk=0
Time=210075000 | Ped=0 | Highway=001 | Side=100 | Walk=0
Time=210135000 | Ped=0 | Highway=010 | Side=100 | Walk=0
Time=210165000 | Ped=0 | Highway=100 | Side=001 | Walk=0
Time=210225000 | Ped=0 | Highway=001 | Side=100 | Walk=0
Time=210285000 | Ped=0 | Highway=010 | Side=100 | Walk=0
Time=210315000 | Ped=0 | Highway=100 | Side=001 | Walk=0
Time=210375000 | Ped=0 | Highway=001 | Side=100 | Walk=0
Time=210435000 | Ped=0 | Highway=010 | Side=100 | Walk=0
Time=210465000 | Ped=0 | Highway=100 | Side=001 | Walk=0
Time=210525000 | Ped=0 | Highway=001 | Side=100 | Walk=0
Time=210585000 | Ped=0 | Highway=010 | Side=100 | Walk=0
Time=210615000 | Ped=0 | Highway=100 | Side=001 | Walk=0
Time=210675000 | Ped=0 | Highway=001 | Side=100 | Walk=0
Time=210735000 | Ped=0 | Highway=010 | Side=100 | Walk=0
Time=210765000 | Ped=0 | Highway=100 | Side=001 | Walk=0
Time=210825000 | Ped=0 | Highway=001 | Side=100 | Walk=0
Time=210885000 | Ped=0 | Highway=010 | Side=100 | Walk=0
Time=210915000 | Ped=0 | Highway=100 | Side=001 | Walk=0
Time=210975000 | Ped=0 | Highway=001 | Side=100 | Walk=0
Time=211035000 | Ped=0 | Highway=010 | Side=100 | Walk=0
Time=211065000 | Ped=0 | Highway=100 | Side=001 | Walk=0
Time=211125000 | Ped=0 | Highway=001 | Side=100 | Walk=0
Time=211185000 | Ped=0 | Highway=010 | Side=100 | Walk=0
Time=211215000 | Ped=0 | Highway=100 | Side=001 | Walk=0
Time=211275000 | Ped=0 | Highway=001 | Side=100 | Walk=0
Time=211335000 | Ped=0 | Highway=010 | Side=100 | Walk=0
Time=211365000 | Ped=0 | Highway=100 | Side=001 | Walk=0
Time=211425000 | Ped=0 | Highway=001 | Side=100 | Walk=0
Time=211485000 | Ped=0 | Highway=010 | Side=100 | Walk=0
Time=211515000 | Ped=0 | Highway=100 | Side=001 | Walk=0
Time=211575000 | Ped=0 | Highway=001 | Side=100 | Walk=0
Time=211635000 | Ped=0 | Highway=010 | Side=100 | Walk=0
Time=211665000 | Ped=0 | Highway=100 | Side=001 | Walk=0
Time=211725000 | Ped=0 | Highway=001 | Side=100 | Walk=0
Time=211785000 | Ped=0 | Highway=010 | Side=100 | Walk=0
Time=211815000 | Ped=0 | Highway=100 | Side=001 | Walk=0
Time=211875000 | Ped=0 | Highway=001 | Side=100 | Walk=0
Time=211935000 | Ped=0 | Highway=010 | Side=100 | Walk=0
Time=211965000 | Ped=0 | Highway=100 | Side=001 | Walk=0
Time=212025000 | Ped=0 | Highway=001 | Side=100 | Walk=0
Time=212085000 | Ped=0 | Highway=010 | Side=100 | Walk=0
Time=212115000 | Ped=0 | Highway=100 | Side=001 | Walk=0
Time=212175000 | Ped=0 | Highway=001 | Side=100 | Walk=0
Time=212235000 | Ped=0 | Highway=010 | Side=100 | Walk=0
Time=212265000 | Ped=0 | Highway=100 | Side=001 | Walk=0
Time=212325000 | Ped=0 | Highway=001 | Side=100 | Walk=0
Time=212385000 | Ped=0 | Highway=010 | Side=100 | Walk=0
Time=212415000 | Ped=0 | Highway=100 | Side=001 | Walk=0
Time=212475000 | Ped=0 | Highway=001 | Side=100 | Walk=0
Time=212535000 | Ped=0 | Highway=010 | Side=100 | Walk=0
Time=212565000 | Ped=0 | Highway=100 | Side=001 | Walk=0
Time=212625000 | Ped=0 | Highway=001 | Side=100 | Walk=0
Time=212685000 | Ped=0 | Highway=010 | Side=100 | Walk=0
Time=212715000 | Ped=0 | Highway=100 | Side=001 | Walk=0
Time=212775000 | Ped=0 | Highway=001 | Side=100 | Walk=0
Time=212835000 | Ped=0 | Highway=010 | Side=100 | Walk=0
Time=212865000 | Ped=0 | Highway=100 | Side=001 | Walk=0
Time=212925000 | Ped=0 | Highway=001 | Side=100 | Walk=0
Time=212985000 | Ped=0 | Highway=010 | Side=100 | Walk=0
Time=213015000 | Ped=0 | Highway=100 | Side=001 | Walk=0
Time=213075000 | Ped=0 | Highway=001 | Side=100 | Walk=0
Time=213135000 | Ped=0 | Highway=010 | Side=100 | Walk=0
Time=213165000 | Ped=0 | Highway=100 | Side=001 | Walk=0
Time=213225000 | Ped=0 | Highway=001 | Side=100 | Walk=0
Time=213285000 | Ped=0 | Highway=010 | Side=100 | Walk=0
Time=213315000 | Ped=0 | Highway=100 | Side=001 | Walk=0
Time=213375000 | Ped=0 | Highway=001 | Side=100 | Walk=0
Time=213435000 | Ped=0 | Highway=010 | Side=100 | Walk=0
Time=213465000 | Ped=0 | Highway=100 | Side=001 | Walk=0
Time=213525000 | Ped=0 | Highway=001 | Side=100 | Walk=0
Time=213585000 | Ped=0 | Highway=010 | Side=100 | Walk=0
Time=213615000 | Ped=0 | Highway=100 | Side=001 | Walk=0
Time=213675000 | Ped=0 | Highway=001 | Side=100 | Walk=0
Time=213735000 | Ped=0 | Highway=010 | Side=100 | Walk=0
Time=213765000 | Ped=0 | Highway=100 | Side=001 | Walk=0
Time=213825000 | Ped=0 | Highway=001 | Side=100 | Walk=0
Time=213885000 | Ped=0 | Highway=010 | Side=100 | Walk=0
Time=213915000 | Ped=0 | Highway=100 | Side=001 | Walk=0
Time=213975000 | Ped=0 | Highway=001 | Side=100 | Walk=0
Time=214035000 | Ped=0 | Highway=010 | Side=100 | Walk=0
Time=214065000 | Ped=0 | Highway=100 | Side=001 | Walk=0
Time=214125000 | Ped=0 | Highway=001 | Side=100 | Walk=0
Time=214185000 | Ped=0 | Highway=010 | Side=100 | Walk=0
Time=214215000 | Ped=0 | Highway=100 | Side=001 | Walk=0
Time=214275000 | Ped=0 | Highway=001 | Side=100 | Walk=0
Time=214335000 | Ped=0 | Highway=010 | Side=100 | Walk=0
Time=214365000 | Ped=0 | Highway=100 | Side=001 | Walk=0
Time=214425000 | Ped=0 | Highway=001 | Side=100 | Walk=0
Time=214485000 | Ped=0 | Highway=010 | Side=100 | Walk=0
Time=214515000 | Ped=0 | Highway=100 | Side=001 | Walk=0
Time=214575000 | Ped=0 | Highway=001 | Side=100 | Walk=0
Time=214635000 | Ped=0 | Highway=010 | Side=100 | Walk=0
Time=214665000 | Ped=0 | Highway=100 | Side=001 | Walk=0
Time=214725000 | Ped=0 | Highway=001 | Side=100 | Walk=0
Time=214785000 | Ped=0 | Highway=010 | Side=100 | Walk=0
Time=214815000 | Ped=0 | Highway=100 | Side=001 | Walk=0
Time=214875000 | Ped=0 | Highway=001 | Side=100 | Walk=0
Time=214935000 | Ped=0 | Highway=010 | Side=100 | Walk=0
Time=214965000 | Ped=0 | Highway=100 | Side=001 | Walk=0
Time=215025000 | Ped=0 | Highway=001 | Side=100 | Walk=0
Time=215085000 | Ped=0 | Highway=010 | Side=100 | Walk=0
Time=215115000 | Ped=0 | Highway=100 | Side=001 | Walk=0
Time=215175000 | Ped=0 | Highway=001 | Side=100 | Walk=0
Time=215235000 | Ped=0 | Highway=010 | Side=100 | Walk=0
Time=215265000 | Ped=0 | Highway=100 | Side=001 | Walk=0
Time=215325000 | Ped=0 | Highway=001 | Side=100 | Walk=0
Time=215385000 | Ped=0 | Highway=010 | Side=100 | Walk=0
Time=215415000 | Ped=0 | Highway=100 | Side=001 | Walk=0
Time=215475000 | Ped=0 | Highway=001 | Side=100 | Walk=0
Time=215535000 | Ped=0 | Highway=010 | Side=100 | Walk=0
Time=215565000 | Ped=0 | Highway=100 | Side=001 | Walk=0
Time=215625000 | Ped=0 | Highway=001 | Side=100 | Walk=0
Time=215685000 | Ped=0 | Highway=010 | Side=100 | Walk=0
Time=215715000 | Ped=0 | Highway=100 | Side=001 | Walk=0
Time=215775000 | Ped=0 | Highway=001 | Side=100 | Walk=0
Time=215835000 | Ped=0 | Highway=010 | Side=100 | Walk=0
Time=215865000 | Ped=0 | Highway=100 | Side=001 | Walk=0
Time=215925000 | Ped=0 | Highway=001 | Side=100 | Walk=0
Time=215985000 | Ped=0 | Highway=010 | Side=100 | Walk=0
Time=216015000 | Ped=0 | Highway=100 | Side=001 | Walk=0
Time=216075000 | Ped=0 | Highway=001 | Side=100 | Walk=0
Time=216135000 | Ped=0 | Highway=010 | Side=100 | Walk=0
Time=216165000 | Ped=0 | Highway=100 | Side=001 | Walk=0
Time=216225000 | Ped=0 | Highway=001 | Side=100 | Walk=0
Time=216285000 | Ped=0 | Highway=010 | Side=100 | Walk=0
Time=216315000 | Ped=0 | Highway=100 | Side=001 | Walk=0
Time=216375000 | Ped=0 | Highway=001 | Side=100 | Walk=0
Time=216435000 | Ped=0 | Highway=010 | Side=100 | Walk=0
Time=216465000 | Ped=0 | Highway=100 | Side=001 | Walk=0
Time=216525000 | Ped=0 | Highway=001 | Side=100 | Walk=0
Time=216585000 | Ped=0 | Highway=010 | Side=100 | Walk=0
Time=216615000 | Ped=0 | Highway=100 | Side=001 | Walk=0
Time=216675000 | Ped=0 | Highway=001 | Side=100 | Walk=0
Time=216735000 | Ped=0 | Highway=010 | Side=100 | Walk=0
Time=216765000 | Ped=0 | Highway=100 | Side=001 | Walk=0
Time=216825000 | Ped=0 | Highway=001 | Side=100 | Walk=0
Time=216885000 | Ped=0 | Highway=010 | Side=100 | Walk=0
Time=216915000 | Ped=0 | Highway=100 | Side=001 | Walk=0
Time=216975000 | Ped=0 | Highway=001 | Side=100 | Walk=0
Time=217035000 | Ped=0 | Highway=010 | Side=100 | Walk=0
Time=217065000 | Ped=0 | Highway=100 | Side=001 | Walk=0
Time=217125000 | Ped=0 | Highway=001 | Side=100 | Walk=0
Time=217185000 | Ped=0 | Highway=010 | Side=100 | Walk=0
Time=217215000 | Ped=0 | Highway=100 | Side=001 | Walk=0
Time=217275000 | Ped=0 | Highway=001 | Side=100 | Walk=0
Time=217335000 | Ped=0 | Highway=010 | Side=100 | Walk=0
Time=217365000 | Ped=0 | Highway=100 | Side=001 | Walk=0
Time=217425000 | Ped=0 | Highway=001 | Side=100 | Walk=0
Time=217485000 | Ped=0 | Highway=010 | Side=100 | Walk=0
Time=217515000 | Ped=0 | Highway=100 | Side=001 | Walk=0
Time=217575000 | Ped=0 | Highway=001 | Side=100 | Walk=0
Time=217635000 | Ped=0 | Highway=010 | Side=100 | Walk=0
Time=217665000 | Ped=0 | Highway=100 | Side=001 | Walk=0
Time=217725000 | Ped=0 | Highway=001 | Side=100 | Walk=0
Time=217785000 | Ped=0 | Highway=010 | Side=100 | Walk=0
Time=217815000 | Ped=0 | Highway=100 | Side=001 | Walk=0
Time=217875000 | Ped=0 | Highway=001 | Side=100 | Walk=0
Time=217935000 | Ped=0 | Highway=010 | Side=100 | Walk=0
Time=217965000 | Ped=0 | Highway=100 | Side=001 | Walk=0
Time=218025000 | Ped=0 | Highway=001 | Side=100 | Walk=0
Time=218085000 | Ped=0 | Highway=010 | Side=100 | Walk=0
Time=218115000 | Ped=0 | Highway=100 | Side=001 | Walk=0
Time=218175000 | Ped=0 | Highway=001 | Side=100 | Walk=0
Time=218235000 | Ped=0 | Highway=010 | Side=100 | Walk=0
Time=218265000 | Ped=0 | Highway=100 | Side=001 | Walk=0
Time=218325000 | Ped=0 | Highway=001 | Side=100 | Walk=0
Time=218385000 | Ped=0 | Highway=010 | Side=100 | Walk=0
Time=218415000 | Ped=0 | Highway=100 | Side=001 | Walk=0
Time=218475000 | Ped=0 | Highway=001 | Side=100 | Walk=0
Time=218535000 | Ped=0 | Highway=010 | Side=100 | Walk=0
Time=218565000 | Ped=0 | Highway=100 | Side=001 | Walk=0
Time=218625000 | Ped=0 | Highway=001 | Side=100 | Walk=0
Time=218685000 | Ped=0 | Highway=010 | Side=100 | Walk=0
Time=218715000 | Ped=0 | Highway=100 | Side=001 | Walk=0
Time=218775000 | Ped=0 | Highway=001 | Side=100 | Walk=0
Time=218835000 | Ped=0 | Highway=010 | Side=100 | Walk=0
Time=218865000 | Ped=0 | Highway=100 | Side=001 | Walk=0
Time=218925000 | Ped=0 | Highway=001 | Side=100 | Walk=0
Time=218985000 | Ped=0 | Highway=010 | Side=100 | Walk=0
Time=219015000 | Ped=0 | Highway=100 | Side=001 | Walk=0
Time=219075000 | Ped=0 | Highway=001 | Side=100 | Walk=0
Time=219135000 | Ped=0 | Highway=010 | Side=100 | Walk=0
Time=219165000 | Ped=0 | Highway=100 | Side=001 | Walk=0
Time=219225000 | Ped=0 | Highway=001 | Side=100 | Walk=0
Time=219285000 | Ped=0 | Highway=010 | Side=100 | Walk=0
Time=219315000 | Ped=0 | Highway=100 | Side=001 | Walk=0
Time=219375000 | Ped=0 | Highway=001 | Side=100 | Walk=0
Time=219435000 | Ped=0 | Highway=010 | Side=100 | Walk=0
Time=219465000 | Ped=0 | Highway=100 | Side=001 | Walk=0
Time=219525000 | Ped=0 | Highway=001 | Side=100 | Walk=0
Time=219585000 | Ped=0 | Highway=010 | Side=100 | Walk=0
Time=219615000 | Ped=0 | Highway=100 | Side=001 | Walk=0
Time=219675000 | Ped=0 | Highway=001 | Side=100 | Walk=0
Time=219735000 | Ped=0 | Highway=010 | Side=100 | Walk=0
Time=219765000 | Ped=0 | Highway=100 | Side=001 | Walk=0
Time=219825000 | Ped=0 | Highway=001 | Side=100 | Walk=0
Time=219885000 | Ped=0 | Highway=010 | Side=100 | Walk=0
Time=219915000 | Ped=0 | Highway=100 | Side=001 | Walk=0
Time=219975000 | Ped=0 | Highway=001 | Side=100 | Walk=0
Time=220035000 | Ped=0 | Highway=010 | Side=100 | Walk=0
Time=220065000 | Ped=0 | Highway=100 | Side=001 | Walk=0
Time=220125000 | Ped=0 | Highway=001 | Side=100 | Walk=0
Time=220185000 | Ped=0 | Highway=010 | Side=100 | Walk=0
Time=220215000 | Ped=0 | Highway=100 | Side=001 | Walk=0
Time=220275000 | Ped=0 | Highway=001 | Side=100 | Walk=0
Time=220335000 | Ped=0 | Highway=010 | Side=100 | Walk=0
Time=220365000 | Ped=0 | Highway=100 | Side=001 | Walk=0
Time=220425000 | Ped=0 | Highway=001 | Side=100 | Walk=0
Time=220485000 | Ped=0 | Highway=010 | Side=100 | Walk=0
Time=220515000 | Ped=0 | Highway=100 | Side=001 | Walk=0
Time=220575000 | Ped=0 | Highway=001 | Side=100 | Walk=0
Time=220635000 | Ped=0 | Highway=010 | Side=100 | Walk=0
Time=220665000 | Ped=0 | Highway=100 | Side=001 | Walk=0
Time=220725000 | Ped=0 | Highway=001 | Side=100 | Walk=0
Time=220785000 | Ped=0 | Highway=010 | Side=100 | Walk=0
Time=220815000 | Ped=0 | Highway=100 | Side=001 | Walk=0
Time=220875000 | Ped=0 | Highway=001 | Side=100 | Walk=0
Time=220935000 | Ped=0 | Highway=010 | Side=100 | Walk=0
Time=220965000 | Ped=0 | Highway=100 | Side=001 | Walk=0
Time=221025000 | Ped=0 | Highway=001 | Side=100 | Walk=0
Time=221085000 | Ped=0 | Highway=010 | Side=100 | Walk=0
Time=221115000 | Ped=0 | Highway=100 | Side=001 | Walk=0
Time=221175000 | Ped=0 | Highway=001 | Side=100 | Walk=0
Time=221235000 | Ped=0 | Highway=010 | Side=100 | Walk=0
Time=221265000 | Ped=0 | Highway=100 | Side=001 | Walk=0
Time=221325000 | Ped=0 | Highway=001 | Side=100 | Walk=0
Time=221385000 | Ped=0 | Highway=010 | Side=100 | Walk=0
Time=221415000 | Ped=0 | Highway=100 | Side=001 | Walk=0
Time=221475000 | Ped=0 | Highway=001 | Side=100 | Walk=0
Time=221535000 | Ped=0 | Highway=010 | Side=100 | Walk=0
Time=221565000 | Ped=0 | Highway=100 | Side=001 | Walk=0
Time=221625000 | Ped=0 | Highway=001 | Side=100 | Walk=0
Time=221685000 | Ped=0 | Highway=010 | Side=100 | Walk=0
Time=221715000 | Ped=0 | Highway=100 | Side=001 | Walk=0
Time=221775000 | Ped=0 | Highway=001 | Side=100 | Walk=0
Time=221835000 | Ped=0 | Highway=010 | Side=100 | Walk=0
Time=221865000 | Ped=0 | Highway=100 | Side=001 | Walk=0
Time=221925000 | Ped=0 | Highway=001 | Side=100 | Walk=0
Time=221985000 | Ped=0 | Highway=010 | Side=100 | Walk=0
Time=222015000 | Ped=0 | Highway=100 | Side=001 | Walk=0
Time=222075000 | Ped=0 | Highway=001 | Side=100 | Walk=0
Time=222135000 | Ped=0 | Highway=010 | Side=100 | Walk=0
Time=222165000 | Ped=0 | Highway=100 | Side=001 | Walk=0
Time=222225000 | Ped=0 | Highway=001 | Side=100 | Walk=0
Time=222285000 | Ped=0 | Highway=010 | Side=100 | Walk=0
Time=222315000 | Ped=0 | Highway=100 | Side=001 | Walk=0
Time=222375000 | Ped=0 | Highway=001 | Side=100 | Walk=0
Time=222435000 | Ped=0 | Highway=010 | Side=100 | Walk=0
Time=222465000 | Ped=0 | Highway=100 | Side=001 | Walk=0
Time=222525000 | Ped=0 | Highway=001 | Side=100 | Walk=0
Time=222585000 | Ped=0 | Highway=010 | Side=100 | Walk=0
Time=222615000 | Ped=0 | Highway=100 | Side=001 | Walk=0
Time=222675000 | Ped=0 | Highway=001 | Side=100 | Walk=0
Time=222735000 | Ped=0 | Highway=010 | Side=100 | Walk=0
Time=222765000 | Ped=0 | Highway=100 | Side=001 | Walk=0
Time=222825000 | Ped=0 | Highway=001 | Side=100 | Walk=0
Time=222885000 | Ped=0 | Highway=010 | Side=100 | Walk=0
Time=222915000 | Ped=0 | Highway=100 | Side=001 | Walk=0
Time=222975000 | Ped=0 | Highway=001 | Side=100 | Walk=0
Time=223035000 | Ped=0 | Highway=010 | Side=100 | Walk=0
Time=223065000 | Ped=0 | Highway=100 | Side=001 | Walk=0
Time=223125000 | Ped=0 | Highway=001 | Side=100 | Walk=0
Time=223185000 | Ped=0 | Highway=010 | Side=100 | Walk=0
Time=223215000 | Ped=0 | Highway=100 | Side=001 | Walk=0
Time=223275000 | Ped=0 | Highway=001 | Side=100 | Walk=0
Time=223335000 | Ped=0 | Highway=010 | Side=100 | Walk=0
Time=223365000 | Ped=0 | Highway=100 | Side=001 | Walk=0
Time=223425000 | Ped=0 | Highway=001 | Side=100 | Walk=0
Time=223485000 | Ped=0 | Highway=010 | Side=100 | Walk=0
Time=223515000 | Ped=0 | Highway=100 | Side=001 | Walk=0
Time=223575000 | Ped=0 | Highway=001 | Side=100 | Walk=0
Time=223635000 | Ped=0 | Highway=010 | Side=100 | Walk=0
Time=223665000 | Ped=0 | Highway=100 | Side=001 | Walk=0
Time=223725000 | Ped=0 | Highway=001 | Side=100 | Walk=0
Time=223785000 | Ped=0 | Highway=010 | Side=100 | Walk=0
Time=223815000 | Ped=0 | Highway=100 | Side=001 | Walk=0
Time=223875000 | Ped=0 | Highway=001 | Side=100 | Walk=0
Time=223935000 | Ped=0 | Highway=010 | Side=100 | Walk=0
Time=223965000 | Ped=0 | Highway=100 | Side=001 | Walk=0
Time=224025000 | Ped=0 | Highway=001 | Side=100 | Walk=0
Time=224085000 | Ped=0 | Highway=010 | Side=100 | Walk=0
Time=224115000 | Ped=0 | Highway=100 | Side=001 | Walk=0
Time=224175000 | Ped=0 | Highway=001 | Side=100 | Walk=0
Time=224235000 | Ped=0 | Highway=010 | Side=100 | Walk=0
Time=224265000 | Ped=0 | Highway=100 | Side=001 | Walk=0
Time=224325000 | Ped=0 | Highway=001 | Side=100 | Walk=0
Time=224385000 | Ped=0 | Highway=010 | Side=100 | Walk=0
Time=224415000 | Ped=0 | Highway=100 | Side=001 | Walk=0
Time=224475000 | Ped=0 | Highway=001 | Side=100 | Walk=0
Time=224535000 | Ped=0 | Highway=010 | Side=100 | Walk=0
Time=224565000 | Ped=0 | Highway=100 | Side=001 | Walk=0
Time=224625000 | Ped=0 | Highway=001 | Side=100 | Walk=0
Time=224685000 | Ped=0 | Highway=010 | Side=100 | Walk=0
Time=224715000 | Ped=0 | Highway=100 | Side=001 | Walk=0
Time=224775000 | Ped=0 | Highway=001 | Side=100 | Walk=0
Time=224835000 | Ped=0 | Highway=010 | Side=100 | Walk=0
Time=224865000 | Ped=0 | Highway=100 | Side=001 | Walk=0
Time=224925000 | Ped=0 | Highway=001 | Side=100 | Walk=0
Time=224985000 | Ped=0 | Highway=010 | Side=100 | Walk=0
Time=225015000 | Ped=0 | Highway=100 | Side=001 | Walk=0
Time=225075000 | Ped=0 | Highway=001 | Side=100 | Walk=0
Time=225135000 | Ped=0 | Highway=010 | Side=100 | Walk=0
Time=225165000 | Ped=0 | Highway=100 | Side=001 | Walk=0
Time=225225000 | Ped=0 | Highway=001 | Side=100 | Walk=0
Time=225285000 | Ped=0 | Highway=010 | Side=100 | Walk=0
Time=225315000 | Ped=0 | Highway=100 | Side=001 | Walk=0
Time=225375000 | Ped=0 | Highway=001 | Side=100 | Walk=0
Time=225435000 | Ped=0 | Highway=010 | Side=100 | Walk=0
Time=225465000 | Ped=0 | Highway=100 | Side=001 | Walk=0
Time=225525000 | Ped=0 | Highway=001 | Side=100 | Walk=0
Time=225585000 | Ped=0 | Highway=010 | Side=100 | Walk=0
Time=225615000 | Ped=0 | Highway=100 | Side=001 | Walk=0
Time=225675000 | Ped=0 | Highway=001 | Side=100 | Walk=0
Time=225735000 | Ped=0 | Highway=010 | Side=100 | Walk=0
Time=225765000 | Ped=0 | Highway=100 | Side=001 | Walk=0
Time=225825000 | Ped=0 | Highway=001 | Side=100 | Walk=0
Time=225885000 | Ped=0 | Highway=010 | Side=100 | Walk=0
Time=225915000 | Ped=0 | Highway=100 | Side=001 | Walk=0
Time=225975000 | Ped=0 | Highway=001 | Side=100 | Walk=0
Time=226035000 | Ped=0 | Highway=010 | Side=100 | Walk=0
Time=226065000 | Ped=0 | Highway=100 | Side=001 | Walk=0
Time=226125000 | Ped=0 | Highway=001 | Side=100 | Walk=0
Time=226185000 | Ped=0 | Highway=010 | Side=100 | Walk=0
Time=226215000 | Ped=0 | Highway=100 | Side=001 | Walk=0
Time=226275000 | Ped=0 | Highway=001 | Side=100 | Walk=0
Time=226335000 | Ped=0 | Highway=010 | Side=100 | Walk=0
Time=226365000 | Ped=0 | Highway=100 | Side=001 | Walk=0
Time=226425000 | Ped=0 | Highway=001 | Side=100 | Walk=0
Time=226485000 | Ped=0 | Highway=010 | Side=100 | Walk=0
Time=226515000 | Ped=0 | Highway=100 | Side=001 | Walk=0
Time=226575000 | Ped=0 | Highway=001 | Side=100 | Walk=0
Time=226635000 | Ped=0 | Highway=010 | Side=100 | Walk=0
Time=226665000 | Ped=0 | Highway=100 | Side=001 | Walk=0
Time=226725000 | Ped=0 | Highway=001 | Side=100 | Walk=0
Time=226785000 | Ped=0 | Highway=010 | Side=100 | Walk=0
Time=226815000 | Ped=0 | Highway=100 | Side=001 | Walk=0
Time=226875000 | Ped=0 | Highway=001 | Side=100 | Walk=0
Time=226935000 | Ped=0 | Highway=010 | Side=100 | Walk=0
Time=226965000 | Ped=0 | Highway=100 | Side=001 | Walk=0
Time=227025000 | Ped=0 | Highway=001 | Side=100 | Walk=0
Time=227085000 | Ped=0 | Highway=010 | Side=100 | Walk=0
Time=227115000 | Ped=0 | Highway=100 | Side=001 | Walk=0
Time=227175000 | Ped=0 | Highway=001 | Side=100 | Walk=0
Time=227235000 | Ped=0 | Highway=010 | Side=100 | Walk=0
Time=227265000 | Ped=0 | Highway=100 | Side=001 | Walk=0
Time=227325000 | Ped=0 | Highway=001 | Side=100 | Walk=0
Time=227385000 | Ped=0 | Highway=010 | Side=100 | Walk=0
Time=227415000 | Ped=0 | Highway=100 | Side=001 | Walk=0
Time=227475000 | Ped=0 | Highway=001 | Side=100 | Walk=0
Time=227535000 | Ped=0 | Highway=010 | Side=100 | Walk=0
Time=227565000 | Ped=0 | Highway=100 | Side=001 | Walk=0
Time=227625000 | Ped=0 | Highway=001 | Side=100 | Walk=0
Time=227685000 | Ped=0 | Highway=010 | Side=100 | Walk=0
Time=227715000 | Ped=0 | Highway=100 | Side=001 | Walk=0
Time=227775000 | Ped=0 | Highway=001 | Side=100 | Walk=0
Time=227835000 | Ped=0 | Highway=010 | Side=100 | Walk=0
Time=227865000 | Ped=0 | Highway=100 | Side=001 | Walk=0
Time=227925000 | Ped=0 | Highway=001 | Side=100 | Walk=0
Time=227985000 | Ped=0 | Highway=010 | Side=100 | Walk=0
Time=228015000 | Ped=0 | Highway=100 | Side=001 | Walk=0
Time=228075000 | Ped=0 | Highway=001 | Side=100 | Walk=0
Time=228135000 | Ped=0 | Highway=010 | Side=100 | Walk=0
Time=228165000 | Ped=0 | Highway=100 | Side=001 | Walk=0
Time=228225000 | Ped=0 | Highway=001 | Side=100 | Walk=0
Time=228285000 | Ped=0 | Highway=010 | Side=100 | Walk=0
Time=228315000 | Ped=0 | Highway=100 | Side=001 | Walk=0
Time=228375000 | Ped=0 | Highway=001 | Side=100 | Walk=0
Time=228435000 | Ped=0 | Highway=010 | Side=100 | Walk=0
Time=228465000 | Ped=0 | Highway=100 | Side=001 | Walk=0
Time=228525000 | Ped=0 | Highway=001 | Side=100 | Walk=0
Time=228585000 | Ped=0 | Highway=010 | Side=100 | Walk=0
Time=228615000 | Ped=0 | Highway=100 | Side=001 | Walk=0
Time=228675000 | Ped=0 | Highway=001 | Side=100 | Walk=0
Time=228735000 | Ped=0 | Highway=010 | Side=100 | Walk=0
Time=228765000 | Ped=0 | Highway=100 | Side=001 | Walk=0
Time=228825000 | Ped=0 | Highway=001 | Side=100 | Walk=0
Time=228885000 | Ped=0 | Highway=010 | Side=100 | Walk=0
Time=228915000 | Ped=0 | Highway=100 | Side=001 | Walk=0
Time=228975000 | Ped=0 | Highway=001 | Side=100 | Walk=0
Time=229035000 | Ped=0 | Highway=010 | Side=100 | Walk=0
Time=229065000 | Ped=0 | Highway=100 | Side=001 | Walk=0
Time=229125000 | Ped=0 | Highway=001 | Side=100 | Walk=0
Time=229185000 | Ped=0 | Highway=010 | Side=100 | Walk=0
Time=229215000 | Ped=0 | Highway=100 | Side=001 | Walk=0
Time=229275000 | Ped=0 | Highway=001 | Side=100 | Walk=0
Time=229335000 | Ped=0 | Highway=010 | Side=100 | Walk=0
Time=229365000 | Ped=0 | Highway=100 | Side=001 | Walk=0
Time=229425000 | Ped=0 | Highway=001 | Side=100 | Walk=0
Time=229485000 | Ped=0 | Highway=010 | Side=100 | Walk=0
Time=229515000 | Ped=0 | Highway=100 | Side=001 | Walk=0
Time=229575000 | Ped=0 | Highway=001 | Side=100 | Walk=0
Time=229635000 | Ped=0 | Highway=010 | Side=100 | Walk=0
Time=229665000 | Ped=0 | Highway=100 | Side=001 | Walk=0
Time=229725000 | Ped=0 | Highway=001 | Side=100 | Walk=0
Time=229785000 | Ped=0 | Highway=010 | Side=100 | Walk=0
Time=229815000 | Ped=0 | Highway=100 | Side=001 | Walk=0
Time=229875000 | Ped=0 | Highway=001 | Side=100 | Walk=0
Time=229935000 | Ped=0 | Highway=010 | Side=100 | Walk=0
Time=229965000 | Ped=0 | Highway=100 | Side=001 | Walk=0
Time=230025000 | Ped=0 | Highway=001 | Side=100 | Walk=0
Time=230085000 | Ped=0 | Highway=010 | Side=100 | Walk=0
Time=230115000 | Ped=0 | Highway=100 | Side=001 | Walk=0
Time=230175000 | Ped=0 | Highway=001 | Side=100 | Walk=0
Time=230235000 | Ped=0 | Highway=010 | Side=100 | Walk=0
Time=230265000 | Ped=0 | Highway=100 | Side=001 | Walk=0
Time=230325000 | Ped=0 | Highway=001 | Side=100 | Walk=0
Time=230385000 | Ped=0 | Highway=010 | Side=100 | Walk=0
Time=230415000 | Ped=0 | Highway=100 | Side=001 | Walk=0
Time=230475000 | Ped=0 | Highway=001 | Side=100 | Walk=0
Time=230535000 | Ped=0 | Highway=010 | Side=100 | Walk=0
Time=230565000 | Ped=0 | Highway=100 | Side=001 | Walk=0
Time=230625000 | Ped=0 | Highway=001 | Side=100 | Walk=0
Time=230685000 | Ped=0 | Highway=010 | Side=100 | Walk=0
Time=230715000 | Ped=0 | Highway=100 | Side=001 | Walk=0
Time=230775000 | Ped=0 | Highway=001 | Side=100 | Walk=0
Time=230835000 | Ped=0 | Highway=010 | Side=100 | Walk=0
Time=230865000 | Ped=0 | Highway=100 | Side=001 | Walk=0
Time=230925000 | Ped=0 | Highway=001 | Side=100 | Walk=0
Time=230985000 | Ped=0 | Highway=010 | Side=100 | Walk=0
Time=231015000 | Ped=0 | Highway=100 | Side=001 | Walk=0
Time=231075000 | Ped=0 | Highway=001 | Side=100 | Walk=0
Time=231135000 | Ped=0 | Highway=010 | Side=100 | Walk=0
Time=231165000 | Ped=0 | Highway=100 | Side=001 | Walk=0
Time=231225000 | Ped=0 | Highway=001 | Side=100 | Walk=0
Time=231285000 | Ped=0 | Highway=010 | Side=100 | Walk=0
Time=231315000 | Ped=0 | Highway=100 | Side=001 | Walk=0
Time=231375000 | Ped=0 | Highway=001 | Side=100 | Walk=0
Time=231435000 | Ped=0 | Highway=010 | Side=100 | Walk=0
Time=231465000 | Ped=0 | Highway=100 | Side=001 | Walk=0
Time=231525000 | Ped=0 | Highway=001 | Side=100 | Walk=0
Time=231585000 | Ped=0 | Highway=010 | Side=100 | Walk=0
Time=231615000 | Ped=0 | Highway=100 | Side=001 | Walk=0
Time=231675000 | Ped=0 | Highway=001 | Side=100 | Walk=0
Time=231735000 | Ped=0 | Highway=010 | Side=100 | Walk=0
Time=231765000 | Ped=0 | Highway=100 | Side=001 | Walk=0
Time=231825000 | Ped=0 | Highway=001 | Side=100 | Walk=0
Time=231885000 | Ped=0 | Highway=010 | Side=100 | Walk=0
Time=231915000 | Ped=0 | Highway=100 | Side=001 | Walk=0
Time=231975000 | Ped=0 | Highway=001 | Side=100 | Walk=0
Time=232035000 | Ped=0 | Highway=010 | Side=100 | Walk=0
Time=232065000 | Ped=0 | Highway=100 | Side=001 | Walk=0
Time=232125000 | Ped=0 | Highway=001 | Side=100 | Walk=0
Time=232185000 | Ped=0 | Highway=010 | Side=100 | Walk=0
Time=232215000 | Ped=0 | Highway=100 | Side=001 | Walk=0
Time=232275000 | Ped=0 | Highway=001 | Side=100 | Walk=0
Time=232335000 | Ped=0 | Highway=010 | Side=100 | Walk=0
Time=232365000 | Ped=0 | Highway=100 | Side=001 | Walk=0
Time=232425000 | Ped=0 | Highway=001 | Side=100 | Walk=0
Time=232485000 | Ped=0 | Highway=010 | Side=100 | Walk=0
Time=232515000 | Ped=0 | Highway=100 | Side=001 | Walk=0
Time=232575000 | Ped=0 | Highway=001 | Side=100 | Walk=0
Time=232635000 | Ped=0 | Highway=010 | Side=100 | Walk=0
Time=232665000 | Ped=0 | Highway=100 | Side=001 | Walk=0
Time=232725000 | Ped=0 | Highway=001 | Side=100 | Walk=0
Time=232785000 | Ped=0 | Highway=010 | Side=100 | Walk=0
Time=232815000 | Ped=0 | Highway=100 | Side=001 | Walk=0
Time=232875000 | Ped=0 | Highway=001 | Side=100 | Walk=0
Time=232935000 | Ped=0 | Highway=010 | Side=100 | Walk=0
Time=232965000 | Ped=0 | Highway=100 | Side=001 | Walk=0
Time=233025000 | Ped=0 | Highway=001 | Side=100 | Walk=0
Time=233085000 | Ped=0 | Highway=010 | Side=100 | Walk=0
Time=233115000 | Ped=0 | Highway=100 | Side=001 | Walk=0
Time=233175000 | Ped=0 | Highway=001 | Side=100 | Walk=0
Time=233235000 | Ped=0 | Highway=010 | Side=100 | Walk=0
Time=233265000 | Ped=0 | Highway=100 | Side=001 | Walk=0
Time=233325000 | Ped=0 | Highway=001 | Side=100 | Walk=0
Time=233385000 | Ped=0 | Highway=010 | Side=100 | Walk=0
Time=233415000 | Ped=0 | Highway=100 | Side=001 | Walk=0
Time=233475000 | Ped=0 | Highway=001 | Side=100 | Walk=0
Time=233535000 | Ped=0 | Highway=010 | Side=100 | Walk=0
Time=233565000 | Ped=0 | Highway=100 | Side=001 | Walk=0
Time=233625000 | Ped=0 | Highway=001 | Side=100 | Walk=0
Time=233685000 | Ped=0 | Highway=010 | Side=100 | Walk=0
Time=233715000 | Ped=0 | Highway=100 | Side=001 | Walk=0
Time=233775000 | Ped=0 | Highway=001 | Side=100 | Walk=0
Time=233835000 | Ped=0 | Highway=010 | Side=100 | Walk=0
Time=233865000 | Ped=0 | Highway=100 | Side=001 | Walk=0
Time=233925000 | Ped=0 | Highway=001 | Side=100 | Walk=0
Time=233985000 | Ped=0 | Highway=010 | Side=100 | Walk=0
Time=234015000 | Ped=0 | Highway=100 | Side=001 | Walk=0
Time=234075000 | Ped=0 | Highway=001 | Side=100 | Walk=0
Time=234135000 | Ped=0 | Highway=010 | Side=100 | Walk=0
Time=234165000 | Ped=0 | Highway=100 | Side=001 | Walk=0
Time=234225000 | Ped=0 | Highway=001 | Side=100 | Walk=0
Time=234285000 | Ped=0 | Highway=010 | Side=100 | Walk=0
Time=234315000 | Ped=0 | Highway=100 | Side=001 | Walk=0
Time=234375000 | Ped=0 | Highway=001 | Side=100 | Walk=0
Time=234435000 | Ped=0 | Highway=010 | Side=100 | Walk=0
Time=234465000 | Ped=0 | Highway=100 | Side=001 | Walk=0
Time=234525000 | Ped=0 | Highway=001 | Side=100 | Walk=0
Time=234585000 | Ped=0 | Highway=010 | Side=100 | Walk=0
Time=234615000 | Ped=0 | Highway=100 | Side=001 | Walk=0
Time=234675000 | Ped=0 | Highway=001 | Side=100 | Walk=0
Time=234735000 | Ped=0 | Highway=010 | Side=100 | Walk=0
Time=234765000 | Ped=0 | Highway=100 | Side=001 | Walk=0
Time=234825000 | Ped=0 | Highway=001 | Side=100 | Walk=0
Time=234885000 | Ped=0 | Highway=010 | Side=100 | Walk=0
Time=234915000 | Ped=0 | Highway=100 | Side=001 | Walk=0
Time=234975000 | Ped=0 | Highway=001 | Side=100 | Walk=0
Time=235035000 | Ped=0 | Highway=010 | Side=100 | Walk=0
Time=235065000 | Ped=0 | Highway=100 | Side=001 | Walk=0
Time=235125000 | Ped=0 | Highway=001 | Side=100 | Walk=0
Time=235185000 | Ped=0 | Highway=010 | Side=100 | Walk=0
Time=235215000 | Ped=0 | Highway=100 | Side=001 | Walk=0
Time=235275000 | Ped=0 | Highway=001 | Side=100 | Walk=0
Time=235335000 | Ped=0 | Highway=010 | Side=100 | Walk=0
Time=235365000 | Ped=0 | Highway=100 | Side=001 | Walk=0
Time=235425000 | Ped=0 | Highway=001 | Side=100 | Walk=0
Time=235485000 | Ped=0 | Highway=010 | Side=100 | Walk=0
Time=235515000 | Ped=0 | Highway=100 | Side=001 | Walk=0
Time=235575000 | Ped=0 | Highway=001 | Side=100 | Walk=0
Time=235635000 | Ped=0 | Highway=010 | Side=100 | Walk=0
Time=235665000 | Ped=0 | Highway=100 | Side=001 | Walk=0
Time=235725000 | Ped=0 | Highway=001 | Side=100 | Walk=0
Time=235785000 | Ped=0 | Highway=010 | Side=100 | Walk=0
Time=235815000 | Ped=0 | Highway=100 | Side=001 | Walk=0
Time=235875000 | Ped=0 | Highway=001 | Side=100 | Walk=0
Time=235935000 | Ped=0 | Highway=010 | Side=100 | Walk=0
Time=235965000 | Ped=0 | Highway=100 | Side=001 | Walk=0
Time=236025000 | Ped=0 | Highway=001 | Side=100 | Walk=0
Time=236085000 | Ped=0 | Highway=010 | Side=100 | Walk=0
Time=236115000 | Ped=0 | Highway=100 | Side=001 | Walk=0
Time=236175000 | Ped=0 | Highway=001 | Side=100 | Walk=0
Time=236235000 | Ped=0 | Highway=010 | Side=100 | Walk=0
Time=236265000 | Ped=0 | Highway=100 | Side=001 | Walk=0
Time=236325000 | Ped=0 | Highway=001 | Side=100 | Walk=0
Time=236385000 | Ped=0 | Highway=010 | Side=100 | Walk=0
Time=236415000 | Ped=0 | Highway=100 | Side=001 | Walk=0
Time=236475000 | Ped=0 | Highway=001 | Side=100 | Walk=0
Time=236535000 | Ped=0 | Highway=010 | Side=100 | Walk=0
Time=236565000 | Ped=0 | Highway=100 | Side=001 | Walk=0
Time=236625000 | Ped=0 | Highway=001 | Side=100 | Walk=0
Time=236685000 | Ped=0 | Highway=010 | Side=100 | Walk=0
Time=236715000 | Ped=0 | Highway=100 | Side=001 | Walk=0
Time=236775000 | Ped=0 | Highway=001 | Side=100 | Walk=0
Time=236835000 | Ped=0 | Highway=010 | Side=100 | Walk=0
Time=236865000 | Ped=0 | Highway=100 | Side=001 | Walk=0
Time=236925000 | Ped=0 | Highway=001 | Side=100 | Walk=0
Time=236985000 | Ped=0 | Highway=010 | Side=100 | Walk=0
Time=237015000 | Ped=0 | Highway=100 | Side=001 | Walk=0
Time=237075000 | Ped=0 | Highway=001 | Side=100 | Walk=0
Time=237135000 | Ped=0 | Highway=010 | Side=100 | Walk=0
Time=237165000 | Ped=0 | Highway=100 | Side=001 | Walk=0
Time=237225000 | Ped=0 | Highway=001 | Side=100 | Walk=0
Time=237285000 | Ped=0 | Highway=010 | Side=100 | Walk=0
Time=237315000 | Ped=0 | Highway=100 | Side=001 | Walk=0
Time=237375000 | Ped=0 | Highway=001 | Side=100 | Walk=0
Time=237435000 | Ped=0 | Highway=010 | Side=100 | Walk=0
Time=237465000 | Ped=0 | Highway=100 | Side=001 | Walk=0
Time=237525000 | Ped=0 | Highway=001 | Side=100 | Walk=0
Time=237585000 | Ped=0 | Highway=010 | Side=100 | Walk=0
Time=237615000 | Ped=0 | Highway=100 | Side=001 | Walk=0
Time=237675000 | Ped=0 | Highway=001 | Side=100 | Walk=0
Time=237735000 | Ped=0 | Highway=010 | Side=100 | Walk=0
Time=237765000 | Ped=0 | Highway=100 | Side=001 | Walk=0
Time=237825000 | Ped=0 | Highway=001 | Side=100 | Walk=0
Time=237885000 | Ped=0 | Highway=010 | Side=100 | Walk=0
Time=237915000 | Ped=0 | Highway=100 | Side=001 | Walk=0
Time=237975000 | Ped=0 | Highway=001 | Side=100 | Walk=0
Time=238035000 | Ped=0 | Highway=010 | Side=100 | Walk=0
Time=238065000 | Ped=0 | Highway=100 | Side=001 | Walk=0
Time=238125000 | Ped=0 | Highway=001 | Side=100 | Walk=0
Time=238185000 | Ped=0 | Highway=010 | Side=100 | Walk=0
Time=238215000 | Ped=0 | Highway=100 | Side=001 | Walk=0
Time=238275000 | Ped=0 | Highway=001 | Side=100 | Walk=0
Time=238335000 | Ped=0 | Highway=010 | Side=100 | Walk=0
Time=238365000 | Ped=0 | Highway=100 | Side=001 | Walk=0
Time=238425000 | Ped=0 | Highway=001 | Side=100 | Walk=0
Time=238485000 | Ped=0 | Highway=010 | Side=100 | Walk=0
Time=238515000 | Ped=0 | Highway=100 | Side=001 | Walk=0
Time=238575000 | Ped=0 | Highway=001 | Side=100 | Walk=0
Time=238635000 | Ped=0 | Highway=010 | Side=100 | Walk=0
Time=238665000 | Ped=0 | Highway=100 | Side=001 | Walk=0
Time=238725000 | Ped=0 | Highway=001 | Side=100 | Walk=0
Time=238785000 | Ped=0 | Highway=010 | Side=100 | Walk=0
Time=238815000 | Ped=0 | Highway=100 | Side=001 | Walk=0
Time=238875000 | Ped=0 | Highway=001 | Side=100 | Walk=0
Time=238935000 | Ped=0 | Highway=010 | Side=100 | Walk=0
Time=238965000 | Ped=0 | Highway=100 | Side=001 | Walk=0
Time=239025000 | Ped=0 | Highway=001 | Side=100 | Walk=0
Time=239085000 | Ped=0 | Highway=010 | Side=100 | Walk=0
Time=239115000 | Ped=0 | Highway=100 | Side=001 | Walk=0
Time=239175000 | Ped=0 | Highway=001 | Side=100 | Walk=0
Time=239235000 | Ped=0 | Highway=010 | Side=100 | Walk=0
Time=239265000 | Ped=0 | Highway=100 | Side=001 | Walk=0
Time=239325000 | Ped=0 | Highway=001 | Side=100 | Walk=0
Time=239385000 | Ped=0 | Highway=010 | Side=100 | Walk=0
Time=239415000 | Ped=0 | Highway=100 | Side=001 | Walk=0
Time=239475000 | Ped=0 | Highway=001 | Side=100 | Walk=0
Time=239535000 | Ped=0 | Highway=010 | Side=100 | Walk=0
Time=239565000 | Ped=0 | Highway=100 | Side=001 | Walk=0
Time=239625000 | Ped=0 | Highway=001 | Side=100 | Walk=0
Time=239685000 | Ped=0 | Highway=010 | Side=100 | Walk=0
Time=239715000 | Ped=0 | Highway=100 | Side=001 | Walk=0
Time=239775000 | Ped=0 | Highway=001 | Side=100 | Walk=0
Time=239835000 | Ped=0 | Highway=010 | Side=100 | Walk=0
Time=239865000 | Ped=0 | Highway=100 | Side=001 | Walk=0
Time=239925000 | Ped=0 | Highway=001 | Side=100 | Walk=0
Time=239985000 | Ped=0 | Highway=010 | Side=100 | Walk=0
Time=240015000 | Ped=0 | Highway=100 | Side=001 | Walk=0
Time=240075000 | Ped=0 | Highway=001 | Side=100 | Walk=0
Time=240135000 | Ped=0 | Highway=010 | Side=100 | Walk=0
Time=240165000 | Ped=0 | Highway=100 | Side=001 | Walk=0
Time=240225000 | Ped=0 | Highway=001 | Side=100 | Walk=0
Time=240285000 | Ped=0 | Highway=010 | Side=100 | Walk=0
Time=240315000 | Ped=0 | Highway=100 | Side=001 | Walk=0
Time=240375000 | Ped=0 | Highway=001 | Side=100 | Walk=0
Time=240435000 | Ped=0 | Highway=010 | Side=100 | Walk=0
Time=240465000 | Ped=0 | Highway=100 | Side=001 | Walk=0
Time=240525000 | Ped=0 | Highway=001 | Side=100 | Walk=0
Time=240585000 | Ped=0 | Highway=010 | Side=100 | Walk=0
Time=240615000 | Ped=0 | Highway=100 | Side=001 | Walk=0
Time=240675000 | Ped=0 | Highway=001 | Side=100 | Walk=0
Time=240735000 | Ped=0 | Highway=010 | Side=100 | Walk=0
Time=240765000 | Ped=0 | Highway=100 | Side=001 | Walk=0
Time=240825000 | Ped=0 | Highway=001 | Side=100 | Walk=0
Time=240885000 | Ped=0 | Highway=010 | Side=100 | Walk=0
Time=240915000 | Ped=0 | Highway=100 | Side=001 | Walk=0
Time=240975000 | Ped=0 | Highway=001 | Side=100 | Walk=0
Time=241035000 | Ped=0 | Highway=010 | Side=100 | Walk=0
Time=241065000 | Ped=0 | Highway=100 | Side=001 | Walk=0
Time=241125000 | Ped=0 | Highway=001 | Side=100 | Walk=0
Time=241185000 | Ped=0 | Highway=010 | Side=100 | Walk=0
Time=241215000 | Ped=0 | Highway=100 | Side=001 | Walk=0
Time=241275000 | Ped=0 | Highway=001 | Side=100 | Walk=0
Time=241335000 | Ped=0 | Highway=010 | Side=100 | Walk=0
Time=241365000 | Ped=0 | Highway=100 | Side=001 | Walk=0
Time=241425000 | Ped=0 | Highway=001 | Side=100 | Walk=0
Time=241485000 | Ped=0 | Highway=010 | Side=100 | Walk=0
Time=241515000 | Ped=0 | Highway=100 | Side=001 | Walk=0
Time=241575000 | Ped=0 | Highway=001 | Side=100 | Walk=0
Time=241635000 | Ped=0 | Highway=010 | Side=100 | Walk=0
Time=241665000 | Ped=0 | Highway=100 | Side=001 | Walk=0
Time=241725000 | Ped=0 | Highway=001 | Side=100 | Walk=0
Time=241785000 | Ped=0 | Highway=010 | Side=100 | Walk=0
Time=241815000 | Ped=0 | Highway=100 | Side=001 | Walk=0
Time=241875000 | Ped=0 | Highway=001 | Side=100 | Walk=0
Time=241935000 | Ped=0 | Highway=010 | Side=100 | Walk=0
Time=241965000 | Ped=0 | Highway=100 | Side=001 | Walk=0
Time=242025000 | Ped=0 | Highway=001 | Side=100 | Walk=0
Time=242085000 | Ped=0 | Highway=010 | Side=100 | Walk=0
Time=242115000 | Ped=0 | Highway=100 | Side=001 | Walk=0
Time=242175000 | Ped=0 | Highway=001 | Side=100 | Walk=0
Time=242235000 | Ped=0 | Highway=010 | Side=100 | Walk=0
Time=242265000 | Ped=0 | Highway=100 | Side=001 | Walk=0
Time=242325000 | Ped=0 | Highway=001 | Side=100 | Walk=0
Time=242385000 | Ped=0 | Highway=010 | Side=100 | Walk=0
Time=242415000 | Ped=0 | Highway=100 | Side=001 | Walk=0
Time=242475000 | Ped=0 | Highway=001 | Side=100 | Walk=0
Time=242535000 | Ped=0 | Highway=010 | Side=100 | Walk=0
Time=242565000 | Ped=0 | Highway=100 | Side=001 | Walk=0
Time=242625000 | Ped=0 | Highway=001 | Side=100 | Walk=0
Time=242685000 | Ped=0 | Highway=010 | Side=100 | Walk=0
Time=242715000 | Ped=0 | Highway=100 | Side=001 | Walk=0
Time=242775000 | Ped=0 | Highway=001 | Side=100 | Walk=0
Time=242835000 | Ped=0 | Highway=010 | Side=100 | Walk=0
Time=242865000 | Ped=0 | Highway=100 | Side=001 | Walk=0
Time=242925000 | Ped=0 | Highway=001 | Side=100 | Walk=0
Time=242985000 | Ped=0 | Highway=010 | Side=100 | Walk=0
Time=243015000 | Ped=0 | Highway=100 | Side=001 | Walk=0
Time=243075000 | Ped=0 | Highway=001 | Side=100 | Walk=0
Time=243135000 | Ped=0 | Highway=010 | Side=100 | Walk=0
Time=243165000 | Ped=0 | Highway=100 | Side=001 | Walk=0
Time=243225000 | Ped=0 | Highway=001 | Side=100 | Walk=0
Time=243285000 | Ped=0 | Highway=010 | Side=100 | Walk=0
Time=243315000 | Ped=0 | Highway=100 | Side=001 | Walk=0
Time=243375000 | Ped=0 | Highway=001 | Side=100 | Walk=0
Time=243435000 | Ped=0 | Highway=010 | Side=100 | Walk=0
Time=243465000 | Ped=0 | Highway=100 | Side=001 | Walk=0
Time=243525000 | Ped=0 | Highway=001 | Side=100 | Walk=0
Time=243585000 | Ped=0 | Highway=010 | Side=100 | Walk=0
Time=243615000 | Ped=0 | Highway=100 | Side=001 | Walk=0
Time=243675000 | Ped=0 | Highway=001 | Side=100 | Walk=0
Time=243735000 | Ped=0 | Highway=010 | Side=100 | Walk=0
Time=243765000 | Ped=0 | Highway=100 | Side=001 | Walk=0
Time=243825000 | Ped=0 | Highway=001 | Side=100 | Walk=0
Time=243885000 | Ped=0 | Highway=010 | Side=100 | Walk=0
Time=243915000 | Ped=0 | Highway=100 | Side=001 | Walk=0
Time=243975000 | Ped=0 | Highway=001 | Side=100 | Walk=0
Time=244035000 | Ped=0 | Highway=010 | Side=100 | Walk=0
Time=244065000 | Ped=0 | Highway=100 | Side=001 | Walk=0
Time=244125000 | Ped=0 | Highway=001 | Side=100 | Walk=0
Time=244185000 | Ped=0 | Highway=010 | Side=100 | Walk=0
Time=244215000 | Ped=0 | Highway=100 | Side=001 | Walk=0
Time=244275000 | Ped=0 | Highway=001 | Side=100 | Walk=0
Time=244335000 | Ped=0 | Highway=010 | Side=100 | Walk=0
Time=244365000 | Ped=0 | Highway=100 | Side=001 | Walk=0
Time=244425000 | Ped=0 | Highway=001 | Side=100 | Walk=0
Time=244485000 | Ped=0 | Highway=010 | Side=100 | Walk=0
Time=244515000 | Ped=0 | Highway=100 | Side=001 | Walk=0
Time=244575000 | Ped=0 | Highway=001 | Side=100 | Walk=0
Time=244635000 | Ped=0 | Highway=010 | Side=100 | Walk=0
Time=244665000 | Ped=0 | Highway=100 | Side=001 | Walk=0
Time=244725000 | Ped=0 | Highway=001 | Side=100 | Walk=0
Time=244785000 | Ped=0 | Highway=010 | Side=100 | Walk=0
Time=244815000 | Ped=0 | Highway=100 | Side=001 | Walk=0
Time=244875000 | Ped=0 | Highway=001 | Side=100 | Walk=0
Time=244935000 | Ped=0 | Highway=010 | Side=100 | Walk=0
Time=244965000 | Ped=0 | Highway=100 | Side=001 | Walk=0
Time=245025000 | Ped=0 | Highway=001 | Side=100 | Walk=0
Time=245085000 | Ped=0 | Highway=010 | Side=100 | Walk=0
Time=245115000 | Ped=0 | Highway=100 | Side=001 | Walk=0
Time=245175000 | Ped=0 | Highway=001 | Side=100 | Walk=0
Time=245235000 | Ped=0 | Highway=010 | Side=100 | Walk=0
Time=245265000 | Ped=0 | Highway=100 | Side=001 | Walk=0
Time=245325000 | Ped=0 | Highway=001 | Side=100 | Walk=0
Time=245385000 | Ped=0 | Highway=010 | Side=100 | Walk=0
Time=245415000 | Ped=0 | Highway=100 | Side=001 | Walk=0
Time=245475000 | Ped=0 | Highway=001 | Side=100 | Walk=0
Time=245535000 | Ped=0 | Highway=010 | Side=100 | Walk=0
Time=245565000 | Ped=0 | Highway=100 | Side=001 | Walk=0
Time=245625000 | Ped=0 | Highway=001 | Side=100 | Walk=0
Time=245685000 | Ped=0 | Highway=010 | Side=100 | Walk=0
Time=245715000 | Ped=0 | Highway=100 | Side=001 | Walk=0
Time=245775000 | Ped=0 | Highway=001 | Side=100 | Walk=0
Time=245835000 | Ped=0 | Highway=010 | Side=100 | Walk=0
Time=245865000 | Ped=0 | Highway=100 | Side=001 | Walk=0
Time=245925000 | Ped=0 | Highway=001 | Side=100 | Walk=0
Time=245985000 | Ped=0 | Highway=010 | Side=100 | Walk=0
Time=246015000 | Ped=0 | Highway=100 | Side=001 | Walk=0
Time=246075000 | Ped=0 | Highway=001 | Side=100 | Walk=0
Time=246135000 | Ped=0 | Highway=010 | Side=100 | Walk=0
Time=246165000 | Ped=0 | Highway=100 | Side=001 | Walk=0
Time=246225000 | Ped=0 | Highway=001 | Side=100 | Walk=0
Time=246285000 | Ped=0 | Highway=010 | Side=100 | Walk=0
Time=246315000 | Ped=0 | Highway=100 | Side=001 | Walk=0
Time=246375000 | Ped=0 | Highway=001 | Side=100 | Walk=0
Time=246435000 | Ped=0 | Highway=010 | Side=100 | Walk=0
Time=246465000 | Ped=0 | Highway=100 | Side=001 | Walk=0
Time=246525000 | Ped=0 | Highway=001 | Side=100 | Walk=0
Time=246585000 | Ped=0 | Highway=010 | Side=100 | Walk=0
Time=246615000 | Ped=0 | Highway=100 | Side=001 | Walk=0
Time=246675000 | Ped=0 | Highway=001 | Side=100 | Walk=0
Time=246735000 | Ped=0 | Highway=010 | Side=100 | Walk=0
Time=246765000 | Ped=0 | Highway=100 | Side=001 | Walk=0
Time=246825000 | Ped=0 | Highway=001 | Side=100 | Walk=0
Time=246885000 | Ped=0 | Highway=010 | Side=100 | Walk=0
Time=246915000 | Ped=0 | Highway=100 | Side=001 | Walk=0
Time=246975000 | Ped=0 | Highway=001 | Side=100 | Walk=0
Time=247035000 | Ped=0 | Highway=010 | Side=100 | Walk=0
Time=247065000 | Ped=0 | Highway=100 | Side=001 | Walk=0
Time=247125000 | Ped=0 | Highway=001 | Side=100 | Walk=0
Time=247185000 | Ped=0 | Highway=010 | Side=100 | Walk=0
Time=247215000 | Ped=0 | Highway=100 | Side=001 | Walk=0
Time=247275000 | Ped=0 | Highway=001 | Side=100 | Walk=0
Time=247335000 | Ped=0 | Highway=010 | Side=100 | Walk=0
Time=247365000 | Ped=0 | Highway=100 | Side=001 | Walk=0
Time=247425000 | Ped=0 | Highway=001 | Side=100 | Walk=0
Time=247485000 | Ped=0 | Highway=010 | Side=100 | Walk=0
Time=247515000 | Ped=0 | Highway=100 | Side=001 | Walk=0
Time=247575000 | Ped=0 | Highway=001 | Side=100 | Walk=0
Time=247635000 | Ped=0 | Highway=010 | Side=100 | Walk=0
Time=247665000 | Ped=0 | Highway=100 | Side=001 | Walk=0
Time=247725000 | Ped=0 | Highway=001 | Side=100 | Walk=0
Time=247785000 | Ped=0 | Highway=010 | Side=100 | Walk=0
Time=247815000 | Ped=0 | Highway=100 | Side=001 | Walk=0
Time=247875000 | Ped=0 | Highway=001 | Side=100 | Walk=0
Time=247935000 | Ped=0 | Highway=010 | Side=100 | Walk=0
Time=247965000 | Ped=0 | Highway=100 | Side=001 | Walk=0
Time=248025000 | Ped=0 | Highway=001 | Side=100 | Walk=0
Time=248085000 | Ped=0 | Highway=010 | Side=100 | Walk=0
Time=248115000 | Ped=0 | Highway=100 | Side=001 | Walk=0
Time=248175000 | Ped=0 | Highway=001 | Side=100 | Walk=0
Time=248235000 | Ped=0 | Highway=010 | Side=100 | Walk=0
Time=248265000 | Ped=0 | Highway=100 | Side=001 | Walk=0
Time=248325000 | Ped=0 | Highway=001 | Side=100 | Walk=0
Time=248385000 | Ped=0 | Highway=010 | Side=100 | Walk=0
Time=248415000 | Ped=0 | Highway=100 | Side=001 | Walk=0
Time=248475000 | Ped=0 | Highway=001 | Side=100 | Walk=0
Time=248535000 | Ped=0 | Highway=010 | Side=100 | Walk=0
Time=248565000 | Ped=0 | Highway=100 | Side=001 | Walk=0
Time=248625000 | Ped=0 | Highway=001 | Side=100 | Walk=0
Time=248685000 | Ped=0 | Highway=010 | Side=100 | Walk=0
Time=248715000 | Ped=0 | Highway=100 | Side=001 | Walk=0
Time=248775000 | Ped=0 | Highway=001 | Side=100 | Walk=0
Time=248835000 | Ped=0 | Highway=010 | Side=100 | Walk=0
Time=248865000 | Ped=0 | Highway=100 | Side=001 | Walk=0
Time=248925000 | Ped=0 | Highway=001 | Side=100 | Walk=0
Time=248985000 | Ped=0 | Highway=010 | Side=100 | Walk=0
Time=249015000 | Ped=0 | Highway=100 | Side=001 | Walk=0
Time=249075000 | Ped=0 | Highway=001 | Side=100 | Walk=0
Time=249135000 | Ped=0 | Highway=010 | Side=100 | Walk=0
Time=249165000 | Ped=0 | Highway=100 | Side=001 | Walk=0
Time=249225000 | Ped=0 | Highway=001 | Side=100 | Walk=0
Time=249285000 | Ped=0 | Highway=010 | Side=100 | Walk=0
Time=249315000 | Ped=0 | Highway=100 | Side=001 | Walk=0
Time=249375000 | Ped=0 | Highway=001 | Side=100 | Walk=0
Time=249435000 | Ped=0 | Highway=010 | Side=100 | Walk=0
Time=249465000 | Ped=0 | Highway=100 | Side=001 | Walk=0
Time=249525000 | Ped=0 | Highway=001 | Side=100 | Walk=0
Time=249585000 | Ped=0 | Highway=010 | Side=100 | Walk=0
Time=249615000 | Ped=0 | Highway=100 | Side=001 | Walk=0
Time=249675000 | Ped=0 | Highway=001 | Side=100 | Walk=0
Time=249735000 | Ped=0 | Highway=010 | Side=100 | Walk=0
Time=249765000 | Ped=0 | Highway=100 | Side=001 | Walk=0
Time=249825000 | Ped=0 | Highway=001 | Side=100 | Walk=0
Time=249885000 | Ped=0 | Highway=010 | Side=100 | Walk=0
Time=249915000 | Ped=0 | Highway=100 | Side=001 | Walk=0
Time=249975000 | Ped=0 | Highway=001 | Side=100 | Walk=0
Time=250035000 | Ped=0 | Highway=010 | Side=100 | Walk=0
Time=250065000 | Ped=0 | Highway=100 | Side=001 | Walk=0
Time=250125000 | Ped=0 | Highway=001 | Side=100 | Walk=0
Time=250185000 | Ped=0 | Highway=010 | Side=100 | Walk=0
Time=250215000 | Ped=0 | Highway=100 | Side=001 | Walk=0
Time=250275000 | Ped=0 | Highway=001 | Side=100 | Walk=0
Time=250335000 | Ped=0 | Highway=010 | Side=100 | Walk=0
Time=250365000 | Ped=0 | Highway=100 | Side=001 | Walk=0
Time=250425000 | Ped=0 | Highway=001 | Side=100 | Walk=0
Time=250485000 | Ped=0 | Highway=010 | Side=100 | Walk=0
Time=250515000 | Ped=0 | Highway=100 | Side=001 | Walk=0
Time=250575000 | Ped=0 | Highway=001 | Side=100 | Walk=0
Time=250635000 | Ped=0 | Highway=010 | Side=100 | Walk=0
Time=250665000 | Ped=0 | Highway=100 | Side=001 | Walk=0
Time=250725000 | Ped=0 | Highway=001 | Side=100 | Walk=0
Time=250785000 | Ped=0 | Highway=010 | Side=100 | Walk=0
Time=250815000 | Ped=0 | Highway=100 | Side=001 | Walk=0
Time=250875000 | Ped=0 | Highway=001 | Side=100 | Walk=0
Time=250935000 | Ped=0 | Highway=010 | Side=100 | Walk=0
Time=250965000 | Ped=0 | Highway=100 | Side=001 | Walk=0
Time=251025000 | Ped=0 | Highway=001 | Side=100 | Walk=0
Time=251085000 | Ped=0 | Highway=010 | Side=100 | Walk=0
Time=251115000 | Ped=0 | Highway=100 | Side=001 | Walk=0
Time=251175000 | Ped=0 | Highway=001 | Side=100 | Walk=0
Time=251235000 | Ped=0 | Highway=010 | Side=100 | Walk=0
Time=251265000 | Ped=0 | Highway=100 | Side=001 | Walk=0
Time=251325000 | Ped=0 | Highway=001 | Side=100 | Walk=0
Time=251385000 | Ped=0 | Highway=010 | Side=100 | Walk=0
Time=251415000 | Ped=0 | Highway=100 | Side=001 | Walk=0
Time=251475000 | Ped=0 | Highway=001 | Side=100 | Walk=0
Time=251535000 | Ped=0 | Highway=010 | Side=100 | Walk=0
Time=251565000 | Ped=0 | Highway=100 | Side=001 | Walk=0
Time=251625000 | Ped=0 | Highway=001 | Side=100 | Walk=0
Time=251685000 | Ped=0 | Highway=010 | Side=100 | Walk=0
Time=251715000 | Ped=0 | Highway=100 | Side=001 | Walk=0
Time=251775000 | Ped=0 | Highway=001 | Side=100 | Walk=0
Time=251835000 | Ped=0 | Highway=010 | Side=100 | Walk=0
Time=251865000 | Ped=0 | Highway=100 | Side=001 | Walk=0
Time=251925000 | Ped=0 | Highway=001 | Side=100 | Walk=0
Time=251985000 | Ped=0 | Highway=010 | Side=100 | Walk=0
Time=252015000 | Ped=0 | Highway=100 | Side=001 | Walk=0
Time=252075000 | Ped=0 | Highway=001 | Side=100 | Walk=0
Time=252135000 | Ped=0 | Highway=010 | Side=100 | Walk=0
Time=252165000 | Ped=0 | Highway=100 | Side=001 | Walk=0
Time=252225000 | Ped=0 | Highway=001 | Side=100 | Walk=0
Time=252285000 | Ped=0 | Highway=010 | Side=100 | Walk=0
Time=252315000 | Ped=0 | Highway=100 | Side=001 | Walk=0
Time=252375000 | Ped=0 | Highway=001 | Side=100 | Walk=0
Time=252435000 | Ped=0 | Highway=010 | Side=100 | Walk=0
Time=252465000 | Ped=0 | Highway=100 | Side=001 | Walk=0
Time=252525000 | Ped=0 | Highway=001 | Side=100 | Walk=0
Time=252585000 | Ped=0 | Highway=010 | Side=100 | Walk=0
Time=252615000 | Ped=0 | Highway=100 | Side=001 | Walk=0
Time=252675000 | Ped=0 | Highway=001 | Side=100 | Walk=0
Time=252735000 | Ped=0 | Highway=010 | Side=100 | Walk=0
Time=252765000 | Ped=0 | Highway=100 | Side=001 | Walk=0
Time=252825000 | Ped=0 | Highway=001 | Side=100 | Walk=0
Time=252885000 | Ped=0 | Highway=010 | Side=100 | Walk=0
Time=252915000 | Ped=0 | Highway=100 | Side=001 | Walk=0
Time=252975000 | Ped=0 | Highway=001 | Side=100 | Walk=0
Time=253035000 | Ped=0 | Highway=010 | Side=100 | Walk=0
Time=253065000 | Ped=0 | Highway=100 | Side=001 | Walk=0
Time=253125000 | Ped=0 | Highway=001 | Side=100 | Walk=0
Time=253185000 | Ped=0 | Highway=010 | Side=100 | Walk=0
Time=253215000 | Ped=0 | Highway=100 | Side=001 | Walk=0
Time=253275000 | Ped=0 | Highway=001 | Side=100 | Walk=0
Time=253335000 | Ped=0 | Highway=010 | Side=100 | Walk=0
Time=253365000 | Ped=0 | Highway=100 | Side=001 | Walk=0
Time=253425000 | Ped=0 | Highway=001 | Side=100 | Walk=0
Time=253485000 | Ped=0 | Highway=010 | Side=100 | Walk=0
Time=253515000 | Ped=0 | Highway=100 | Side=001 | Walk=0
Time=253575000 | Ped=0 | Highway=001 | Side=100 | Walk=0
Time=253635000 | Ped=0 | Highway=010 | Side=100 | Walk=0
Time=253665000 | Ped=0 | Highway=100 | Side=001 | Walk=0
Time=253725000 | Ped=0 | Highway=001 | Side=100 | Walk=0
Time=253785000 | Ped=0 | Highway=010 | Side=100 | Walk=0
Time=253815000 | Ped=0 | Highway=100 | Side=001 | Walk=0
Time=253875000 | Ped=0 | Highway=001 | Side=100 | Walk=0
Time=253935000 | Ped=0 | Highway=010 | Side=100 | Walk=0
Time=253965000 | Ped=0 | Highway=100 | Side=001 | Walk=0
Time=254025000 | Ped=0 | Highway=001 | Side=100 | Walk=0
Time=254085000 | Ped=0 | Highway=010 | Side=100 | Walk=0
Time=254115000 | Ped=0 | Highway=100 | Side=001 | Walk=0
Time=254175000 | Ped=0 | Highway=001 | Side=100 | Walk=0
Time=254235000 | Ped=0 | Highway=010 | Side=100 | Walk=0
Time=254265000 | Ped=0 | Highway=100 | Side=001 | Walk=0
Time=254325000 | Ped=0 | Highway=001 | Side=100 | Walk=0
Time=254385000 | Ped=0 | Highway=010 | Side=100 | Walk=0
Time=254415000 | Ped=0 | Highway=100 | Side=001 | Walk=0
Time=254475000 | Ped=0 | Highway=001 | Side=100 | Walk=0
Time=254535000 | Ped=0 | Highway=010 | Side=100 | Walk=0
Time=254565000 | Ped=0 | Highway=100 | Side=001 | Walk=0
Time=254625000 | Ped=0 | Highway=001 | Side=100 | Walk=0
Time=254685000 | Ped=0 | Highway=010 | Side=100 | Walk=0
Time=254715000 | Ped=0 | Highway=100 | Side=001 | Walk=0
Time=254775000 | Ped=0 | Highway=001 | Side=100 | Walk=0
Time=254835000 | Ped=0 | Highway=010 | Side=100 | Walk=0
Time=254865000 | Ped=0 | Highway=100 | Side=001 | Walk=0
Time=254925000 | Ped=0 | Highway=001 | Side=100 | Walk=0
Time=254985000 | Ped=0 | Highway=010 | Side=100 | Walk=0
Time=255015000 | Ped=0 | Highway=100 | Side=001 | Walk=0
Time=255075000 | Ped=0 | Highway=001 | Side=100 | Walk=0
Time=255135000 | Ped=0 | Highway=010 | Side=100 | Walk=0
Time=255165000 | Ped=0 | Highway=100 | Side=001 | Walk=0
Time=255225000 | Ped=0 | Highway=001 | Side=100 | Walk=0
Time=255285000 | Ped=0 | Highway=010 | Side=100 | Walk=0
Time=255315000 | Ped=0 | Highway=100 | Side=001 | Walk=0
Time=255375000 | Ped=0 | Highway=001 | Side=100 | Walk=0
Time=255435000 | Ped=0 | Highway=010 | Side=100 | Walk=0
Time=255465000 | Ped=0 | Highway=100 | Side=001 | Walk=0
Time=255525000 | Ped=0 | Highway=001 | Side=100 | Walk=0
Time=255585000 | Ped=0 | Highway=010 | Side=100 | Walk=0
Time=255615000 | Ped=0 | Highway=100 | Side=001 | Walk=0
Time=255675000 | Ped=0 | Highway=001 | Side=100 | Walk=0
Time=255735000 | Ped=0 | Highway=010 | Side=100 | Walk=0
Time=255765000 | Ped=0 | Highway=100 | Side=001 | Walk=0
Time=255825000 | Ped=0 | Highway=001 | Side=100 | Walk=0
Time=255885000 | Ped=0 | Highway=010 | Side=100 | Walk=0
Time=255915000 | Ped=0 | Highway=100 | Side=001 | Walk=0
Time=255975000 | Ped=0 | Highway=001 | Side=100 | Walk=0
Time=256035000 | Ped=0 | Highway=010 | Side=100 | Walk=0
Time=256065000 | Ped=0 | Highway=100 | Side=001 | Walk=0
Time=256125000 | Ped=0 | Highway=001 | Side=100 | Walk=0
Time=256185000 | Ped=0 | Highway=010 | Side=100 | Walk=0
Time=256215000 | Ped=0 | Highway=100 | Side=001 | Walk=0
Time=256275000 | Ped=0 | Highway=001 | Side=100 | Walk=0
Time=256335000 | Ped=0 | Highway=010 | Side=100 | Walk=0
Time=256365000 | Ped=0 | Highway=100 | Side=001 | Walk=0
Time=256425000 | Ped=0 | Highway=001 | Side=100 | Walk=0
Time=256485000 | Ped=0 | Highway=010 | Side=100 | Walk=0
Time=256515000 | Ped=0 | Highway=100 | Side=001 | Walk=0
Time=256575000 | Ped=0 | Highway=001 | Side=100 | Walk=0
Time=256635000 | Ped=0 | Highway=010 | Side=100 | Walk=0
Time=256665000 | Ped=0 | Highway=100 | Side=001 | Walk=0
Time=256725000 | Ped=0 | Highway=001 | Side=100 | Walk=0
Time=256785000 | Ped=0 | Highway=010 | Side=100 | Walk=0
Time=256815000 | Ped=0 | Highway=100 | Side=001 | Walk=0
Time=256875000 | Ped=0 | Highway=001 | Side=100 | Walk=0
Time=256935000 | Ped=0 | Highway=010 | Side=100 | Walk=0
Time=256965000 | Ped=0 | Highway=100 | Side=001 | Walk=0
Time=257025000 | Ped=0 | Highway=001 | Side=100 | Walk=0
Time=257085000 | Ped=0 | Highway=010 | Side=100 | Walk=0
Time=257115000 | Ped=0 | Highway=100 | Side=001 | Walk=0
Time=257175000 | Ped=0 | Highway=001 | Side=100 | Walk=0
Time=257235000 | Ped=0 | Highway=010 | Side=100 | Walk=0
Time=257265000 | Ped=0 | Highway=100 | Side=001 | Walk=0
Time=257325000 | Ped=0 | Highway=001 | Side=100 | Walk=0
Time=257385000 | Ped=0 | Highway=010 | Side=100 | Walk=0
Time=257415000 | Ped=0 | Highway=100 | Side=001 | Walk=0
Time=257475000 | Ped=0 | Highway=001 | Side=100 | Walk=0
Time=257535000 | Ped=0 | Highway=010 | Side=100 | Walk=0
Time=257565000 | Ped=0 | Highway=100 | Side=001 | Walk=0
Time=257625000 | Ped=0 | Highway=001 | Side=100 | Walk=0
Time=257685000 | Ped=0 | Highway=010 | Side=100 | Walk=0
Time=257715000 | Ped=0 | Highway=100 | Side=001 | Walk=0
Time=257775000 | Ped=0 | Highway=001 | Side=100 | Walk=0
Time=257835000 | Ped=0 | Highway=010 | Side=100 | Walk=0
Time=257865000 | Ped=0 | Highway=100 | Side=001 | Walk=0
Time=257925000 | Ped=0 | Highway=001 | Side=100 | Walk=0
Time=257985000 | Ped=0 | Highway=010 | Side=100 | Walk=0
Time=258015000 | Ped=0 | Highway=100 | Side=001 | Walk=0
Time=258075000 | Ped=0 | Highway=001 | Side=100 | Walk=0
Time=258135000 | Ped=0 | Highway=010 | Side=100 | Walk=0
Time=258165000 | Ped=0 | Highway=100 | Side=001 | Walk=0
Time=258225000 | Ped=0 | Highway=001 | Side=100 | Walk=0
Time=258285000 | Ped=0 | Highway=010 | Side=100 | Walk=0
Time=258315000 | Ped=0 | Highway=100 | Side=001 | Walk=0
Time=258375000 | Ped=0 | Highway=001 | Side=100 | Walk=0
Time=258435000 | Ped=0 | Highway=010 | Side=100 | Walk=0
Time=258465000 | Ped=0 | Highway=100 | Side=001 | Walk=0
Time=258525000 | Ped=0 | Highway=001 | Side=100 | Walk=0
Time=258585000 | Ped=0 | Highway=010 | Side=100 | Walk=0
Time=258615000 | Ped=0 | Highway=100 | Side=001 | Walk=0
Time=258675000 | Ped=0 | Highway=001 | Side=100 | Walk=0
Time=258735000 | Ped=0 | Highway=010 | Side=100 | Walk=0
Time=258765000 | Ped=0 | Highway=100 | Side=001 | Walk=0
Time=258825000 | Ped=0 | Highway=001 | Side=100 | Walk=0
Time=258885000 | Ped=0 | Highway=010 | Side=100 | Walk=0
Time=258915000 | Ped=0 | Highway=100 | Side=001 | Walk=0
Time=258975000 | Ped=0 | Highway=001 | Side=100 | Walk=0
Time=259035000 | Ped=0 | Highway=010 | Side=100 | Walk=0
Time=259065000 | Ped=0 | Highway=100 | Side=001 | Walk=0
Time=259125000 | Ped=0 | Highway=001 | Side=100 | Walk=0
Time=259185000 | Ped=0 | Highway=010 | Side=100 | Walk=0
Time=259215000 | Ped=0 | Highway=100 | Side=001 | Walk=0
Time=259275000 | Ped=0 | Highway=001 | Side=100 | Walk=0
Time=259335000 | Ped=0 | Highway=010 | Side=100 | Walk=0
Time=259365000 | Ped=0 | Highway=100 | Side=001 | Walk=0
Time=259425000 | Ped=0 | Highway=001 | Side=100 | Walk=0
Time=259485000 | Ped=0 | Highway=010 | Side=100 | Walk=0
Time=259515000 | Ped=0 | Highway=100 | Side=001 | Walk=0
Time=259575000 | Ped=0 | Highway=001 | Side=100 | Walk=0
Time=259635000 | Ped=0 | Highway=010 | Side=100 | Walk=0
Time=259665000 | Ped=0 | Highway=100 | Side=001 | Walk=0
Time=259725000 | Ped=0 | Highway=001 | Side=100 | Walk=0
Time=259785000 | Ped=0 | Highway=010 | Side=100 | Walk=0
Time=259815000 | Ped=0 | Highway=100 | Side=001 | Walk=0
Time=259875000 | Ped=0 | Highway=001 | Side=100 | Walk=0
Time=259935000 | Ped=0 | Highway=010 | Side=100 | Walk=0
Time=259965000 | Ped=0 | Highway=100 | Side=001 | Walk=0
Time=260025000 | Ped=0 | Highway=001 | Side=100 | Walk=0
Time=260085000 | Ped=0 | Highway=010 | Side=100 | Walk=0
Time=260115000 | Ped=0 | Highway=100 | Side=001 | Walk=0
Time=260175000 | Ped=0 | Highway=001 | Side=100 | Walk=0
Time=260235000 | Ped=0 | Highway=010 | Side=100 | Walk=0
Time=260265000 | Ped=0 | Highway=100 | Side=001 | Walk=0
Time=260325000 | Ped=0 | Highway=001 | Side=100 | Walk=0
Time=260385000 | Ped=0 | Highway=010 | Side=100 | Walk=0
Time=260415000 | Ped=0 | Highway=100 | Side=001 | Walk=0
Time=260475000 | Ped=0 | Highway=001 | Side=100 | Walk=0
Time=260535000 | Ped=0 | Highway=010 | Side=100 | Walk=0
Time=260565000 | Ped=0 | Highway=100 | Side=001 | Walk=0
Time=260625000 | Ped=0 | Highway=001 | Side=100 | Walk=0
Time=260685000 | Ped=0 | Highway=010 | Side=100 | Walk=0
Time=260715000 | Ped=0 | Highway=100 | Side=001 | Walk=0
Time=260775000 | Ped=0 | Highway=001 | Side=100 | Walk=0
Time=260835000 | Ped=0 | Highway=010 | Side=100 | Walk=0
Time=260865000 | Ped=0 | Highway=100 | Side=001 | Walk=0
Time=260925000 | Ped=0 | Highway=001 | Side=100 | Walk=0
Time=260985000 | Ped=0 | Highway=010 | Side=100 | Walk=0
Time=261015000 | Ped=0 | Highway=100 | Side=001 | Walk=0
Time=261075000 | Ped=0 | Highway=001 | Side=100 | Walk=0
Time=261135000 | Ped=0 | Highway=010 | Side=100 | Walk=0
Time=261165000 | Ped=0 | Highway=100 | Side=001 | Walk=0
Time=261225000 | Ped=0 | Highway=001 | Side=100 | Walk=0
Time=261285000 | Ped=0 | Highway=010 | Side=100 | Walk=0
Time=261315000 | Ped=0 | Highway=100 | Side=001 | Walk=0
Time=261375000 | Ped=0 | Highway=001 | Side=100 | Walk=0
Time=261435000 | Ped=0 | Highway=010 | Side=100 | Walk=0
Time=261465000 | Ped=0 | Highway=100 | Side=001 | Walk=0
Time=261525000 | Ped=0 | Highway=001 | Side=100 | Walk=0
Time=261585000 | Ped=0 | Highway=010 | Side=100 | Walk=0
Time=261615000 | Ped=0 | Highway=100 | Side=001 | Walk=0
Time=261675000 | Ped=0 | Highway=001 | Side=100 | Walk=0
Time=261735000 | Ped=0 | Highway=010 | Side=100 | Walk=0
Time=261765000 | Ped=0 | Highway=100 | Side=001 | Walk=0
Time=261825000 | Ped=0 | Highway=001 | Side=100 | Walk=0
Time=261885000 | Ped=0 | Highway=010 | Side=100 | Walk=0
Time=261915000 | Ped=0 | Highway=100 | Side=001 | Walk=0
Time=261975000 | Ped=0 | Highway=001 | Side=100 | Walk=0
Time=262035000 | Ped=0 | Highway=010 | Side=100 | Walk=0
Time=262065000 | Ped=0 | Highway=100 | Side=001 | Walk=0
Time=262125000 | Ped=0 | Highway=001 | Side=100 | Walk=0
Time=262185000 | Ped=0 | Highway=010 | Side=100 | Walk=0
Time=262215000 | Ped=0 | Highway=100 | Side=001 | Walk=0
Time=262275000 | Ped=0 | Highway=001 | Side=100 | Walk=0
Time=262335000 | Ped=0 | Highway=010 | Side=100 | Walk=0
Time=262365000 | Ped=0 | Highway=100 | Side=001 | Walk=0
Time=262425000 | Ped=0 | Highway=001 | Side=100 | Walk=0
Time=262485000 | Ped=0 | Highway=010 | Side=100 | Walk=0
Time=262515000 | Ped=0 | Highway=100 | Side=001 | Walk=0
Time=262575000 | Ped=0 | Highway=001 | Side=100 | Walk=0
Time=262635000 | Ped=0 | Highway=010 | Side=100 | Walk=0
Time=262665000 | Ped=0 | Highway=100 | Side=001 | Walk=0
Time=262725000 | Ped=0 | Highway=001 | Side=100 | Walk=0
Time=262785000 | Ped=0 | Highway=010 | Side=100 | Walk=0
Time=262815000 | Ped=0 | Highway=100 | Side=001 | Walk=0
Time=262875000 | Ped=0 | Highway=001 | Side=100 | Walk=0
Time=262935000 | Ped=0 | Highway=010 | Side=100 | Walk=0
Time=262965000 | Ped=0 | Highway=100 | Side=001 | Walk=0
Time=263025000 | Ped=0 | Highway=001 | Side=100 | Walk=0
Time=263085000 | Ped=0 | Highway=010 | Side=100 | Walk=0
Time=263115000 | Ped=0 | Highway=100 | Side=001 | Walk=0
Time=263175000 | Ped=0 | Highway=001 | Side=100 | Walk=0
Time=263235000 | Ped=0 | Highway=010 | Side=100 | Walk=0
Time=263265000 | Ped=0 | Highway=100 | Side=001 | Walk=0
Time=263325000 | Ped=0 | Highway=001 | Side=100 | Walk=0
Time=263385000 | Ped=0 | Highway=010 | Side=100 | Walk=0
Time=263415000 | Ped=0 | Highway=100 | Side=001 | Walk=0
Time=263475000 | Ped=0 | Highway=001 | Side=100 | Walk=0
Time=263535000 | Ped=0 | Highway=010 | Side=100 | Walk=0
Time=263565000 | Ped=0 | Highway=100 | Side=001 | Walk=0
Time=263625000 | Ped=0 | Highway=001 | Side=100 | Walk=0
Time=263685000 | Ped=0 | Highway=010 | Side=100 | Walk=0
Time=263715000 | Ped=0 | Highway=100 | Side=001 | Walk=0
Time=263775000 | Ped=0 | Highway=001 | Side=100 | Walk=0
Time=263835000 | Ped=0 | Highway=010 | Side=100 | Walk=0
Time=263865000 | Ped=0 | Highway=100 | Side=001 | Walk=0
Time=263925000 | Ped=0 | Highway=001 | Side=100 | Walk=0
Time=263985000 | Ped=0 | Highway=010 | Side=100 | Walk=0
Time=264015000 | Ped=0 | Highway=100 | Side=001 | Walk=0
Time=264075000 | Ped=0 | Highway=001 | Side=100 | Walk=0
Time=264135000 | Ped=0 | Highway=010 | Side=100 | Walk=0
Time=264165000 | Ped=0 | Highway=100 | Side=001 | Walk=0
Time=264225000 | Ped=0 | Highway=001 | Side=100 | Walk=0
Time=264285000 | Ped=0 | Highway=010 | Side=100 | Walk=0
Time=264315000 | Ped=0 | Highway=100 | Side=001 | Walk=0
Time=264375000 | Ped=0 | Highway=001 | Side=100 | Walk=0
Time=264435000 | Ped=0 | Highway=010 | Side=100 | Walk=0
Time=264465000 | Ped=0 | Highway=100 | Side=001 | Walk=0
Time=264525000 | Ped=0 | Highway=001 | Side=100 | Walk=0
Time=264585000 | Ped=0 | Highway=010 | Side=100 | Walk=0
Time=264615000 | Ped=0 | Highway=100 | Side=001 | Walk=0
Time=264675000 | Ped=0 | Highway=001 | Side=100 | Walk=0
Time=264735000 | Ped=0 | Highway=010 | Side=100 | Walk=0
Time=264765000 | Ped=0 | Highway=100 | Side=001 | Walk=0
Time=264825000 | Ped=0 | Highway=001 | Side=100 | Walk=0
Time=264885000 | Ped=0 | Highway=010 | Side=100 | Walk=0
Time=264915000 | Ped=0 | Highway=100 | Side=001 | Walk=0
Time=264975000 | Ped=0 | Highway=001 | Side=100 | Walk=0
Time=265035000 | Ped=0 | Highway=010 | Side=100 | Walk=0
Time=265065000 | Ped=0 | Highway=100 | Side=001 | Walk=0
Time=265125000 | Ped=0 | Highway=001 | Side=100 | Walk=0
Time=265185000 | Ped=0 | Highway=010 | Side=100 | Walk=0
Time=265215000 | Ped=0 | Highway=100 | Side=001 | Walk=0
Time=265275000 | Ped=0 | Highway=001 | Side=100 | Walk=0
Time=265335000 | Ped=0 | Highway=010 | Side=100 | Walk=0
Time=265365000 | Ped=0 | Highway=100 | Side=001 | Walk=0
Time=265425000 | Ped=0 | Highway=001 | Side=100 | Walk=0
Time=265485000 | Ped=0 | Highway=010 | Side=100 | Walk=0
Time=265515000 | Ped=0 | Highway=100 | Side=001 | Walk=0
Time=265575000 | Ped=0 | Highway=001 | Side=100 | Walk=0
Time=265635000 | Ped=0 | Highway=010 | Side=100 | Walk=0
Time=265665000 | Ped=0 | Highway=100 | Side=001 | Walk=0
Time=265725000 | Ped=0 | Highway=001 | Side=100 | Walk=0
Time=265785000 | Ped=0 | Highway=010 | Side=100 | Walk=0
Time=265815000 | Ped=0 | Highway=100 | Side=001 | Walk=0
Time=265875000 | Ped=0 | Highway=001 | Side=100 | Walk=0
Time=265935000 | Ped=0 | Highway=010 | Side=100 | Walk=0
Time=265965000 | Ped=0 | Highway=100 | Side=001 | Walk=0
Time=266025000 | Ped=0 | Highway=001 | Side=100 | Walk=0
Time=266085000 | Ped=0 | Highway=010 | Side=100 | Walk=0
Time=266115000 | Ped=0 | Highway=100 | Side=001 | Walk=0
Time=266175000 | Ped=0 | Highway=001 | Side=100 | Walk=0
Time=266235000 | Ped=0 | Highway=010 | Side=100 | Walk=0
Time=266265000 | Ped=0 | Highway=100 | Side=001 | Walk=0
Time=266325000 | Ped=0 | Highway=001 | Side=100 | Walk=0
Time=266385000 | Ped=0 | Highway=010 | Side=100 | Walk=0
Time=266415000 | Ped=0 | Highway=100 | Side=001 | Walk=0
Time=266475000 | Ped=0 | Highway=001 | Side=100 | Walk=0
Time=266535000 | Ped=0 | Highway=010 | Side=100 | Walk=0
Time=266565000 | Ped=0 | Highway=100 | Side=001 | Walk=0
Time=266625000 | Ped=0 | Highway=001 | Side=100 | Walk=0
Time=266685000 | Ped=0 | Highway=010 | Side=100 | Walk=0
Time=266715000 | Ped=0 | Highway=100 | Side=001 | Walk=0
Time=266775000 | Ped=0 | Highway=001 | Side=100 | Walk=0
Time=266835000 | Ped=0 | Highway=010 | Side=100 | Walk=0
Time=266865000 | Ped=0 | Highway=100 | Side=001 | Walk=0
Time=266925000 | Ped=0 | Highway=001 | Side=100 | Walk=0
Time=266985000 | Ped=0 | Highway=010 | Side=100 | Walk=0
Time=267015000 | Ped=0 | Highway=100 | Side=001 | Walk=0
Time=267075000 | Ped=0 | Highway=001 | Side=100 | Walk=0
Time=267135000 | Ped=0 | Highway=010 | Side=100 | Walk=0
Time=267165000 | Ped=0 | Highway=100 | Side=001 | Walk=0
Time=267225000 | Ped=0 | Highway=001 | Side=100 | Walk=0
Time=267285000 | Ped=0 | Highway=010 | Side=100 | Walk=0
Time=267315000 | Ped=0 | Highway=100 | Side=001 | Walk=0
Time=267375000 | Ped=0 | Highway=001 | Side=100 | Walk=0
Time=267435000 | Ped=0 | Highway=010 | Side=100 | Walk=0
Time=267465000 | Ped=0 | Highway=100 | Side=001 | Walk=0
Time=267525000 | Ped=0 | Highway=001 | Side=100 | Walk=0
Time=267585000 | Ped=0 | Highway=010 | Side=100 | Walk=0
Time=267615000 | Ped=0 | Highway=100 | Side=001 | Walk=0
Time=267675000 | Ped=0 | Highway=001 | Side=100 | Walk=0
Time=267735000 | Ped=0 | Highway=010 | Side=100 | Walk=0
Time=267765000 | Ped=0 | Highway=100 | Side=001 | Walk=0
Time=267825000 | Ped=0 | Highway=001 | Side=100 | Walk=0
Time=267885000 | Ped=0 | Highway=010 | Side=100 | Walk=0
Time=267915000 | Ped=0 | Highway=100 | Side=001 | Walk=0
Time=267975000 | Ped=0 | Highway=001 | Side=100 | Walk=0
Time=268035000 | Ped=0 | Highway=010 | Side=100 | Walk=0
Time=268065000 | Ped=0 | Highway=100 | Side=001 | Walk=0
Time=268125000 | Ped=0 | Highway=001 | Side=100 | Walk=0
Time=268185000 | Ped=0 | Highway=010 | Side=100 | Walk=0
Time=268215000 | Ped=0 | Highway=100 | Side=001 | Walk=0
Time=268275000 | Ped=0 | Highway=001 | Side=100 | Walk=0
Time=268335000 | Ped=0 | Highway=010 | Side=100 | Walk=0
Time=268365000 | Ped=0 | Highway=100 | Side=001 | Walk=0
Time=268425000 | Ped=0 | Highway=001 | Side=100 | Walk=0
Time=268485000 | Ped=0 | Highway=010 | Side=100 | Walk=0
Time=268515000 | Ped=0 | Highway=100 | Side=001 | Walk=0
Time=268575000 | Ped=0 | Highway=001 | Side=100 | Walk=0
Time=268635000 | Ped=0 | Highway=010 | Side=100 | Walk=0
Time=268665000 | Ped=0 | Highway=100 | Side=001 | Walk=0
Time=268725000 | Ped=0 | Highway=001 | Side=100 | Walk=0
Time=268785000 | Ped=0 | Highway=010 | Side=100 | Walk=0
Time=268815000 | Ped=0 | Highway=100 | Side=001 | Walk=0
Time=268875000 | Ped=0 | Highway=001 | Side=100 | Walk=0
Time=268935000 | Ped=0 | Highway=010 | Side=100 | Walk=0
Time=268965000 | Ped=0 | Highway=100 | Side=001 | Walk=0
Time=269025000 | Ped=0 | Highway=001 | Side=100 | Walk=0
Time=269085000 | Ped=0 | Highway=010 | Side=100 | Walk=0
Time=269115000 | Ped=0 | Highway=100 | Side=001 | Walk=0
Time=269175000 | Ped=0 | Highway=001 | Side=100 | Walk=0
Time=269235000 | Ped=0 | Highway=010 | Side=100 | Walk=0
Time=269265000 | Ped=0 | Highway=100 | Side=001 | Walk=0
Time=269325000 | Ped=0 | Highway=001 | Side=100 | Walk=0
Time=269385000 | Ped=0 | Highway=010 | Side=100 | Walk=0
Time=269415000 | Ped=0 | Highway=100 | Side=001 | Walk=0
Time=269475000 | Ped=0 | Highway=001 | Side=100 | Walk=0
Time=269535000 | Ped=0 | Highway=010 | Side=100 | Walk=0
Time=269565000 | Ped=0 | Highway=100 | Side=001 | Walk=0
Time=269625000 | Ped=0 | Highway=001 | Side=100 | Walk=0
Time=269685000 | Ped=0 | Highway=010 | Side=100 | Walk=0
Time=269715000 | Ped=0 | Highway=100 | Side=001 | Walk=0
Time=269775000 | Ped=0 | Highway=001 | Side=100 | Walk=0
Time=269835000 | Ped=0 | Highway=010 | Side=100 | Walk=0
Time=269865000 | Ped=0 | Highway=100 | Side=001 | Walk=0
Time=269925000 | Ped=0 | Highway=001 | Side=100 | Walk=0
Time=269985000 | Ped=0 | Highway=010 | Side=100 | Walk=0
Time=270015000 | Ped=0 | Highway=100 | Side=001 | Walk=0
Time=270075000 | Ped=0 | Highway=001 | Side=100 | Walk=0
Time=270135000 | Ped=0 | Highway=010 | Side=100 | Walk=0
Time=270165000 | Ped=0 | Highway=100 | Side=001 | Walk=0
Time=270225000 | Ped=0 | Highway=001 | Side=100 | Walk=0
Time=270285000 | Ped=0 | Highway=010 | Side=100 | Walk=0
Time=270315000 | Ped=0 | Highway=100 | Side=001 | Walk=0
Time=270375000 | Ped=0 | Highway=001 | Side=100 | Walk=0
Time=270435000 | Ped=0 | Highway=010 | Side=100 | Walk=0
Time=270465000 | Ped=0 | Highway=100 | Side=001 | Walk=0
Time=270525000 | Ped=0 | Highway=001 | Side=100 | Walk=0
Time=270585000 | Ped=0 | Highway=010 | Side=100 | Walk=0
Time=270615000 | Ped=0 | Highway=100 | Side=001 | Walk=0
Time=270675000 | Ped=0 | Highway=001 | Side=100 | Walk=0
Time=270735000 | Ped=0 | Highway=010 | Side=100 | Walk=0
Time=270765000 | Ped=0 | Highway=100 | Side=001 | Walk=0
Time=270825000 | Ped=0 | Highway=001 | Side=100 | Walk=0
Time=270885000 | Ped=0 | Highway=010 | Side=100 | Walk=0
Time=270915000 | Ped=0 | Highway=100 | Side=001 | Walk=0
Time=270975000 | Ped=0 | Highway=001 | Side=100 | Walk=0
Time=271035000 | Ped=0 | Highway=010 | Side=100 | Walk=0
Time=271065000 | Ped=0 | Highway=100 | Side=001 | Walk=0
Time=271125000 | Ped=0 | Highway=001 | Side=100 | Walk=0
Time=271185000 | Ped=0 | Highway=010 | Side=100 | Walk=0
Time=271215000 | Ped=0 | Highway=100 | Side=001 | Walk=0
Time=271275000 | Ped=0 | Highway=001 | Side=100 | Walk=0
Time=271335000 | Ped=0 | Highway=010 | Side=100 | Walk=0
Time=271365000 | Ped=0 | Highway=100 | Side=001 | Walk=0
Time=271425000 | Ped=0 | Highway=001 | Side=100 | Walk=0
Time=271485000 | Ped=0 | Highway=010 | Side=100 | Walk=0
Time=271515000 | Ped=0 | Highway=100 | Side=001 | Walk=0
Time=271575000 | Ped=0 | Highway=001 | Side=100 | Walk=0
Time=271635000 | Ped=0 | Highway=010 | Side=100 | Walk=0
Time=271665000 | Ped=0 | Highway=100 | Side=001 | Walk=0
Time=271725000 | Ped=0 | Highway=001 | Side=100 | Walk=0
Time=271785000 | Ped=0 | Highway=010 | Side=100 | Walk=0
Time=271815000 | Ped=0 | Highway=100 | Side=001 | Walk=0
Time=271875000 | Ped=0 | Highway=001 | Side=100 | Walk=0
Time=271935000 | Ped=0 | Highway=010 | Side=100 | Walk=0
Time=271965000 | Ped=0 | Highway=100 | Side=001 | Walk=0
Time=272025000 | Ped=0 | Highway=001 | Side=100 | Walk=0
Time=272085000 | Ped=0 | Highway=010 | Side=100 | Walk=0
Time=272115000 | Ped=0 | Highway=100 | Side=001 | Walk=0
Time=272175000 | Ped=0 | Highway=001 | Side=100 | Walk=0
Time=272235000 | Ped=0 | Highway=010 | Side=100 | Walk=0
Time=272265000 | Ped=0 | Highway=100 | Side=001 | Walk=0
Time=272325000 | Ped=0 | Highway=001 | Side=100 | Walk=0
Time=272385000 | Ped=0 | Highway=010 | Side=100 | Walk=0
Time=272415000 | Ped=0 | Highway=100 | Side=001 | Walk=0
Time=272475000 | Ped=0 | Highway=001 | Side=100 | Walk=0
Time=272535000 | Ped=0 | Highway=010 | Side=100 | Walk=0
Time=272565000 | Ped=0 | Highway=100 | Side=001 | Walk=0
Time=272625000 | Ped=0 | Highway=001 | Side=100 | Walk=0
Time=272685000 | Ped=0 | Highway=010 | Side=100 | Walk=0
Time=272715000 | Ped=0 | Highway=100 | Side=001 | Walk=0
Time=272775000 | Ped=0 | Highway=001 | Side=100 | Walk=0
Time=272835000 | Ped=0 | Highway=010 | Side=100 | Walk=0
Time=272865000 | Ped=0 | Highway=100 | Side=001 | Walk=0
Time=272925000 | Ped=0 | Highway=001 | Side=100 | Walk=0
Time=272985000 | Ped=0 | Highway=010 | Side=100 | Walk=0
Time=273015000 | Ped=0 | Highway=100 | Side=001 | Walk=0
Time=273075000 | Ped=0 | Highway=001 | Side=100 | Walk=0
Time=273135000 | Ped=0 | Highway=010 | Side=100 | Walk=0
Time=273165000 | Ped=0 | Highway=100 | Side=001 | Walk=0
Time=273225000 | Ped=0 | Highway=001 | Side=100 | Walk=0
Time=273285000 | Ped=0 | Highway=010 | Side=100 | Walk=0
Time=273315000 | Ped=0 | Highway=100 | Side=001 | Walk=0
Time=273375000 | Ped=0 | Highway=001 | Side=100 | Walk=0
Time=273435000 | Ped=0 | Highway=010 | Side=100 | Walk=0
Time=273465000 | Ped=0 | Highway=100 | Side=001 | Walk=0
Time=273525000 | Ped=0 | Highway=001 | Side=100 | Walk=0
Time=273585000 | Ped=0 | Highway=010 | Side=100 | Walk=0
Time=273615000 | Ped=0 | Highway=100 | Side=001 | Walk=0
Time=273675000 | Ped=0 | Highway=001 | Side=100 | Walk=0
Time=273735000 | Ped=0 | Highway=010 | Side=100 | Walk=0
Time=273765000 | Ped=0 | Highway=100 | Side=001 | Walk=0
Time=273825000 | Ped=0 | Highway=001 | Side=100 | Walk=0
Time=273885000 | Ped=0 | Highway=010 | Side=100 | Walk=0
Time=273915000 | Ped=0 | Highway=100 | Side=001 | Walk=0
Time=273975000 | Ped=0 | Highway=001 | Side=100 | Walk=0
Time=274035000 | Ped=0 | Highway=010 | Side=100 | Walk=0
Time=274065000 | Ped=0 | Highway=100 | Side=001 | Walk=0
Time=274125000 | Ped=0 | Highway=001 | Side=100 | Walk=0
Time=274185000 | Ped=0 | Highway=010 | Side=100 | Walk=0
Time=274215000 | Ped=0 | Highway=100 | Side=001 | Walk=0
Time=274275000 | Ped=0 | Highway=001 | Side=100 | Walk=0
Time=274335000 | Ped=0 | Highway=010 | Side=100 | Walk=0
Time=274365000 | Ped=0 | Highway=100 | Side=001 | Walk=0
Time=274425000 | Ped=0 | Highway=001 | Side=100 | Walk=0
Time=274485000 | Ped=0 | Highway=010 | Side=100 | Walk=0
Time=274515000 | Ped=0 | Highway=100 | Side=001 | Walk=0
Time=274575000 | Ped=0 | Highway=001 | Side=100 | Walk=0
Time=274635000 | Ped=0 | Highway=010 | Side=100 | Walk=0
Time=274665000 | Ped=0 | Highway=100 | Side=001 | Walk=0
Time=274725000 | Ped=0 | Highway=001 | Side=100 | Walk=0
Time=274785000 | Ped=0 | Highway=010 | Side=100 | Walk=0
Time=274815000 | Ped=0 | Highway=100 | Side=001 | Walk=0
Time=274875000 | Ped=0 | Highway=001 | Side=100 | Walk=0
Time=274935000 | Ped=0 | Highway=010 | Side=100 | Walk=0
Time=274965000 | Ped=0 | Highway=100 | Side=001 | Walk=0
Time=275025000 | Ped=0 | Highway=001 | Side=100 | Walk=0
Time=275085000 | Ped=0 | Highway=010 | Side=100 | Walk=0
Time=275115000 | Ped=0 | Highway=100 | Side=001 | Walk=0
Time=275175000 | Ped=0 | Highway=001 | Side=100 | Walk=0
Time=275235000 | Ped=0 | Highway=010 | Side=100 | Walk=0
Time=275265000 | Ped=0 | Highway=100 | Side=001 | Walk=0
Time=275325000 | Ped=0 | Highway=001 | Side=100 | Walk=0
Time=275385000 | Ped=0 | Highway=010 | Side=100 | Walk=0
Time=275415000 | Ped=0 | Highway=100 | Side=001 | Walk=0
Time=275475000 | Ped=0 | Highway=001 | Side=100 | Walk=0
Time=275535000 | Ped=0 | Highway=010 | Side=100 | Walk=0
Time=275565000 | Ped=0 | Highway=100 | Side=001 | Walk=0
Time=275625000 | Ped=0 | Highway=001 | Side=100 | Walk=0
Time=275685000 | Ped=0 | Highway=010 | Side=100 | Walk=0
Time=275715000 | Ped=0 | Highway=100 | Side=001 | Walk=0
Time=275775000 | Ped=0 | Highway=001 | Side=100 | Walk=0
Time=275835000 | Ped=0 | Highway=010 | Side=100 | Walk=0
Time=275865000 | Ped=0 | Highway=100 | Side=001 | Walk=0
Time=275925000 | Ped=0 | Highway=001 | Side=100 | Walk=0
Time=275985000 | Ped=0 | Highway=010 | Side=100 | Walk=0
Time=276015000 | Ped=0 | Highway=100 | Side=001 | Walk=0
Time=276075000 | Ped=0 | Highway=001 | Side=100 | Walk=0
Time=276135000 | Ped=0 | Highway=010 | Side=100 | Walk=0
Time=276165000 | Ped=0 | Highway=100 | Side=001 | Walk=0
Time=276225000 | Ped=0 | Highway=001 | Side=100 | Walk=0
Time=276285000 | Ped=0 | Highway=010 | Side=100 | Walk=0
Time=276315000 | Ped=0 | Highway=100 | Side=001 | Walk=0
Time=276375000 | Ped=0 | Highway=001 | Side=100 | Walk=0
Time=276435000 | Ped=0 | Highway=010 | Side=100 | Walk=0
Time=276465000 | Ped=0 | Highway=100 | Side=001 | Walk=0
Time=276525000 | Ped=0 | Highway=001 | Side=100 | Walk=0
Time=276585000 | Ped=0 | Highway=010 | Side=100 | Walk=0
Time=276615000 | Ped=0 | Highway=100 | Side=001 | Walk=0
Time=276675000 | Ped=0 | Highway=001 | Side=100 | Walk=0
Time=276735000 | Ped=0 | Highway=010 | Side=100 | Walk=0
Time=276765000 | Ped=0 | Highway=100 | Side=001 | Walk=0
Time=276825000 | Ped=0 | Highway=001 | Side=100 | Walk=0
Time=276885000 | Ped=0 | Highway=010 | Side=100 | Walk=0
Time=276915000 | Ped=0 | Highway=100 | Side=001 | Walk=0
Time=276975000 | Ped=0 | Highway=001 | Side=100 | Walk=0
Time=277035000 | Ped=0 | Highway=010 | Side=100 | Walk=0
Time=277065000 | Ped=0 | Highway=100 | Side=001 | Walk=0
Time=277125000 | Ped=0 | Highway=001 | Side=100 | Walk=0
Time=277185000 | Ped=0 | Highway=010 | Side=100 | Walk=0
Time=277215000 | Ped=0 | Highway=100 | Side=001 | Walk=0
Time=277275000 | Ped=0 | Highway=001 | Side=100 | Walk=0
Time=277335000 | Ped=0 | Highway=010 | Side=100 | Walk=0
Time=277365000 | Ped=0 | Highway=100 | Side=001 | Walk=0
Time=277425000 | Ped=0 | Highway=001 | Side=100 | Walk=0
Time=277485000 | Ped=0 | Highway=010 | Side=100 | Walk=0
Time=277515000 | Ped=0 | Highway=100 | Side=001 | Walk=0
Time=277575000 | Ped=0 | Highway=001 | Side=100 | Walk=0
Time=277635000 | Ped=0 | Highway=010 | Side=100 | Walk=0
Time=277665000 | Ped=0 | Highway=100 | Side=001 | Walk=0
Time=277725000 | Ped=0 | Highway=001 | Side=100 | Walk=0
Time=277785000 | Ped=0 | Highway=010 | Side=100 | Walk=0
Time=277815000 | Ped=0 | Highway=100 | Side=001 | Walk=0
Time=277875000 | Ped=0 | Highway=001 | Side=100 | Walk=0
Time=277935000 | Ped=0 | Highway=010 | Side=100 | Walk=0
Time=277965000 | Ped=0 | Highway=100 | Side=001 | Walk=0
Time=278025000 | Ped=0 | Highway=001 | Side=100 | Walk=0
Time=278085000 | Ped=0 | Highway=010 | Side=100 | Walk=0
Time=278115000 | Ped=0 | Highway=100 | Side=001 | Walk=0
Time=278175000 | Ped=0 | Highway=001 | Side=100 | Walk=0
Time=278235000 | Ped=0 | Highway=010 | Side=100 | Walk=0
Time=278265000 | Ped=0 | Highway=100 | Side=001 | Walk=0
Time=278325000 | Ped=0 | Highway=001 | Side=100 | Walk=0
Time=278385000 | Ped=0 | Highway=010 | Side=100 | Walk=0
Time=278415000 | Ped=0 | Highway=100 | Side=001 | Walk=0
Time=278475000 | Ped=0 | Highway=001 | Side=100 | Walk=0
Time=278535000 | Ped=0 | Highway=010 | Side=100 | Walk=0
Time=278565000 | Ped=0 | Highway=100 | Side=001 | Walk=0
Time=278625000 | Ped=0 | Highway=001 | Side=100 | Walk=0
Time=278685000 | Ped=0 | Highway=010 | Side=100 | Walk=0
Time=278715000 | Ped=0 | Highway=100 | Side=001 | Walk=0
Time=278775000 | Ped=0 | Highway=001 | Side=100 | Walk=0
Time=278835000 | Ped=0 | Highway=010 | Side=100 | Walk=0
Time=278865000 | Ped=0 | Highway=100 | Side=001 | Walk=0
Time=278925000 | Ped=0 | Highway=001 | Side=100 | Walk=0
Time=278985000 | Ped=0 | Highway=010 | Side=100 | Walk=0
Time=279015000 | Ped=0 | Highway=100 | Side=001 | Walk=0
Time=279075000 | Ped=0 | Highway=001 | Side=100 | Walk=0
Time=279135000 | Ped=0 | Highway=010 | Side=100 | Walk=0
Time=279165000 | Ped=0 | Highway=100 | Side=001 | Walk=0
Time=279225000 | Ped=0 | Highway=001 | Side=100 | Walk=0
Time=279285000 | Ped=0 | Highway=010 | Side=100 | Walk=0
Time=279315000 | Ped=0 | Highway=100 | Side=001 | Walk=0
Time=279375000 | Ped=0 | Highway=001 | Side=100 | Walk=0
Time=279435000 | Ped=0 | Highway=010 | Side=100 | Walk=0
Time=279465000 | Ped=0 | Highway=100 | Side=001 | Walk=0
Time=279525000 | Ped=0 | Highway=001 | Side=100 | Walk=0
Time=279585000 | Ped=0 | Highway=010 | Side=100 | Walk=0
Time=279615000 | Ped=0 | Highway=100 | Side=001 | Walk=0
Time=279675000 | Ped=0 | Highway=001 | Side=100 | Walk=0
Time=279735000 | Ped=0 | Highway=010 | Side=100 | Walk=0
Time=279765000 | Ped=0 | Highway=100 | Side=001 | Walk=0
Time=279825000 | Ped=0 | Highway=001 | Side=100 | Walk=0
Time=279885000 | Ped=0 | Highway=010 | Side=100 | Walk=0
Time=279915000 | Ped=0 | Highway=100 | Side=001 | Walk=0
Time=279975000 | Ped=0 | Highway=001 | Side=100 | Walk=0
Time=280035000 | Ped=0 | Highway=010 | Side=100 | Walk=0
Time=280065000 | Ped=0 | Highway=100 | Side=001 | Walk=0
Time=280125000 | Ped=0 | Highway=001 | Side=100 | Walk=0
Time=280185000 | Ped=0 | Highway=010 | Side=100 | Walk=0
Time=280215000 | Ped=0 | Highway=100 | Side=001 | Walk=0
Time=280275000 | Ped=0 | Highway=001 | Side=100 | Walk=0
Time=280335000 | Ped=0 | Highway=010 | Side=100 | Walk=0
Time=280365000 | Ped=0 | Highway=100 | Side=001 | Walk=0
Time=280425000 | Ped=0 | Highway=001 | Side=100 | Walk=0
Time=280485000 | Ped=0 | Highway=010 | Side=100 | Walk=0
Time=280515000 | Ped=0 | Highway=100 | Side=001 | Walk=0
Time=280575000 | Ped=0 | Highway=001 | Side=100 | Walk=0
Time=280635000 | Ped=0 | Highway=010 | Side=100 | Walk=0
Time=280665000 | Ped=0 | Highway=100 | Side=001 | Walk=0
Time=280725000 | Ped=0 | Highway=001 | Side=100 | Walk=0
Time=280785000 | Ped=0 | Highway=010 | Side=100 | Walk=0
Time=280815000 | Ped=0 | Highway=100 | Side=001 | Walk=0
Time=280875000 | Ped=0 | Highway=001 | Side=100 | Walk=0
Time=280935000 | Ped=0 | Highway=010 | Side=100 | Walk=0
Time=280965000 | Ped=0 | Highway=100 | Side=001 | Walk=0
Time=281025000 | Ped=0 | Highway=001 | Side=100 | Walk=0
Time=281085000 | Ped=0 | Highway=010 | Side=100 | Walk=0
Time=281115000 | Ped=0 | Highway=100 | Side=001 | Walk=0
Time=281175000 | Ped=0 | Highway=001 | Side=100 | Walk=0
Time=281235000 | Ped=0 | Highway=010 | Side=100 | Walk=0
Time=281265000 | Ped=0 | Highway=100 | Side=001 | Walk=0
Time=281325000 | Ped=0 | Highway=001 | Side=100 | Walk=0
Time=281385000 | Ped=0 | Highway=010 | Side=100 | Walk=0
Time=281415000 | Ped=0 | Highway=100 | Side=001 | Walk=0
Time=281475000 | Ped=0 | Highway=001 | Side=100 | Walk=0
Time=281535000 | Ped=0 | Highway=010 | Side=100 | Walk=0
Time=281565000 | Ped=0 | Highway=100 | Side=001 | Walk=0
Time=281625000 | Ped=0 | Highway=001 | Side=100 | Walk=0
Time=281685000 | Ped=0 | Highway=010 | Side=100 | Walk=0
Time=281715000 | Ped=0 | Highway=100 | Side=001 | Walk=0
Time=281775000 | Ped=0 | Highway=001 | Side=100 | Walk=0
Time=281835000 | Ped=0 | Highway=010 | Side=100 | Walk=0
Time=281865000 | Ped=0 | Highway=100 | Side=001 | Walk=0
Time=281925000 | Ped=0 | Highway=001 | Side=100 | Walk=0
Time=281985000 | Ped=0 | Highway=010 | Side=100 | Walk=0
Time=282015000 | Ped=0 | Highway=100 | Side=001 | Walk=0
Time=282075000 | Ped=0 | Highway=001 | Side=100 | Walk=0
Time=282135000 | Ped=0 | Highway=010 | Side=100 | Walk=0
Time=282165000 | Ped=0 | Highway=100 | Side=001 | Walk=0
Time=282225000 | Ped=0 | Highway=001 | Side=100 | Walk=0
Time=282285000 | Ped=0 | Highway=010 | Side=100 | Walk=0
Time=282315000 | Ped=0 | Highway=100 | Side=001 | Walk=0
Time=282375000 | Ped=0 | Highway=001 | Side=100 | Walk=0
Time=282435000 | Ped=0 | Highway=010 | Side=100 | Walk=0
Time=282465000 | Ped=0 | Highway=100 | Side=001 | Walk=0
Time=282525000 | Ped=0 | Highway=001 | Side=100 | Walk=0
Time=282585000 | Ped=0 | Highway=010 | Side=100 | Walk=0
Time=282615000 | Ped=0 | Highway=100 | Side=001 | Walk=0
Time=282675000 | Ped=0 | Highway=001 | Side=100 | Walk=0
Time=282735000 | Ped=0 | Highway=010 | Side=100 | Walk=0
Time=282765000 | Ped=0 | Highway=100 | Side=001 | Walk=0
Time=282825000 | Ped=0 | Highway=001 | Side=100 | Walk=0
Time=282885000 | Ped=0 | Highway=010 | Side=100 | Walk=0
Time=282915000 | Ped=0 | Highway=100 | Side=001 | Walk=0
Time=282975000 | Ped=0 | Highway=001 | Side=100 | Walk=0
Time=283035000 | Ped=0 | Highway=010 | Side=100 | Walk=0
Time=283065000 | Ped=0 | Highway=100 | Side=001 | Walk=0
Time=283125000 | Ped=0 | Highway=001 | Side=100 | Walk=0
Time=283185000 | Ped=0 | Highway=010 | Side=100 | Walk=0
Time=283215000 | Ped=0 | Highway=100 | Side=001 | Walk=0
Time=283275000 | Ped=0 | Highway=001 | Side=100 | Walk=0
Time=283335000 | Ped=0 | Highway=010 | Side=100 | Walk=0
Time=283365000 | Ped=0 | Highway=100 | Side=001 | Walk=0
Time=283425000 | Ped=0 | Highway=001 | Side=100 | Walk=0
Time=283485000 | Ped=0 | Highway=010 | Side=100 | Walk=0
Time=283515000 | Ped=0 | Highway=100 | Side=001 | Walk=0
Time=283575000 | Ped=0 | Highway=001 | Side=100 | Walk=0
Time=283635000 | Ped=0 | Highway=010 | Side=100 | Walk=0
Time=283665000 | Ped=0 | Highway=100 | Side=001 | Walk=0
Time=283725000 | Ped=0 | Highway=001 | Side=100 | Walk=0
Time=283785000 | Ped=0 | Highway=010 | Side=100 | Walk=0
Time=283815000 | Ped=0 | Highway=100 | Side=001 | Walk=0
Time=283875000 | Ped=0 | Highway=001 | Side=100 | Walk=0
Time=283935000 | Ped=0 | Highway=010 | Side=100 | Walk=0
Time=283965000 | Ped=0 | Highway=100 | Side=001 | Walk=0
Time=284025000 | Ped=0 | Highway=001 | Side=100 | Walk=0
Time=284085000 | Ped=0 | Highway=010 | Side=100 | Walk=0
Time=284115000 | Ped=0 | Highway=100 | Side=001 | Walk=0
Time=284175000 | Ped=0 | Highway=001 | Side=100 | Walk=0
Time=284235000 | Ped=0 | Highway=010 | Side=100 | Walk=0
Time=284265000 | Ped=0 | Highway=100 | Side=001 | Walk=0
Time=284325000 | Ped=0 | Highway=001 | Side=100 | Walk=0
Time=284385000 | Ped=0 | Highway=010 | Side=100 | Walk=0
Time=284415000 | Ped=0 | Highway=100 | Side=001 | Walk=0
Time=284475000 | Ped=0 | Highway=001 | Side=100 | Walk=0
Time=284535000 | Ped=0 | Highway=010 | Side=100 | Walk=0
Time=284565000 | Ped=0 | Highway=100 | Side=001 | Walk=0
Time=284625000 | Ped=0 | Highway=001 | Side=100 | Walk=0
Time=284685000 | Ped=0 | Highway=010 | Side=100 | Walk=0
Time=284715000 | Ped=0 | Highway=100 | Side=001 | Walk=0
Time=284775000 | Ped=0 | Highway=001 | Side=100 | Walk=0
Time=284835000 | Ped=0 | Highway=010 | Side=100 | Walk=0
Time=284865000 | Ped=0 | Highway=100 | Side=001 | Walk=0
Time=284925000 | Ped=0 | Highway=001 | Side=100 | Walk=0
Time=284985000 | Ped=0 | Highway=010 | Side=100 | Walk=0
Time=285015000 | Ped=0 | Highway=100 | Side=001 | Walk=0
Time=285075000 | Ped=0 | Highway=001 | Side=100 | Walk=0
Time=285135000 | Ped=0 | Highway=010 | Side=100 | Walk=0
Time=285165000 | Ped=0 | Highway=100 | Side=001 | Walk=0
Time=285225000 | Ped=0 | Highway=001 | Side=100 | Walk=0
Time=285285000 | Ped=0 | Highway=010 | Side=100 | Walk=0
Time=285315000 | Ped=0 | Highway=100 | Side=001 | Walk=0
Time=285375000 | Ped=0 | Highway=001 | Side=100 | Walk=0
Time=285435000 | Ped=0 | Highway=010 | Side=100 | Walk=0
Time=285465000 | Ped=0 | Highway=100 | Side=001 | Walk=0
Time=285525000 | Ped=0 | Highway=001 | Side=100 | Walk=0
Time=285585000 | Ped=0 | Highway=010 | Side=100 | Walk=0
Time=285615000 | Ped=0 | Highway=100 | Side=001 | Walk=0
Time=285675000 | Ped=0 | Highway=001 | Side=100 | Walk=0
Time=285735000 | Ped=0 | Highway=010 | Side=100 | Walk=0
Time=285765000 | Ped=0 | Highway=100 | Side=001 | Walk=0
Time=285825000 | Ped=0 | Highway=001 | Side=100 | Walk=0
Time=285885000 | Ped=0 | Highway=010 | Side=100 | Walk=0
Time=285915000 | Ped=0 | Highway=100 | Side=001 | Walk=0
Time=285975000 | Ped=0 | Highway=001 | Side=100 | Walk=0
Time=286035000 | Ped=0 | Highway=010 | Side=100 | Walk=0
Time=286065000 | Ped=0 | Highway=100 | Side=001 | Walk=0
Time=286125000 | Ped=0 | Highway=001 | Side=100 | Walk=0
Time=286185000 | Ped=0 | Highway=010 | Side=100 | Walk=0
Time=286215000 | Ped=0 | Highway=100 | Side=001 | Walk=0
Time=286275000 | Ped=0 | Highway=001 | Side=100 | Walk=0
Time=286335000 | Ped=0 | Highway=010 | Side=100 | Walk=0
Time=286365000 | Ped=0 | Highway=100 | Side=001 | Walk=0
Time=286425000 | Ped=0 | Highway=001 | Side=100 | Walk=0
Time=286485000 | Ped=0 | Highway=010 | Side=100 | Walk=0
Time=286515000 | Ped=0 | Highway=100 | Side=001 | Walk=0
Time=286575000 | Ped=0 | Highway=001 | Side=100 | Walk=0
Time=286635000 | Ped=0 | Highway=010 | Side=100 | Walk=0
Time=286665000 | Ped=0 | Highway=100 | Side=001 | Walk=0
Time=286725000 | Ped=0 | Highway=001 | Side=100 | Walk=0
Time=286785000 | Ped=0 | Highway=010 | Side=100 | Walk=0
Time=286815000 | Ped=0 | Highway=100 | Side=001 | Walk=0
Time=286875000 | Ped=0 | Highway=001 | Side=100 | Walk=0
Time=286935000 | Ped=0 | Highway=010 | Side=100 | Walk=0
Time=286965000 | Ped=0 | Highway=100 | Side=001 | Walk=0
Time=287025000 | Ped=0 | Highway=001 | Side=100 | Walk=0
Time=287085000 | Ped=0 | Highway=010 | Side=100 | Walk=0
Time=287115000 | Ped=0 | Highway=100 | Side=001 | Walk=0
Time=287175000 | Ped=0 | Highway=001 | Side=100 | Walk=0
Time=287235000 | Ped=0 | Highway=010 | Side=100 | Walk=0
Time=287265000 | Ped=0 | Highway=100 | Side=001 | Walk=0
Time=287325000 | Ped=0 | Highway=001 | Side=100 | Walk=0
Time=287385000 | Ped=0 | Highway=010 | Side=100 | Walk=0
Time=287415000 | Ped=0 | Highway=100 | Side=001 | Walk=0
Time=287475000 | Ped=0 | Highway=001 | Side=100 | Walk=0
Time=287535000 | Ped=0 | Highway=010 | Side=100 | Walk=0
Time=287565000 | Ped=0 | Highway=100 | Side=001 | Walk=0
Time=287625000 | Ped=0 | Highway=001 | Side=100 | Walk=0
Time=287685000 | Ped=0 | Highway=010 | Side=100 | Walk=0
Time=287715000 | Ped=0 | Highway=100 | Side=001 | Walk=0
Time=287775000 | Ped=0 | Highway=001 | Side=100 | Walk=0
Time=287835000 | Ped=0 | Highway=010 | Side=100 | Walk=0
Time=287865000 | Ped=0 | Highway=100 | Side=001 | Walk=0
Time=287925000 | Ped=0 | Highway=001 | Side=100 | Walk=0
Time=287985000 | Ped=0 | Highway=010 | Side=100 | Walk=0
Time=288015000 | Ped=0 | Highway=100 | Side=001 | Walk=0
Time=288075000 | Ped=0 | Highway=001 | Side=100 | Walk=0
Time=288135000 | Ped=0 | Highway=010 | Side=100 | Walk=0
Time=288165000 | Ped=0 | Highway=100 | Side=001 | Walk=0
Time=288225000 | Ped=0 | Highway=001 | Side=100 | Walk=0
Time=288285000 | Ped=0 | Highway=010 | Side=100 | Walk=0
Time=288315000 | Ped=0 | Highway=100 | Side=001 | Walk=0
Time=288375000 | Ped=0 | Highway=001 | Side=100 | Walk=0
Time=288435000 | Ped=0 | Highway=010 | Side=100 | Walk=0
Time=288465000 | Ped=0 | Highway=100 | Side=001 | Walk=0
Time=288525000 | Ped=0 | Highway=001 | Side=100 | Walk=0
Time=288585000 | Ped=0 | Highway=010 | Side=100 | Walk=0
Time=288615000 | Ped=0 | Highway=100 | Side=001 | Walk=0
Time=288675000 | Ped=0 | Highway=001 | Side=100 | Walk=0
Time=288735000 | Ped=0 | Highway=010 | Side=100 | Walk=0
Time=288765000 | Ped=0 | Highway=100 | Side=001 | Walk=0
Time=288825000 | Ped=0 | Highway=001 | Side=100 | Walk=0
Time=288885000 | Ped=0 | Highway=010 | Side=100 | Walk=0
Time=288915000 | Ped=0 | Highway=100 | Side=001 | Walk=0
Time=288975000 | Ped=0 | Highway=001 | Side=100 | Walk=0
Time=289035000 | Ped=0 | Highway=010 | Side=100 | Walk=0
Time=289065000 | Ped=0 | Highway=100 | Side=001 | Walk=0
Time=289125000 | Ped=0 | Highway=001 | Side=100 | Walk=0
Time=289185000 | Ped=0 | Highway=010 | Side=100 | Walk=0
Time=289215000 | Ped=0 | Highway=100 | Side=001 | Walk=0
Time=289275000 | Ped=0 | Highway=001 | Side=100 | Walk=0
Time=289335000 | Ped=0 | Highway=010 | Side=100 | Walk=0
Time=289365000 | Ped=0 | Highway=100 | Side=001 | Walk=0
Time=289425000 | Ped=0 | Highway=001 | Side=100 | Walk=0
Time=289485000 | Ped=0 | Highway=010 | Side=100 | Walk=0
Time=289515000 | Ped=0 | Highway=100 | Side=001 | Walk=0
Time=289575000 | Ped=0 | Highway=001 | Side=100 | Walk=0
Time=289635000 | Ped=0 | Highway=010 | Side=100 | Walk=0
Time=289665000 | Ped=0 | Highway=100 | Side=001 | Walk=0
Time=289725000 | Ped=0 | Highway=001 | Side=100 | Walk=0
Time=289785000 | Ped=0 | Highway=010 | Side=100 | Walk=0
Time=289815000 | Ped=0 | Highway=100 | Side=001 | Walk=0
Time=289875000 | Ped=0 | Highway=001 | Side=100 | Walk=0
Time=289935000 | Ped=0 | Highway=010 | Side=100 | Walk=0
Time=289965000 | Ped=0 | Highway=100 | Side=001 | Walk=0
Time=290025000 | Ped=0 | Highway=001 | Side=100 | Walk=0
Time=290085000 | Ped=0 | Highway=010 | Side=100 | Walk=0
Time=290115000 | Ped=0 | Highway=100 | Side=001 | Walk=0
Time=290175000 | Ped=0 | Highway=001 | Side=100 | Walk=0
Time=290235000 | Ped=0 | Highway=010 | Side=100 | Walk=0
Time=290265000 | Ped=0 | Highway=100 | Side=001 | Walk=0
Time=290325000 | Ped=0 | Highway=001 | Side=100 | Walk=0
Time=290385000 | Ped=0 | Highway=010 | Side=100 | Walk=0
Time=290415000 | Ped=0 | Highway=100 | Side=001 | Walk=0
Time=290475000 | Ped=0 | Highway=001 | Side=100 | Walk=0
Time=290535000 | Ped=0 | Highway=010 | Side=100 | Walk=0
Time=290565000 | Ped=0 | Highway=100 | Side=001 | Walk=0
Time=290625000 | Ped=0 | Highway=001 | Side=100 | Walk=0
Time=290685000 | Ped=0 | Highway=010 | Side=100 | Walk=0
Time=290715000 | Ped=0 | Highway=100 | Side=001 | Walk=0
Time=290775000 | Ped=0 | Highway=001 | Side=100 | Walk=0
Time=290835000 | Ped=0 | Highway=010 | Side=100 | Walk=0
Time=290865000 | Ped=0 | Highway=100 | Side=001 | Walk=0
Time=290925000 | Ped=0 | Highway=001 | Side=100 | Walk=0
Time=290985000 | Ped=0 | Highway=010 | Side=100 | Walk=0
Time=291015000 | Ped=0 | Highway=100 | Side=001 | Walk=0
Time=291075000 | Ped=0 | Highway=001 | Side=100 | Walk=0
Time=291135000 | Ped=0 | Highway=010 | Side=100 | Walk=0
Time=291165000 | Ped=0 | Highway=100 | Side=001 | Walk=0
Time=291225000 | Ped=0 | Highway=001 | Side=100 | Walk=0
Time=291285000 | Ped=0 | Highway=010 | Side=100 | Walk=0
Time=291315000 | Ped=0 | Highway=100 | Side=001 | Walk=0
Time=291375000 | Ped=0 | Highway=001 | Side=100 | Walk=0
Time=291435000 | Ped=0 | Highway=010 | Side=100 | Walk=0
Time=291465000 | Ped=0 | Highway=100 | Side=001 | Walk=0
Time=291525000 | Ped=0 | Highway=001 | Side=100 | Walk=0
Time=291585000 | Ped=0 | Highway=010 | Side=100 | Walk=0
Time=291615000 | Ped=0 | Highway=100 | Side=001 | Walk=0
Time=291675000 | Ped=0 | Highway=001 | Side=100 | Walk=0
Time=291735000 | Ped=0 | Highway=010 | Side=100 | Walk=0
Time=291765000 | Ped=0 | Highway=100 | Side=001 | Walk=0
Time=291825000 | Ped=0 | Highway=001 | Side=100 | Walk=0
Time=291885000 | Ped=0 | Highway=010 | Side=100 | Walk=0
Time=291915000 | Ped=0 | Highway=100 | Side=001 | Walk=0
Time=291975000 | Ped=0 | Highway=001 | Side=100 | Walk=0
Time=292035000 | Ped=0 | Highway=010 | Side=100 | Walk=0
Time=292065000 | Ped=0 | Highway=100 | Side=001 | Walk=0
Time=292125000 | Ped=0 | Highway=001 | Side=100 | Walk=0
Time=292185000 | Ped=0 | Highway=010 | Side=100 | Walk=0
Time=292215000 | Ped=0 | Highway=100 | Side=001 | Walk=0
Time=292275000 | Ped=0 | Highway=001 | Side=100 | Walk=0
Time=292335000 | Ped=0 | Highway=010 | Side=100 | Walk=0
Time=292365000 | Ped=0 | Highway=100 | Side=001 | Walk=0
Time=292425000 | Ped=0 | Highway=001 | Side=100 | Walk=0
Time=292485000 | Ped=0 | Highway=010 | Side=100 | Walk=0
Time=292515000 | Ped=0 | Highway=100 | Side=001 | Walk=0
Time=292575000 | Ped=0 | Highway=001 | Side=100 | Walk=0
Time=292635000 | Ped=0 | Highway=010 | Side=100 | Walk=0
Time=292665000 | Ped=0 | Highway=100 | Side=001 | Walk=0
Time=292725000 | Ped=0 | Highway=001 | Side=100 | Walk=0
Time=292785000 | Ped=0 | Highway=010 | Side=100 | Walk=0
Time=292815000 | Ped=0 | Highway=100 | Side=001 | Walk=0
Time=292875000 | Ped=0 | Highway=001 | Side=100 | Walk=0
Time=292935000 | Ped=0 | Highway=010 | Side=100 | Walk=0
Time=292965000 | Ped=0 | Highway=100 | Side=001 | Walk=0
Time=293025000 | Ped=0 | Highway=001 | Side=100 | Walk=0
Time=293085000 | Ped=0 | Highway=010 | Side=100 | Walk=0
Time=293115000 | Ped=0 | Highway=100 | Side=001 | Walk=0
Time=293175000 | Ped=0 | Highway=001 | Side=100 | Walk=0
Time=293235000 | Ped=0 | Highway=010 | Side=100 | Walk=0
Time=293265000 | Ped=0 | Highway=100 | Side=001 | Walk=0
Time=293325000 | Ped=0 | Highway=001 | Side=100 | Walk=0
Time=293385000 | Ped=0 | Highway=010 | Side=100 | Walk=0
Time=293415000 | Ped=0 | Highway=100 | Side=001 | Walk=0
Time=293475000 | Ped=0 | Highway=001 | Side=100 | Walk=0
Time=293535000 | Ped=0 | Highway=010 | Side=100 | Walk=0
Time=293565000 | Ped=0 | Highway=100 | Side=001 | Walk=0
Time=293625000 | Ped=0 | Highway=001 | Side=100 | Walk=0
Time=293685000 | Ped=0 | Highway=010 | Side=100 | Walk=0
Time=293715000 | Ped=0 | Highway=100 | Side=001 | Walk=0
Time=293775000 | Ped=0 | Highway=001 | Side=100 | Walk=0
Time=293835000 | Ped=0 | Highway=010 | Side=100 | Walk=0
Time=293865000 | Ped=0 | Highway=100 | Side=001 | Walk=0
Time=293925000 | Ped=0 | Highway=001 | Side=100 | Walk=0
Time=293985000 | Ped=0 | Highway=010 | Side=100 | Walk=0
Time=294015000 | Ped=0 | Highway=100 | Side=001 | Walk=0
Time=294075000 | Ped=0 | Highway=001 | Side=100 | Walk=0
Time=294135000 | Ped=0 | Highway=010 | Side=100 | Walk=0
Time=294165000 | Ped=0 | Highway=100 | Side=001 | Walk=0
Time=294225000 | Ped=0 | Highway=001 | Side=100 | Walk=0
Time=294285000 | Ped=0 | Highway=010 | Side=100 | Walk=0
Time=294315000 | Ped=0 | Highway=100 | Side=001 | Walk=0
Time=294375000 | Ped=0 | Highway=001 | Side=100 | Walk=0
Time=294435000 | Ped=0 | Highway=010 | Side=100 | Walk=0
Time=294465000 | Ped=0 | Highway=100 | Side=001 | Walk=0
Time=294525000 | Ped=0 | Highway=001 | Side=100 | Walk=0
Time=294585000 | Ped=0 | Highway=010 | Side=100 | Walk=0
Time=294615000 | Ped=0 | Highway=100 | Side=001 | Walk=0
Time=294675000 | Ped=0 | Highway=001 | Side=100 | Walk=0
Time=294735000 | Ped=0 | Highway=010 | Side=100 | Walk=0
Time=294765000 | Ped=0 | Highway=100 | Side=001 | Walk=0
Time=294825000 | Ped=0 | Highway=001 | Side=100 | Walk=0
Time=294885000 | Ped=0 | Highway=010 | Side=100 | Walk=0
Time=294915000 | Ped=0 | Highway=100 | Side=001 | Walk=0
Time=294975000 | Ped=0 | Highway=001 | Side=100 | Walk=0
Time=295035000 | Ped=0 | Highway=010 | Side=100 | Walk=0
Time=295065000 | Ped=0 | Highway=100 | Side=001 | Walk=0
Time=295125000 | Ped=0 | Highway=001 | Side=100 | Walk=0
Time=295185000 | Ped=0 | Highway=010 | Side=100 | Walk=0
Time=295215000 | Ped=0 | Highway=100 | Side=001 | Walk=0
Time=295275000 | Ped=0 | Highway=001 | Side=100 | Walk=0
Time=295335000 | Ped=0 | Highway=010 | Side=100 | Walk=0
Time=295365000 | Ped=0 | Highway=100 | Side=001 | Walk=0
Time=295425000 | Ped=0 | Highway=001 | Side=100 | Walk=0
Time=295485000 | Ped=0 | Highway=010 | Side=100 | Walk=0
Time=295515000 | Ped=0 | Highway=100 | Side=001 | Walk=0
Time=295575000 | Ped=0 | Highway=001 | Side=100 | Walk=0
Time=295635000 | Ped=0 | Highway=010 | Side=100 | Walk=0
Time=295665000 | Ped=0 | Highway=100 | Side=001 | Walk=0
Time=295725000 | Ped=0 | Highway=001 | Side=100 | Walk=0
Time=295785000 | Ped=0 | Highway=010 | Side=100 | Walk=0
Time=295815000 | Ped=0 | Highway=100 | Side=001 | Walk=0
Time=295875000 | Ped=0 | Highway=001 | Side=100 | Walk=0
Time=295935000 | Ped=0 | Highway=010 | Side=100 | Walk=0
Time=295965000 | Ped=0 | Highway=100 | Side=001 | Walk=0
Time=296025000 | Ped=0 | Highway=001 | Side=100 | Walk=0
Time=296085000 | Ped=0 | Highway=010 | Side=100 | Walk=0
Time=296115000 | Ped=0 | Highway=100 | Side=001 | Walk=0
Time=296175000 | Ped=0 | Highway=001 | Side=100 | Walk=0
Time=296235000 | Ped=0 | Highway=010 | Side=100 | Walk=0
Time=296265000 | Ped=0 | Highway=100 | Side=001 | Walk=0
Time=296325000 | Ped=0 | Highway=001 | Side=100 | Walk=0
Time=296385000 | Ped=0 | Highway=010 | Side=100 | Walk=0
Time=296415000 | Ped=0 | Highway=100 | Side=001 | Walk=0
Time=296475000 | Ped=0 | Highway=001 | Side=100 | Walk=0
Time=296535000 | Ped=0 | Highway=010 | Side=100 | Walk=0
Time=296565000 | Ped=0 | Highway=100 | Side=001 | Walk=0
Time=296625000 | Ped=0 | Highway=001 | Side=100 | Walk=0
Time=296685000 | Ped=0 | Highway=010 | Side=100 | Walk=0
Time=296715000 | Ped=0 | Highway=100 | Side=001 | Walk=0
Time=296775000 | Ped=0 | Highway=001 | Side=100 | Walk=0
Time=296835000 | Ped=0 | Highway=010 | Side=100 | Walk=0
Time=296865000 | Ped=0 | Highway=100 | Side=001 | Walk=0
Time=296925000 | Ped=0 | Highway=001 | Side=100 | Walk=0
Time=296985000 | Ped=0 | Highway=010 | Side=100 | Walk=0
Time=297015000 | Ped=0 | Highway=100 | Side=001 | Walk=0
Time=297075000 | Ped=0 | Highway=001 | Side=100 | Walk=0
Time=297135000 | Ped=0 | Highway=010 | Side=100 | Walk=0
Time=297165000 | Ped=0 | Highway=100 | Side=001 | Walk=0
Time=297225000 | Ped=0 | Highway=001 | Side=100 | Walk=0
Time=297285000 | Ped=0 | Highway=010 | Side=100 | Walk=0
Time=297315000 | Ped=0 | Highway=100 | Side=001 | Walk=0
Time=297375000 | Ped=0 | Highway=001 | Side=100 | Walk=0
Time=297435000 | Ped=0 | Highway=010 | Side=100 | Walk=0
Time=297465000 | Ped=0 | Highway=100 | Side=001 | Walk=0
Time=297525000 | Ped=0 | Highway=001 | Side=100 | Walk=0
Time=297585000 | Ped=0 | Highway=010 | Side=100 | Walk=0
Time=297615000 | Ped=0 | Highway=100 | Side=001 | Walk=0
Time=297675000 | Ped=0 | Highway=001 | Side=100 | Walk=0
Time=297735000 | Ped=0 | Highway=010 | Side=100 | Walk=0
Time=297765000 | Ped=0 | Highway=100 | Side=001 | Walk=0
Time=297825000 | Ped=0 | Highway=001 | Side=100 | Walk=0
Time=297885000 | Ped=0 | Highway=010 | Side=100 | Walk=0
Time=297915000 | Ped=0 | Highway=100 | Side=001 | Walk=0
Time=297975000 | Ped=0 | Highway=001 | Side=100 | Walk=0
Time=298035000 | Ped=0 | Highway=010 | Side=100 | Walk=0
Time=298065000 | Ped=0 | Highway=100 | Side=001 | Walk=0
Time=298125000 | Ped=0 | Highway=001 | Side=100 | Walk=0
Time=298185000 | Ped=0 | Highway=010 | Side=100 | Walk=0
Time=298215000 | Ped=0 | Highway=100 | Side=001 | Walk=0
Time=298275000 | Ped=0 | Highway=001 | Side=100 | Walk=0
Time=298335000 | Ped=0 | Highway=010 | Side=100 | Walk=0
Time=298365000 | Ped=0 | Highway=100 | Side=001 | Walk=0
Time=298425000 | Ped=0 | Highway=001 | Side=100 | Walk=0
Time=298485000 | Ped=0 | Highway=010 | Side=100 | Walk=0
Time=298515000 | Ped=0 | Highway=100 | Side=001 | Walk=0
Time=298575000 | Ped=0 | Highway=001 | Side=100 | Walk=0
Time=298635000 | Ped=0 | Highway=010 | Side=100 | Walk=0
Time=298665000 | Ped=0 | Highway=100 | Side=001 | Walk=0
Time=298725000 | Ped=0 | Highway=001 | Side=100 | Walk=0
Time=298785000 | Ped=0 | Highway=010 | Side=100 | Walk=0
Time=298815000 | Ped=0 | Highway=100 | Side=001 | Walk=0
Time=298875000 | Ped=0 | Highway=001 | Side=100 | Walk=0
Time=298935000 | Ped=0 | Highway=010 | Side=100 | Walk=0
Time=298965000 | Ped=0 | Highway=100 | Side=001 | Walk=0
Time=299025000 | Ped=0 | Highway=001 | Side=100 | Walk=0
Time=299085000 | Ped=0 | Highway=010 | Side=100 | Walk=0
Time=299115000 | Ped=0 | Highway=100 | Side=001 | Walk=0
Time=299175000 | Ped=0 | Highway=001 | Side=100 | Walk=0
Time=299235000 | Ped=0 | Highway=010 | Side=100 | Walk=0
Time=299265000 | Ped=0 | Highway=100 | Side=001 | Walk=0
Time=299325000 | Ped=0 | Highway=001 | Side=100 | Walk=0
Time=299385000 | Ped=0 | Highway=010 | Side=100 | Walk=0
Time=299415000 | Ped=0 | Highway=100 | Side=001 | Walk=0
Time=299475000 | Ped=0 | Highway=001 | Side=100 | Walk=0
Time=299535000 | Ped=0 | Highway=010 | Side=100 | Walk=0
Time=299565000 | Ped=0 | Highway=100 | Side=001 | Walk=0
Time=299625000 | Ped=0 | Highway=001 | Side=100 | Walk=0
Time=299685000 | Ped=0 | Highway=010 | Side=100 | Walk=0
Time=299715000 | Ped=0 | Highway=100 | Side=001 | Walk=0
Time=299775000 | Ped=0 | Highway=001 | Side=100 | Walk=0
Time=299835000 | Ped=0 | Highway=010 | Side=100 | Walk=0
Time=299865000 | Ped=0 | Highway=100 | Side=001 | Walk=0
Time=299925000 | Ped=0 | Highway=001 | Side=100 | Walk=0
Time=299985000 | Ped=0 | Highway=010 | Side=100 | Walk=0
Time=300015000 | Ped=0 | Highway=100 | Side=001 | Walk=0
Time=300075000 | Ped=0 | Highway=001 | Side=100 | Walk=0
Time=300135000 | Ped=0 | Highway=010 | Side=100 | Walk=0
Time=300165000 | Ped=0 | Highway=100 | Side=001 | Walk=0
Time=300225000 | Ped=0 | Highway=001 | Side=100 | Walk=0
Time=300285000 | Ped=0 | Highway=010 | Side=100 | Walk=0
Time=300315000 | Ped=0 | Highway=100 | Side=001 | Walk=0
Time=300375000 | Ped=0 | Highway=001 | Side=100 | Walk=0
Time=300435000 | Ped=0 | Highway=010 | Side=100 | Walk=0
Time=300465000 | Ped=0 | Highway=100 | Side=001 | Walk=0
Time=300525000 | Ped=0 | Highway=001 | Side=100 | Walk=0
Time=300585000 | Ped=0 | Highway=010 | Side=100 | Walk=0
Time=300615000 | Ped=0 | Highway=100 | Side=001 | Walk=0
Time=300675000 | Ped=0 | Highway=001 | Side=100 | Walk=0
Time=300735000 | Ped=0 | Highway=010 | Side=100 | Walk=0
Time=300765000 | Ped=0 | Highway=100 | Side=001 | Walk=0
Time=300825000 | Ped=0 | Highway=001 | Side=100 | Walk=0
Time=300885000 | Ped=0 | Highway=010 | Side=100 | Walk=0
Time=300915000 | Ped=0 | Highway=100 | Side=001 | Walk=0
Time=300975000 | Ped=0 | Highway=001 | Side=100 | Walk=0
Time=301035000 | Ped=0 | Highway=010 | Side=100 | Walk=0
Time=301065000 | Ped=0 | Highway=100 | Side=001 | Walk=0
Time=301125000 | Ped=0 | Highway=001 | Side=100 | Walk=0
Time=301185000 | Ped=0 | Highway=010 | Side=100 | Walk=0
Time=301215000 | Ped=0 | Highway=100 | Side=001 | Walk=0
Time=301275000 | Ped=0 | Highway=001 | Side=100 | Walk=0
Time=301335000 | Ped=0 | Highway=010 | Side=100 | Walk=0
Time=301365000 | Ped=0 | Highway=100 | Side=001 | Walk=0
Time=301425000 | Ped=0 | Highway=001 | Side=100 | Walk=0
Time=301485000 | Ped=0 | Highway=010 | Side=100 | Walk=0
Time=301515000 | Ped=0 | Highway=100 | Side=001 | Walk=0
Time=301575000 | Ped=0 | Highway=001 | Side=100 | Walk=0
Time=301635000 | Ped=0 | Highway=010 | Side=100 | Walk=0
Time=301665000 | Ped=0 | Highway=100 | Side=001 | Walk=0
Time=301725000 | Ped=0 | Highway=001 | Side=100 | Walk=0
Time=301785000 | Ped=0 | Highway=010 | Side=100 | Walk=0
Time=301815000 | Ped=0 | Highway=100 | Side=001 | Walk=0
Time=301875000 | Ped=0 | Highway=001 | Side=100 | Walk=0
Time=301935000 | Ped=0 | Highway=010 | Side=100 | Walk=0
Time=301965000 | Ped=0 | Highway=100 | Side=001 | Walk=0
Time=302025000 | Ped=0 | Highway=001 | Side=100 | Walk=0
Time=302085000 | Ped=0 | Highway=010 | Side=100 | Walk=0
Time=302115000 | Ped=0 | Highway=100 | Side=001 | Walk=0
Time=302175000 | Ped=0 | Highway=001 | Side=100 | Walk=0
Time=302235000 | Ped=0 | Highway=010 | Side=100 | Walk=0
Time=302265000 | Ped=0 | Highway=100 | Side=001 | Walk=0
Time=302325000 | Ped=0 | Highway=001 | Side=100 | Walk=0
Time=302385000 | Ped=0 | Highway=010 | Side=100 | Walk=0
Time=302415000 | Ped=0 | Highway=100 | Side=001 | Walk=0
Time=302475000 | Ped=0 | Highway=001 | Side=100 | Walk=0
Time=302535000 | Ped=0 | Highway=010 | Side=100 | Walk=0
Time=302565000 | Ped=0 | Highway=100 | Side=001 | Walk=0
Time=302625000 | Ped=0 | Highway=001 | Side=100 | Walk=0
Time=302685000 | Ped=0 | Highway=010 | Side=100 | Walk=0
Time=302715000 | Ped=0 | Highway=100 | Side=001 | Walk=0
Time=302775000 | Ped=0 | Highway=001 | Side=100 | Walk=0
Time=302835000 | Ped=0 | Highway=010 | Side=100 | Walk=0
Time=302865000 | Ped=0 | Highway=100 | Side=001 | Walk=0
Time=302925000 | Ped=0 | Highway=001 | Side=100 | Walk=0
Time=302985000 | Ped=0 | Highway=010 | Side=100 | Walk=0
Time=303015000 | Ped=0 | Highway=100 | Side=001 | Walk=0
Time=303075000 | Ped=0 | Highway=001 | Side=100 | Walk=0
Time=303135000 | Ped=0 | Highway=010 | Side=100 | Walk=0
Time=303165000 | Ped=0 | Highway=100 | Side=001 | Walk=0
Time=303225000 | Ped=0 | Highway=001 | Side=100 | Walk=0
Time=303285000 | Ped=0 | Highway=010 | Side=100 | Walk=0
Time=303315000 | Ped=0 | Highway=100 | Side=001 | Walk=0
Time=303375000 | Ped=0 | Highway=001 | Side=100 | Walk=0
Time=303435000 | Ped=0 | Highway=010 | Side=100 | Walk=0
Time=303465000 | Ped=0 | Highway=100 | Side=001 | Walk=0
Time=303525000 | Ped=0 | Highway=001 | Side=100 | Walk=0
Time=303585000 | Ped=0 | Highway=010 | Side=100 | Walk=0
Time=303615000 | Ped=0 | Highway=100 | Side=001 | Walk=0
Time=303675000 | Ped=0 | Highway=001 | Side=100 | Walk=0
Time=303735000 | Ped=0 | Highway=010 | Side=100 | Walk=0
Time=303765000 | Ped=0 | Highway=100 | Side=001 | Walk=0
Time=303825000 | Ped=0 | Highway=001 | Side=100 | Walk=0
Time=303885000 | Ped=0 | Highway=010 | Side=100 | Walk=0
Time=303915000 | Ped=0 | Highway=100 | Side=001 | Walk=0
Time=303975000 | Ped=0 | Highway=001 | Side=100 | Walk=0
Time=304035000 | Ped=0 | Highway=010 | Side=100 | Walk=0
Time=304065000 | Ped=0 | Highway=100 | Side=001 | Walk=0
Time=304125000 | Ped=0 | Highway=001 | Side=100 | Walk=0
Time=304185000 | Ped=0 | Highway=010 | Side=100 | Walk=0
Time=304215000 | Ped=0 | Highway=100 | Side=001 | Walk=0
Time=304275000 | Ped=0 | Highway=001 | Side=100 | Walk=0
Time=304335000 | Ped=0 | Highway=010 | Side=100 | Walk=0
Time=304365000 | Ped=0 | Highway=100 | Side=001 | Walk=0
Time=304425000 | Ped=0 | Highway=001 | Side=100 | Walk=0
Time=304485000 | Ped=0 | Highway=010 | Side=100 | Walk=0
Time=304515000 | Ped=0 | Highway=100 | Side=001 | Walk=0
Time=304575000 | Ped=0 | Highway=001 | Side=100 | Walk=0
Time=304635000 | Ped=0 | Highway=010 | Side=100 | Walk=0
Time=304665000 | Ped=0 | Highway=100 | Side=001 | Walk=0
Time=304725000 | Ped=0 | Highway=001 | Side=100 | Walk=0
Time=304785000 | Ped=0 | Highway=010 | Side=100 | Walk=0
Time=304815000 | Ped=0 | Highway=100 | Side=001 | Walk=0
Time=304875000 | Ped=0 | Highway=001 | Side=100 | Walk=0
Time=304935000 | Ped=0 | Highway=010 | Side=100 | Walk=0
Time=304965000 | Ped=0 | Highway=100 | Side=001 | Walk=0
Time=305025000 | Ped=0 | Highway=001 | Side=100 | Walk=0
Time=305085000 | Ped=0 | Highway=010 | Side=100 | Walk=0
Time=305115000 | Ped=0 | Highway=100 | Side=001 | Walk=0
Time=305175000 | Ped=0 | Highway=001 | Side=100 | Walk=0
Time=305235000 | Ped=0 | Highway=010 | Side=100 | Walk=0
Time=305265000 | Ped=0 | Highway=100 | Side=001 | Walk=0
Time=305325000 | Ped=0 | Highway=001 | Side=100 | Walk=0
Time=305385000 | Ped=0 | Highway=010 | Side=100 | Walk=0
Time=305415000 | Ped=0 | Highway=100 | Side=001 | Walk=0
Time=305475000 | Ped=0 | Highway=001 | Side=100 | Walk=0
Time=305535000 | Ped=0 | Highway=010 | Side=100 | Walk=0
Time=305565000 | Ped=0 | Highway=100 | Side=001 | Walk=0
Time=305625000 | Ped=0 | Highway=001 | Side=100 | Walk=0
Time=305685000 | Ped=0 | Highway=010 | Side=100 | Walk=0
Time=305715000 | Ped=0 | Highway=100 | Side=001 | Walk=0
Time=305775000 | Ped=0 | Highway=001 | Side=100 | Walk=0
Time=305835000 | Ped=0 | Highway=010 | Side=100 | Walk=0
Time=305865000 | Ped=0 | Highway=100 | Side=001 | Walk=0
Time=305925000 | Ped=0 | Highway=001 | Side=100 | Walk=0
Time=305985000 | Ped=0 | Highway=010 | Side=100 | Walk=0
Time=306015000 | Ped=0 | Highway=100 | Side=001 | Walk=0
Time=306075000 | Ped=0 | Highway=001 | Side=100 | Walk=0
Time=306135000 | Ped=0 | Highway=010 | Side=100 | Walk=0
Time=306165000 | Ped=0 | Highway=100 | Side=001 | Walk=0
Time=306225000 | Ped=0 | Highway=001 | Side=100 | Walk=0
Time=306285000 | Ped=0 | Highway=010 | Side=100 | Walk=0
Time=306315000 | Ped=0 | Highway=100 | Side=001 | Walk=0
Time=306375000 | Ped=0 | Highway=001 | Side=100 | Walk=0
Time=306435000 | Ped=0 | Highway=010 | Side=100 | Walk=0
Time=306465000 | Ped=0 | Highway=100 | Side=001 | Walk=0
Time=306525000 | Ped=0 | Highway=001 | Side=100 | Walk=0
Time=306585000 | Ped=0 | Highway=010 | Side=100 | Walk=0
Time=306615000 | Ped=0 | Highway=100 | Side=001 | Walk=0
Time=306675000 | Ped=0 | Highway=001 | Side=100 | Walk=0
Time=306735000 | Ped=0 | Highway=010 | Side=100 | Walk=0
Time=306765000 | Ped=0 | Highway=100 | Side=001 | Walk=0
Time=306825000 | Ped=0 | Highway=001 | Side=100 | Walk=0
Time=306885000 | Ped=0 | Highway=010 | Side=100 | Walk=0
Time=306915000 | Ped=0 | Highway=100 | Side=001 | Walk=0
Time=306975000 | Ped=0 | Highway=001 | Side=100 | Walk=0
Time=307035000 | Ped=0 | Highway=010 | Side=100 | Walk=0
Time=307065000 | Ped=0 | Highway=100 | Side=001 | Walk=0
Time=307125000 | Ped=0 | Highway=001 | Side=100 | Walk=0
Time=307185000 | Ped=0 | Highway=010 | Side=100 | Walk=0
Time=307215000 | Ped=0 | Highway=100 | Side=001 | Walk=0
Time=307275000 | Ped=0 | Highway=001 | Side=100 | Walk=0
Time=307335000 | Ped=0 | Highway=010 | Side=100 | Walk=0
Time=307365000 | Ped=0 | Highway=100 | Side=001 | Walk=0
Time=307425000 | Ped=0 | Highway=001 | Side=100 | Walk=0
Time=307485000 | Ped=0 | Highway=010 | Side=100 | Walk=0
Time=307515000 | Ped=0 | Highway=100 | Side=001 | Walk=0
Time=307575000 | Ped=0 | Highway=001 | Side=100 | Walk=0
Time=307635000 | Ped=0 | Highway=010 | Side=100 | Walk=0
Time=307665000 | Ped=0 | Highway=100 | Side=001 | Walk=0
Time=307725000 | Ped=0 | Highway=001 | Side=100 | Walk=0
Time=307785000 | Ped=0 | Highway=010 | Side=100 | Walk=0
Time=307815000 | Ped=0 | Highway=100 | Side=001 | Walk=0
Time=307875000 | Ped=0 | Highway=001 | Side=100 | Walk=0
Time=307935000 | Ped=0 | Highway=010 | Side=100 | Walk=0
Time=307965000 | Ped=0 | Highway=100 | Side=001 | Walk=0
Time=308025000 | Ped=0 | Highway=001 | Side=100 | Walk=0
Time=308085000 | Ped=0 | Highway=010 | Side=100 | Walk=0
Time=308115000 | Ped=0 | Highway=100 | Side=001 | Walk=0
Time=308175000 | Ped=0 | Highway=001 | Side=100 | Walk=0
Time=308235000 | Ped=0 | Highway=010 | Side=100 | Walk=0
Time=308265000 | Ped=0 | Highway=100 | Side=001 | Walk=0
Time=308325000 | Ped=0 | Highway=001 | Side=100 | Walk=0
Time=308385000 | Ped=0 | Highway=010 | Side=100 | Walk=0
Time=308415000 | Ped=0 | Highway=100 | Side=001 | Walk=0
Time=308475000 | Ped=0 | Highway=001 | Side=100 | Walk=0
Time=308535000 | Ped=0 | Highway=010 | Side=100 | Walk=0
Time=308565000 | Ped=0 | Highway=100 | Side=001 | Walk=0
Time=308625000 | Ped=0 | Highway=001 | Side=100 | Walk=0
Time=308685000 | Ped=0 | Highway=010 | Side=100 | Walk=0
Time=308715000 | Ped=0 | Highway=100 | Side=001 | Walk=0
Time=308775000 | Ped=0 | Highway=001 | Side=100 | Walk=0
Time=308835000 | Ped=0 | Highway=010 | Side=100 | Walk=0
Time=308865000 | Ped=0 | Highway=100 | Side=001 | Walk=0
Time=308925000 | Ped=0 | Highway=001 | Side=100 | Walk=0
Time=308985000 | Ped=0 | Highway=010 | Side=100 | Walk=0
Time=309015000 | Ped=0 | Highway=100 | Side=001 | Walk=0
Time=309075000 | Ped=0 | Highway=001 | Side=100 | Walk=0
Time=309135000 | Ped=0 | Highway=010 | Side=100 | Walk=0
Time=309165000 | Ped=0 | Highway=100 | Side=001 | Walk=0
Time=309225000 | Ped=0 | Highway=001 | Side=100 | Walk=0
Time=309285000 | Ped=0 | Highway=010 | Side=100 | Walk=0
Time=309315000 | Ped=0 | Highway=100 | Side=001 | Walk=0
Time=309375000 | Ped=0 | Highway=001 | Side=100 | Walk=0
Time=309435000 | Ped=0 | Highway=010 | Side=100 | Walk=0
Time=309465000 | Ped=0 | Highway=100 | Side=001 | Walk=0
Time=309525000 | Ped=0 | Highway=001 | Side=100 | Walk=0
Time=309585000 | Ped=0 | Highway=010 | Side=100 | Walk=0
Time=309615000 | Ped=0 | Highway=100 | Side=001 | Walk=0
Time=309675000 | Ped=0 | Highway=001 | Side=100 | Walk=0
Time=309735000 | Ped=0 | Highway=010 | Side=100 | Walk=0
Time=309765000 | Ped=0 | Highway=100 | Side=001 | Walk=0
Time=309825000 | Ped=0 | Highway=001 | Side=100 | Walk=0
Time=309885000 | Ped=0 | Highway=010 | Side=100 | Walk=0
Time=309915000 | Ped=0 | Highway=100 | Side=001 | Walk=0
Time=309975000 | Ped=0 | Highway=001 | Side=100 | Walk=0
Time=310035000 | Ped=0 | Highway=010 | Side=100 | Walk=0
Time=310065000 | Ped=0 | Highway=100 | Side=001 | Walk=0
Time=310125000 | Ped=0 | Highway=001 | Side=100 | Walk=0
Time=310185000 | Ped=0 | Highway=010 | Side=100 | Walk=0
Time=310215000 | Ped=0 | Highway=100 | Side=001 | Walk=0
Time=310275000 | Ped=0 | Highway=001 | Side=100 | Walk=0
Time=310335000 | Ped=0 | Highway=010 | Side=100 | Walk=0
Time=310365000 | Ped=0 | Highway=100 | Side=001 | Walk=0
Time=310425000 | Ped=0 | Highway=001 | Side=100 | Walk=0
Time=310485000 | Ped=0 | Highway=010 | Side=100 | Walk=0
Time=310515000 | Ped=0 | Highway=100 | Side=001 | Walk=0
Time=310575000 | Ped=0 | Highway=001 | Side=100 | Walk=0
Time=310635000 | Ped=0 | Highway=010 | Side=100 | Walk=0
Time=310665000 | Ped=0 | Highway=100 | Side=001 | Walk=0
Time=310725000 | Ped=0 | Highway=001 | Side=100 | Walk=0
Time=310785000 | Ped=0 | Highway=010 | Side=100 | Walk=0
Time=310815000 | Ped=0 | Highway=100 | Side=001 | Walk=0
Time=310875000 | Ped=0 | Highway=001 | Side=100 | Walk=0
Time=310935000 | Ped=0 | Highway=010 | Side=100 | Walk=0
Time=310965000 | Ped=0 | Highway=100 | Side=001 | Walk=0
Time=311025000 | Ped=0 | Highway=001 | Side=100 | Walk=0
Time=311085000 | Ped=0 | Highway=010 | Side=100 | Walk=0
Time=311115000 | Ped=0 | Highway=100 | Side=001 | Walk=0
Time=311175000 | Ped=0 | Highway=001 | Side=100 | Walk=0
Time=311235000 | Ped=0 | Highway=010 | Side=100 | Walk=0
Time=311265000 | Ped=0 | Highway=100 | Side=001 | Walk=0
Time=311325000 | Ped=0 | Highway=001 | Side=100 | Walk=0
Time=311385000 | Ped=0 | Highway=010 | Side=100 | Walk=0
Time=311415000 | Ped=0 | Highway=100 | Side=001 | Walk=0
Time=311475000 | Ped=0 | Highway=001 | Side=100 | Walk=0
Time=311535000 | Ped=0 | Highway=010 | Side=100 | Walk=0
Time=311565000 | Ped=0 | Highway=100 | Side=001 | Walk=0
Time=311625000 | Ped=0 | Highway=001 | Side=100 | Walk=0
Time=311685000 | Ped=0 | Highway=010 | Side=100 | Walk=0
Time=311715000 | Ped=0 | Highway=100 | Side=001 | Walk=0
Time=311775000 | Ped=0 | Highway=001 | Side=100 | Walk=0
Time=311835000 | Ped=0 | Highway=010 | Side=100 | Walk=0
Time=311865000 | Ped=0 | Highway=100 | Side=001 | Walk=0
Time=311925000 | Ped=0 | Highway=001 | Side=100 | Walk=0
Time=311985000 | Ped=0 | Highway=010 | Side=100 | Walk=0
Time=312015000 | Ped=0 | Highway=100 | Side=001 | Walk=0
Time=312075000 | Ped=0 | Highway=001 | Side=100 | Walk=0
Time=312135000 | Ped=0 | Highway=010 | Side=100 | Walk=0
Time=312165000 | Ped=0 | Highway=100 | Side=001 | Walk=0
Time=312225000 | Ped=0 | Highway=001 | Side=100 | Walk=0
Time=312285000 | Ped=0 | Highway=010 | Side=100 | Walk=0
Time=312315000 | Ped=0 | Highway=100 | Side=001 | Walk=0
Time=312375000 | Ped=0 | Highway=001 | Side=100 | Walk=0
Time=312435000 | Ped=0 | Highway=010 | Side=100 | Walk=0
Time=312465000 | Ped=0 | Highway=100 | Side=001 | Walk=0
Time=312525000 | Ped=0 | Highway=001 | Side=100 | Walk=0
Time=312585000 | Ped=0 | Highway=010 | Side=100 | Walk=0
Time=312615000 | Ped=0 | Highway=100 | Side=001 | Walk=0
Time=312675000 | Ped=0 | Highway=001 | Side=100 | Walk=0
Time=312735000 | Ped=0 | Highway=010 | Side=100 | Walk=0
Time=312765000 | Ped=0 | Highway=100 | Side=001 | Walk=0
Time=312825000 | Ped=0 | Highway=001 | Side=100 | Walk=0
Time=312885000 | Ped=0 | Highway=010 | Side=100 | Walk=0
Time=312915000 | Ped=0 | Highway=100 | Side=001 | Walk=0
Time=312975000 | Ped=0 | Highway=001 | Side=100 | Walk=0
Time=313035000 | Ped=0 | Highway=010 | Side=100 | Walk=0
Time=313065000 | Ped=0 | Highway=100 | Side=001 | Walk=0
Time=313125000 | Ped=0 | Highway=001 | Side=100 | Walk=0
Time=313185000 | Ped=0 | Highway=010 | Side=100 | Walk=0
Time=313215000 | Ped=0 | Highway=100 | Side=001 | Walk=0
Time=313275000 | Ped=0 | Highway=001 | Side=100 | Walk=0
Time=313335000 | Ped=0 | Highway=010 | Side=100 | Walk=0
Time=313365000 | Ped=0 | Highway=100 | Side=001 | Walk=0
Time=313425000 | Ped=0 | Highway=001 | Side=100 | Walk=0
Time=313485000 | Ped=0 | Highway=010 | Side=100 | Walk=0
Time=313515000 | Ped=0 | Highway=100 | Side=001 | Walk=0
Time=313575000 | Ped=0 | Highway=001 | Side=100 | Walk=0
Time=313635000 | Ped=0 | Highway=010 | Side=100 | Walk=0
Time=313665000 | Ped=0 | Highway=100 | Side=001 | Walk=0
Time=313725000 | Ped=0 | Highway=001 | Side=100 | Walk=0
Time=313785000 | Ped=0 | Highway=010 | Side=100 | Walk=0
Time=313815000 | Ped=0 | Highway=100 | Side=001 | Walk=0
Time=313875000 | Ped=0 | Highway=001 | Side=100 | Walk=0
Time=313935000 | Ped=0 | Highway=010 | Side=100 | Walk=0
Time=313965000 | Ped=0 | Highway=100 | Side=001 | Walk=0
Time=314025000 | Ped=0 | Highway=001 | Side=100 | Walk=0
Time=314085000 | Ped=0 | Highway=010 | Side=100 | Walk=0
Time=314115000 | Ped=0 | Highway=100 | Side=001 | Walk=0
Time=314175000 | Ped=0 | Highway=001 | Side=100 | Walk=0
Time=314235000 | Ped=0 | Highway=010 | Side=100 | Walk=0
Time=314265000 | Ped=0 | Highway=100 | Side=001 | Walk=0
Time=314325000 | Ped=0 | Highway=001 | Side=100 | Walk=0
Time=314385000 | Ped=0 | Highway=010 | Side=100 | Walk=0
Time=314415000 | Ped=0 | Highway=100 | Side=001 | Walk=0
Time=314475000 | Ped=0 | Highway=001 | Side=100 | Walk=0
Time=314535000 | Ped=0 | Highway=010 | Side=100 | Walk=0
Time=314565000 | Ped=0 | Highway=100 | Side=001 | Walk=0
Time=314625000 | Ped=0 | Highway=001 | Side=100 | Walk=0
Time=314685000 | Ped=0 | Highway=010 | Side=100 | Walk=0
Time=314715000 | Ped=0 | Highway=100 | Side=001 | Walk=0
Time=314775000 | Ped=0 | Highway=001 | Side=100 | Walk=0
Time=314835000 | Ped=0 | Highway=010 | Side=100 | Walk=0
Time=314865000 | Ped=0 | Highway=100 | Side=001 | Walk=0
Time=314925000 | Ped=0 | Highway=001 | Side=100 | Walk=0
Time=314985000 | Ped=0 | Highway=010 | Side=100 | Walk=0
Time=315015000 | Ped=0 | Highway=100 | Side=001 | Walk=0
Time=315075000 | Ped=0 | Highway=001 | Side=100 | Walk=0
Time=315135000 | Ped=0 | Highway=010 | Side=100 | Walk=0
Time=315165000 | Ped=0 | Highway=100 | Side=001 | Walk=0
Time=315225000 | Ped=0 | Highway=001 | Side=100 | Walk=0
Time=315285000 | Ped=0 | Highway=010 | Side=100 | Walk=0
Time=315315000 | Ped=0 | Highway=100 | Side=001 | Walk=0
Time=315375000 | Ped=0 | Highway=001 | Side=100 | Walk=0
Time=315435000 | Ped=0 | Highway=010 | Side=100 | Walk=0
Time=315465000 | Ped=0 | Highway=100 | Side=001 | Walk=0
Time=315525000 | Ped=0 | Highway=001 | Side=100 | Walk=0
Time=315585000 | Ped=0 | Highway=010 | Side=100 | Walk=0
Time=315615000 | Ped=0 | Highway=100 | Side=001 | Walk=0
Time=315675000 | Ped=0 | Highway=001 | Side=100 | Walk=0
Time=315735000 | Ped=0 | Highway=010 | Side=100 | Walk=0
Time=315765000 | Ped=0 | Highway=100 | Side=001 | Walk=0
Time=315825000 | Ped=0 | Highway=001 | Side=100 | Walk=0
Time=315885000 | Ped=0 | Highway=010 | Side=100 | Walk=0
Time=315915000 | Ped=0 | Highway=100 | Side=001 | Walk=0
Time=315975000 | Ped=0 | Highway=001 | Side=100 | Walk=0
Time=316035000 | Ped=0 | Highway=010 | Side=100 | Walk=0
Time=316065000 | Ped=0 | Highway=100 | Side=001 | Walk=0
Time=316125000 | Ped=0 | Highway=001 | Side=100 | Walk=0
Time=316185000 | Ped=0 | Highway=010 | Side=100 | Walk=0
Time=316215000 | Ped=0 | Highway=100 | Side=001 | Walk=0
Time=316275000 | Ped=0 | Highway=001 | Side=100 | Walk=0
Time=316335000 | Ped=0 | Highway=010 | Side=100 | Walk=0
Time=316365000 | Ped=0 | Highway=100 | Side=001 | Walk=0
Time=316425000 | Ped=0 | Highway=001 | Side=100 | Walk=0
Time=316485000 | Ped=0 | Highway=010 | Side=100 | Walk=0
Time=316515000 | Ped=0 | Highway=100 | Side=001 | Walk=0
Time=316575000 | Ped=0 | Highway=001 | Side=100 | Walk=0
Time=316635000 | Ped=0 | Highway=010 | Side=100 | Walk=0
Time=316665000 | Ped=0 | Highway=100 | Side=001 | Walk=0
Time=316725000 | Ped=0 | Highway=001 | Side=100 | Walk=0
Time=316785000 | Ped=0 | Highway=010 | Side=100 | Walk=0
Time=316815000 | Ped=0 | Highway=100 | Side=001 | Walk=0
Time=316875000 | Ped=0 | Highway=001 | Side=100 | Walk=0
Time=316935000 | Ped=0 | Highway=010 | Side=100 | Walk=0
Time=316965000 | Ped=0 | Highway=100 | Side=001 | Walk=0
Time=317025000 | Ped=0 | Highway=001 | Side=100 | Walk=0
Time=317085000 | Ped=0 | Highway=010 | Side=100 | Walk=0
Time=317115000 | Ped=0 | Highway=100 | Side=001 | Walk=0
Time=317175000 | Ped=0 | Highway=001 | Side=100 | Walk=0
Time=317235000 | Ped=0 | Highway=010 | Side=100 | Walk=0
Time=317265000 | Ped=0 | Highway=100 | Side=001 | Walk=0
Time=317325000 | Ped=0 | Highway=001 | Side=100 | Walk=0
Time=317385000 | Ped=0 | Highway=010 | Side=100 | Walk=0
Time=317415000 | Ped=0 | Highway=100 | Side=001 | Walk=0
Time=317475000 | Ped=0 | Highway=001 | Side=100 | Walk=0
Time=317535000 | Ped=0 | Highway=010 | Side=100 | Walk=0
Time=317565000 | Ped=0 | Highway=100 | Side=001 | Walk=0
Time=317625000 | Ped=0 | Highway=001 | Side=100 | Walk=0
Time=317685000 | Ped=0 | Highway=010 | Side=100 | Walk=0
Time=317715000 | Ped=0 | Highway=100 | Side=001 | Walk=0
Time=317775000 | Ped=0 | Highway=001 | Side=100 | Walk=0
Time=317835000 | Ped=0 | Highway=010 | Side=100 | Walk=0
Time=317865000 | Ped=0 | Highway=100 | Side=001 | Walk=0
Time=317925000 | Ped=0 | Highway=001 | Side=100 | Walk=0
Time=317985000 | Ped=0 | Highway=010 | Side=100 | Walk=0
Time=318015000 | Ped=0 | Highway=100 | Side=001 | Walk=0
Time=318075000 | Ped=0 | Highway=001 | Side=100 | Walk=0
Time=318135000 | Ped=0 | Highway=010 | Side=100 | Walk=0
Time=318165000 | Ped=0 | Highway=100 | Side=001 | Walk=0
Time=318225000 | Ped=0 | Highway=001 | Side=100 | Walk=0
Time=318285000 | Ped=0 | Highway=010 | Side=100 | Walk=0
Time=318315000 | Ped=0 | Highway=100 | Side=001 | Walk=0
Time=318375000 | Ped=0 | Highway=001 | Side=100 | Walk=0
Time=318435000 | Ped=0 | Highway=010 | Side=100 | Walk=0
Time=318465000 | Ped=0 | Highway=100 | Side=001 | Walk=0
Time=318525000 | Ped=0 | Highway=001 | Side=100 | Walk=0
Time=318585000 | Ped=0 | Highway=010 | Side=100 | Walk=0
Time=318615000 | Ped=0 | Highway=100 | Side=001 | Walk=0
Time=318675000 | Ped=0 | Highway=001 | Side=100 | Walk=0
Time=318735000 | Ped=0 | Highway=010 | Side=100 | Walk=0
Time=318765000 | Ped=0 | Highway=100 | Side=001 | Walk=0
Time=318825000 | Ped=0 | Highway=001 | Side=100 | Walk=0
Time=318885000 | Ped=0 | Highway=010 | Side=100 | Walk=0
Time=318915000 | Ped=0 | Highway=100 | Side=001 | Walk=0
Time=318975000 | Ped=0 | Highway=001 | Side=100 | Walk=0
Time=319035000 | Ped=0 | Highway=010 | Side=100 | Walk=0
Time=319065000 | Ped=0 | Highway=100 | Side=001 | Walk=0
Time=319125000 | Ped=0 | Highway=001 | Side=100 | Walk=0
Time=319185000 | Ped=0 | Highway=010 | Side=100 | Walk=0
Time=319215000 | Ped=0 | Highway=100 | Side=001 | Walk=0
Time=319275000 | Ped=0 | Highway=001 | Side=100 | Walk=0
Time=319335000 | Ped=0 | Highway=010 | Side=100 | Walk=0
Time=319365000 | Ped=0 | Highway=100 | Side=001 | Walk=0
Time=319425000 | Ped=0 | Highway=001 | Side=100 | Walk=0
Time=319485000 | Ped=0 | Highway=010 | Side=100 | Walk=0
Time=319515000 | Ped=0 | Highway=100 | Side=001 | Walk=0
Time=319575000 | Ped=0 | Highway=001 | Side=100 | Walk=0
Time=319635000 | Ped=0 | Highway=010 | Side=100 | Walk=0
Time=319665000 | Ped=0 | Highway=100 | Side=001 | Walk=0
Time=319725000 | Ped=0 | Highway=001 | Side=100 | Walk=0
Time=319785000 | Ped=0 | Highway=010 | Side=100 | Walk=0
Time=319815000 | Ped=0 | Highway=100 | Side=001 | Walk=0
Time=319875000 | Ped=0 | Highway=001 | Side=100 | Walk=0
Time=319935000 | Ped=0 | Highway=010 | Side=100 | Walk=0
Time=319965000 | Ped=0 | Highway=100 | Side=001 | Walk=0
Time=320025000 | Ped=0 | Highway=001 | Side=100 | Walk=0
Time=320085000 | Ped=0 | Highway=010 | Side=100 | Walk=0
Time=320115000 | Ped=0 | Highway=100 | Side=001 | Walk=0
Time=320175000 | Ped=0 | Highway=001 | Side=100 | Walk=0
Time=320235000 | Ped=0 | Highway=010 | Side=100 | Walk=0
Time=320265000 | Ped=0 | Highway=100 | Side=001 | Walk=0
Time=320325000 | Ped=0 | Highway=001 | Side=100 | Walk=0
Time=320385000 | Ped=0 | Highway=010 | Side=100 | Walk=0
Time=320415000 | Ped=0 | Highway=100 | Side=001 | Walk=0
Time=320475000 | Ped=0 | Highway=001 | Side=100 | Walk=0
Time=320535000 | Ped=0 | Highway=010 | Side=100 | Walk=0
Time=320565000 | Ped=0 | Highway=100 | Side=001 | Walk=0
Time=320625000 | Ped=0 | Highway=001 | Side=100 | Walk=0
Time=320685000 | Ped=0 | Highway=010 | Side=100 | Walk=0
Time=320715000 | Ped=0 | Highway=100 | Side=001 | Walk=0
Time=320775000 | Ped=0 | Highway=001 | Side=100 | Walk=0
Time=320835000 | Ped=0 | Highway=010 | Side=100 | Walk=0
Time=320865000 | Ped=0 | Highway=100 | Side=001 | Walk=0
Time=320925000 | Ped=0 | Highway=001 | Side=100 | Walk=0
Time=320985000 | Ped=0 | Highway=010 | Side=100 | Walk=0
Time=321015000 | Ped=0 | Highway=100 | Side=001 | Walk=0
Time=321075000 | Ped=0 | Highway=001 | Side=100 | Walk=0
Time=321135000 | Ped=0 | Highway=010 | Side=100 | Walk=0
Time=321165000 | Ped=0 | Highway=100 | Side=001 | Walk=0
Time=321225000 | Ped=0 | Highway=001 | Side=100 | Walk=0
Time=321285000 | Ped=0 | Highway=010 | Side=100 | Walk=0
Time=321315000 | Ped=0 | Highway=100 | Side=001 | Walk=0
Time=321375000 | Ped=0 | Highway=001 | Side=100 | Walk=0
Time=321435000 | Ped=0 | Highway=010 | Side=100 | Walk=0
Time=321465000 | Ped=0 | Highway=100 | Side=001 | Walk=0
Time=321525000 | Ped=0 | Highway=001 | Side=100 | Walk=0
Time=321585000 | Ped=0 | Highway=010 | Side=100 | Walk=0
Time=321615000 | Ped=0 | Highway=100 | Side=001 | Walk=0
Time=321675000 | Ped=0 | Highway=001 | Side=100 | Walk=0
Time=321735000 | Ped=0 | Highway=010 | Side=100 | Walk=0
Time=321765000 | Ped=0 | Highway=100 | Side=001 | Walk=0
Time=321825000 | Ped=0 | Highway=001 | Side=100 | Walk=0
Time=321885000 | Ped=0 | Highway=010 | Side=100 | Walk=0
Time=321915000 | Ped=0 | Highway=100 | Side=001 | Walk=0
Time=321975000 | Ped=0 | Highway=001 | Side=100 | Walk=0
Time=322035000 | Ped=0 | Highway=010 | Side=100 | Walk=0
Time=322065000 | Ped=0 | Highway=100 | Side=001 | Walk=0
Time=322125000 | Ped=0 | Highway=001 | Side=100 | Walk=0
Time=322185000 | Ped=0 | Highway=010 | Side=100 | Walk=0
Time=322215000 | Ped=0 | Highway=100 | Side=001 | Walk=0
Time=322275000 | Ped=0 | Highway=001 | Side=100 | Walk=0
Time=322335000 | Ped=0 | Highway=010 | Side=100 | Walk=0
Time=322365000 | Ped=0 | Highway=100 | Side=001 | Walk=0
Time=322425000 | Ped=0 | Highway=001 | Side=100 | Walk=0
Time=322485000 | Ped=0 | Highway=010 | Side=100 | Walk=0
Time=322515000 | Ped=0 | Highway=100 | Side=001 | Walk=0
Time=322575000 | Ped=0 | Highway=001 | Side=100 | Walk=0
Time=322635000 | Ped=0 | Highway=010 | Side=100 | Walk=0
Time=322665000 | Ped=0 | Highway=100 | Side=001 | Walk=0
Time=322725000 | Ped=0 | Highway=001 | Side=100 | Walk=0
Time=322785000 | Ped=0 | Highway=010 | Side=100 | Walk=0
Time=322815000 | Ped=0 | Highway=100 | Side=001 | Walk=0
Time=322875000 | Ped=0 | Highway=001 | Side=100 | Walk=0
Time=322935000 | Ped=0 | Highway=010 | Side=100 | Walk=0
Time=322965000 | Ped=0 | Highway=100 | Side=001 | Walk=0
Time=323025000 | Ped=0 | Highway=001 | Side=100 | Walk=0
Time=323085000 | Ped=0 | Highway=010 | Side=100 | Walk=0
Time=323115000 | Ped=0 | Highway=100 | Side=001 | Walk=0
Time=323175000 | Ped=0 | Highway=001 | Side=100 | Walk=0
Time=323235000 | Ped=0 | Highway=010 | Side=100 | Walk=0
Time=323265000 | Ped=0 | Highway=100 | Side=001 | Walk=0
Time=323325000 | Ped=0 | Highway=001 | Side=100 | Walk=0
Time=323385000 | Ped=0 | Highway=010 | Side=100 | Walk=0
Time=323415000 | Ped=0 | Highway=100 | Side=001 | Walk=0
Time=323475000 | Ped=0 | Highway=001 | Side=100 | Walk=0
Time=323535000 | Ped=0 | Highway=010 | Side=100 | Walk=0
Time=323565000 | Ped=0 | Highway=100 | Side=001 | Walk=0
Time=323625000 | Ped=0 | Highway=001 | Side=100 | Walk=0
Time=323685000 | Ped=0 | Highway=010 | Side=100 | Walk=0
Time=323715000 | Ped=0 | Highway=100 | Side=001 | Walk=0
Time=323775000 | Ped=0 | Highway=001 | Side=100 | Walk=0
Time=323835000 | Ped=0 | Highway=010 | Side=100 | Walk=0
Time=323865000 | Ped=0 | Highway=100 | Side=001 | Walk=0
Time=323925000 | Ped=0 | Highway=001 | Side=100 | Walk=0
Time=323985000 | Ped=0 | Highway=010 | Side=100 | Walk=0
Time=324015000 | Ped=0 | Highway=100 | Side=001 | Walk=0
Time=324075000 | Ped=0 | Highway=001 | Side=100 | Walk=0
Time=324135000 | Ped=0 | Highway=010 | Side=100 | Walk=0
Time=324165000 | Ped=0 | Highway=100 | Side=001 | Walk=0
Time=324225000 | Ped=0 | Highway=001 | Side=100 | Walk=0
Time=324285000 | Ped=0 | Highway=010 | Side=100 | Walk=0
Time=324315000 | Ped=0 | Highway=100 | Side=001 | Walk=0
Time=324375000 | Ped=0 | Highway=001 | Side=100 | Walk=0
Time=324435000 | Ped=0 | Highway=010 | Side=100 | Walk=0
Time=324465000 | Ped=0 | Highway=100 | Side=001 | Walk=0
Time=324525000 | Ped=0 | Highway=001 | Side=100 | Walk=0
Time=324585000 | Ped=0 | Highway=010 | Side=100 | Walk=0
Time=324615000 | Ped=0 | Highway=100 | Side=001 | Walk=0
Time=324675000 | Ped=0 | Highway=001 | Side=100 | Walk=0
Time=324735000 | Ped=0 | Highway=010 | Side=100 | Walk=0
Time=324765000 | Ped=0 | Highway=100 | Side=001 | Walk=0
Time=324825000 | Ped=0 | Highway=001 | Side=100 | Walk=0
Time=324885000 | Ped=0 | Highway=010 | Side=100 | Walk=0
Time=324915000 | Ped=0 | Highway=100 | Side=001 | Walk=0
Time=324975000 | Ped=0 | Highway=001 | Side=100 | Walk=0
Time=325035000 | Ped=0 | Highway=010 | Side=100 | Walk=0
Time=325065000 | Ped=0 | Highway=100 | Side=001 | Walk=0
Time=325125000 | Ped=0 | Highway=001 | Side=100 | Walk=0
Time=325185000 | Ped=0 | Highway=010 | Side=100 | Walk=0
Time=325215000 | Ped=0 | Highway=100 | Side=001 | Walk=0
Time=325275000 | Ped=0 | Highway=001 | Side=100 | Walk=0
Time=325335000 | Ped=0 | Highway=010 | Side=100 | Walk=0
Time=325365000 | Ped=0 | Highway=100 | Side=001 | Walk=0
Time=325425000 | Ped=0 | Highway=001 | Side=100 | Walk=0
Time=325485000 | Ped=0 | Highway=010 | Side=100 | Walk=0
Time=325515000 | Ped=0 | Highway=100 | Side=001 | Walk=0
Time=325575000 | Ped=0 | Highway=001 | Side=100 | Walk=0
Time=325635000 | Ped=0 | Highway=010 | Side=100 | Walk=0
Time=325665000 | Ped=0 | Highway=100 | Side=001 | Walk=0
Time=325725000 | Ped=0 | Highway=001 | Side=100 | Walk=0
Time=325785000 | Ped=0 | Highway=010 | Side=100 | Walk=0
Time=325815000 | Ped=0 | Highway=100 | Side=001 | Walk=0
Time=325875000 | Ped=0 | Highway=001 | Side=100 | Walk=0
Time=325935000 | Ped=0 | Highway=010 | Side=100 | Walk=0
Time=325965000 | Ped=0 | Highway=100 | Side=001 | Walk=0
Time=326025000 | Ped=0 | Highway=001 | Side=100 | Walk=0
Time=326085000 | Ped=0 | Highway=010 | Side=100 | Walk=0
Time=326115000 | Ped=0 | Highway=100 | Side=001 | Walk=0
Time=326175000 | Ped=0 | Highway=001 | Side=100 | Walk=0
Time=326235000 | Ped=0 | Highway=010 | Side=100 | Walk=0
Time=326265000 | Ped=0 | Highway=100 | Side=001 | Walk=0
Time=326325000 | Ped=0 | Highway=001 | Side=100 | Walk=0
Time=326385000 | Ped=0 | Highway=010 | Side=100 | Walk=0
Time=326415000 | Ped=0 | Highway=100 | Side=001 | Walk=0
Time=326475000 | Ped=0 | Highway=001 | Side=100 | Walk=0
Time=326535000 | Ped=0 | Highway=010 | Side=100 | Walk=0
Time=326565000 | Ped=0 | Highway=100 | Side=001 | Walk=0
Time=326625000 | Ped=0 | Highway=001 | Side=100 | Walk=0
Time=326685000 | Ped=0 | Highway=010 | Side=100 | Walk=0
Time=326715000 | Ped=0 | Highway=100 | Side=001 | Walk=0
Time=326775000 | Ped=0 | Highway=001 | Side=100 | Walk=0
Time=326835000 | Ped=0 | Highway=010 | Side=100 | Walk=0
Time=326865000 | Ped=0 | Highway=100 | Side=001 | Walk=0
Time=326925000 | Ped=0 | Highway=001 | Side=100 | Walk=0
Time=326985000 | Ped=0 | Highway=010 | Side=100 | Walk=0
Time=327015000 | Ped=0 | Highway=100 | Side=001 | Walk=0
Time=327075000 | Ped=0 | Highway=001 | Side=100 | Walk=0
Time=327135000 | Ped=0 | Highway=010 | Side=100 | Walk=0
Time=327165000 | Ped=0 | Highway=100 | Side=001 | Walk=0
Time=327225000 | Ped=0 | Highway=001 | Side=100 | Walk=0
Time=327285000 | Ped=0 | Highway=010 | Side=100 | Walk=0
Time=327315000 | Ped=0 | Highway=100 | Side=001 | Walk=0
Time=327375000 | Ped=0 | Highway=001 | Side=100 | Walk=0
Time=327435000 | Ped=0 | Highway=010 | Side=100 | Walk=0
Time=327465000 | Ped=0 | Highway=100 | Side=001 | Walk=0
Time=327525000 | Ped=0 | Highway=001 | Side=100 | Walk=0
Time=327585000 | Ped=0 | Highway=010 | Side=100 | Walk=0
Time=327615000 | Ped=0 | Highway=100 | Side=001 | Walk=0
Time=327675000 | Ped=0 | Highway=001 | Side=100 | Walk=0
Time=327735000 | Ped=0 | Highway=010 | Side=100 | Walk=0
Time=327765000 | Ped=0 | Highway=100 | Side=001 | Walk=0
Time=327825000 | Ped=0 | Highway=001 | Side=100 | Walk=0
Time=327885000 | Ped=0 | Highway=010 | Side=100 | Walk=0
Time=327915000 | Ped=0 | Highway=100 | Side=001 | Walk=0
Time=327975000 | Ped=0 | Highway=001 | Side=100 | Walk=0
Time=328035000 | Ped=0 | Highway=010 | Side=100 | Walk=0
Time=328065000 | Ped=0 | Highway=100 | Side=001 | Walk=0
Time=328125000 | Ped=0 | Highway=001 | Side=100 | Walk=0
Time=328185000 | Ped=0 | Highway=010 | Side=100 | Walk=0
Time=328215000 | Ped=0 | Highway=100 | Side=001 | Walk=0
Time=328275000 | Ped=0 | Highway=001 | Side=100 | Walk=0
Time=328335000 | Ped=0 | Highway=010 | Side=100 | Walk=0
Time=328365000 | Ped=0 | Highway=100 | Side=001 | Walk=0
Time=328425000 | Ped=0 | Highway=001 | Side=100 | Walk=0
Time=328485000 | Ped=0 | Highway=010 | Side=100 | Walk=0
Time=328515000 | Ped=0 | Highway=100 | Side=001 | Walk=0
Time=328575000 | Ped=0 | Highway=001 | Side=100 | Walk=0
Time=328635000 | Ped=0 | Highway=010 | Side=100 | Walk=0
Time=328665000 | Ped=0 | Highway=100 | Side=001 | Walk=0
Time=328725000 | Ped=0 | Highway=001 | Side=100 | Walk=0
Time=328785000 | Ped=0 | Highway=010 | Side=100 | Walk=0
Time=328815000 | Ped=0 | Highway=100 | Side=001 | Walk=0
Time=328875000 | Ped=0 | Highway=001 | Side=100 | Walk=0
Time=328935000 | Ped=0 | Highway=010 | Side=100 | Walk=0
Time=328965000 | Ped=0 | Highway=100 | Side=001 | Walk=0
Time=329025000 | Ped=0 | Highway=001 | Side=100 | Walk=0
Time=329085000 | Ped=0 | Highway=010 | Side=100 | Walk=0
Time=329115000 | Ped=0 | Highway=100 | Side=001 | Walk=0
Time=329175000 | Ped=0 | Highway=001 | Side=100 | Walk=0
Time=329235000 | Ped=0 | Highway=010 | Side=100 | Walk=0
Time=329265000 | Ped=0 | Highway=100 | Side=001 | Walk=0
Time=329325000 | Ped=0 | Highway=001 | Side=100 | Walk=0
Time=329385000 | Ped=0 | Highway=010 | Side=100 | Walk=0
Time=329415000 | Ped=0 | Highway=100 | Side=001 | Walk=0
Time=329475000 | Ped=0 | Highway=001 | Side=100 | Walk=0
Time=329535000 | Ped=0 | Highway=010 | Side=100 | Walk=0
Time=329565000 | Ped=0 | Highway=100 | Side=001 | Walk=0
Time=329625000 | Ped=0 | Highway=001 | Side=100 | Walk=0
Time=329685000 | Ped=0 | Highway=010 | Side=100 | Walk=0
Time=329715000 | Ped=0 | Highway=100 | Side=001 | Walk=0
Time=329775000 | Ped=0 | Highway=001 | Side=100 | Walk=0
Time=329835000 | Ped=0 | Highway=010 | Side=100 | Walk=0
Time=329865000 | Ped=0 | Highway=100 | Side=001 | Walk=0
Time=329925000 | Ped=0 | Highway=001 | Side=100 | Walk=0
Time=329985000 | Ped=0 | Highway=010 | Side=100 | Walk=0
Time=330015000 | Ped=0 | Highway=100 | Side=001 | Walk=0
Time=330075000 | Ped=0 | Highway=001 | Side=100 | Walk=0
Time=330135000 | Ped=0 | Highway=010 | Side=100 | Walk=0
Time=330165000 | Ped=0 | Highway=100 | Side=001 | Walk=0
Time=330225000 | Ped=0 | Highway=001 | Side=100 | Walk=0
Time=330285000 | Ped=0 | Highway=010 | Side=100 | Walk=0
Time=330315000 | Ped=0 | Highway=100 | Side=001 | Walk=0
Time=330375000 | Ped=0 | Highway=001 | Side=100 | Walk=0
Time=330435000 | Ped=0 | Highway=010 | Side=100 | Walk=0
Time=330465000 | Ped=0 | Highway=100 | Side=001 | Walk=0
Time=330525000 | Ped=0 | Highway=001 | Side=100 | Walk=0
Time=330585000 | Ped=0 | Highway=010 | Side=100 | Walk=0
Time=330615000 | Ped=0 | Highway=100 | Side=001 | Walk=0
Time=330675000 | Ped=0 | Highway=001 | Side=100 | Walk=0
Time=330735000 | Ped=0 | Highway=010 | Side=100 | Walk=0
Time=330765000 | Ped=0 | Highway=100 | Side=001 | Walk=0
Time=330825000 | Ped=0 | Highway=001 | Side=100 | Walk=0
Time=330885000 | Ped=0 | Highway=010 | Side=100 | Walk=0
Time=330915000 | Ped=0 | Highway=100 | Side=001 | Walk=0
Time=330975000 | Ped=0 | Highway=001 | Side=100 | Walk=0
Time=331035000 | Ped=0 | Highway=010 | Side=100 | Walk=0
Time=331065000 | Ped=0 | Highway=100 | Side=001 | Walk=0
Time=331125000 | Ped=0 | Highway=001 | Side=100 | Walk=0
Time=331185000 | Ped=0 | Highway=010 | Side=100 | Walk=0
Time=331215000 | Ped=0 | Highway=100 | Side=001 | Walk=0
Time=331275000 | Ped=0 | Highway=001 | Side=100 | Walk=0
Time=331335000 | Ped=0 | Highway=010 | Side=100 | Walk=0
Time=331365000 | Ped=0 | Highway=100 | Side=001 | Walk=0
Time=331425000 | Ped=0 | Highway=001 | Side=100 | Walk=0
Time=331485000 | Ped=0 | Highway=010 | Side=100 | Walk=0
Time=331515000 | Ped=0 | Highway=100 | Side=001 | Walk=0
Time=331575000 | Ped=0 | Highway=001 | Side=100 | Walk=0
Time=331635000 | Ped=0 | Highway=010 | Side=100 | Walk=0
Time=331665000 | Ped=0 | Highway=100 | Side=001 | Walk=0
Time=331725000 | Ped=0 | Highway=001 | Side=100 | Walk=0
Time=331785000 | Ped=0 | Highway=010 | Side=100 | Walk=0
Time=331815000 | Ped=0 | Highway=100 | Side=001 | Walk=0
Time=331875000 | Ped=0 | Highway=001 | Side=100 | Walk=0
Time=331935000 | Ped=0 | Highway=010 | Side=100 | Walk=0
Time=331965000 | Ped=0 | Highway=100 | Side=001 | Walk=0
Time=332025000 | Ped=0 | Highway=001 | Side=100 | Walk=0
Time=332085000 | Ped=0 | Highway=010 | Side=100 | Walk=0
Time=332115000 | Ped=0 | Highway=100 | Side=001 | Walk=0
Time=332175000 | Ped=0 | Highway=001 | Side=100 | Walk=0
Time=332235000 | Ped=0 | Highway=010 | Side=100 | Walk=0
Time=332265000 | Ped=0 | Highway=100 | Side=001 | Walk=0
Time=332325000 | Ped=0 | Highway=001 | Side=100 | Walk=0
Time=332385000 | Ped=0 | Highway=010 | Side=100 | Walk=0
Time=332415000 | Ped=0 | Highway=100 | Side=001 | Walk=0
Time=332475000 | Ped=0 | Highway=001 | Side=100 | Walk=0
Time=332535000 | Ped=0 | Highway=010 | Side=100 | Walk=0
Time=332565000 | Ped=0 | Highway=100 | Side=001 | Walk=0
Time=332625000 | Ped=0 | Highway=001 | Side=100 | Walk=0
Time=332685000 | Ped=0 | Highway=010 | Side=100 | Walk=0
Time=332715000 | Ped=0 | Highway=100 | Side=001 | Walk=0
Time=332775000 | Ped=0 | Highway=001 | Side=100 | Walk=0
Time=332835000 | Ped=0 | Highway=010 | Side=100 | Walk=0
Time=332865000 | Ped=0 | Highway=100 | Side=001 | Walk=0
Time=332925000 | Ped=0 | Highway=001 | Side=100 | Walk=0
Time=332985000 | Ped=0 | Highway=010 | Side=100 | Walk=0
Time=333015000 | Ped=0 | Highway=100 | Side=001 | Walk=0
Time=333075000 | Ped=0 | Highway=001 | Side=100 | Walk=0
Time=333135000 | Ped=0 | Highway=010 | Side=100 | Walk=0
Time=333165000 | Ped=0 | Highway=100 | Side=001 | Walk=0
Time=333225000 | Ped=0 | Highway=001 | Side=100 | Walk=0
Time=333285000 | Ped=0 | Highway=010 | Side=100 | Walk=0
Time=333315000 | Ped=0 | Highway=100 | Side=001 | Walk=0
Time=333375000 | Ped=0 | Highway=001 | Side=100 | Walk=0
Time=333435000 | Ped=0 | Highway=010 | Side=100 | Walk=0
Time=333465000 | Ped=0 | Highway=100 | Side=001 | Walk=0
Time=333525000 | Ped=0 | Highway=001 | Side=100 | Walk=0
Time=333585000 | Ped=0 | Highway=010 | Side=100 | Walk=0
Time=333615000 | Ped=0 | Highway=100 | Side=001 | Walk=0
Time=333675000 | Ped=0 | Highway=001 | Side=100 | Walk=0
Time=333735000 | Ped=0 | Highway=010 | Side=100 | Walk=0
Time=333765000 | Ped=0 | Highway=100 | Side=001 | Walk=0
Time=333825000 | Ped=0 | Highway=001 | Side=100 | Walk=0
Time=333885000 | Ped=0 | Highway=010 | Side=100 | Walk=0
Time=333915000 | Ped=0 | Highway=100 | Side=001 | Walk=0
Time=333975000 | Ped=0 | Highway=001 | Side=100 | Walk=0
Time=334035000 | Ped=0 | Highway=010 | Side=100 | Walk=0
Time=334065000 | Ped=0 | Highway=100 | Side=001 | Walk=0
Time=334125000 | Ped=0 | Highway=001 | Side=100 | Walk=0
Time=334185000 | Ped=0 | Highway=010 | Side=100 | Walk=0
Time=334215000 | Ped=0 | Highway=100 | Side=001 | Walk=0
Time=334275000 | Ped=0 | Highway=001 | Side=100 | Walk=0
Time=334335000 | Ped=0 | Highway=010 | Side=100 | Walk=0
Time=334365000 | Ped=0 | Highway=100 | Side=001 | Walk=0
Time=334425000 | Ped=0 | Highway=001 | Side=100 | Walk=0
Time=334485000 | Ped=0 | Highway=010 | Side=100 | Walk=0
Time=334515000 | Ped=0 | Highway=100 | Side=001 | Walk=0
Time=334575000 | Ped=0 | Highway=001 | Side=100 | Walk=0
Time=334635000 | Ped=0 | Highway=010 | Side=100 | Walk=0
Time=334665000 | Ped=0 | Highway=100 | Side=001 | Walk=0
Time=334725000 | Ped=0 | Highway=001 | Side=100 | Walk=0
Time=334785000 | Ped=0 | Highway=010 | Side=100 | Walk=0
Time=334815000 | Ped=0 | Highway=100 | Side=001 | Walk=0
Time=334875000 | Ped=0 | Highway=001 | Side=100 | Walk=0
Time=334935000 | Ped=0 | Highway=010 | Side=100 | Walk=0
Time=334965000 | Ped=0 | Highway=100 | Side=001 | Walk=0
Time=335025000 | Ped=0 | Highway=001 | Side=100 | Walk=0
Time=335085000 | Ped=0 | Highway=010 | Side=100 | Walk=0
Time=335115000 | Ped=0 | Highway=100 | Side=001 | Walk=0
Time=335175000 | Ped=0 | Highway=001 | Side=100 | Walk=0
Time=335235000 | Ped=0 | Highway=010 | Side=100 | Walk=0
Time=335265000 | Ped=0 | Highway=100 | Side=001 | Walk=0
Time=335325000 | Ped=0 | Highway=001 | Side=100 | Walk=0
Time=335385000 | Ped=0 | Highway=010 | Side=100 | Walk=0
Time=335415000 | Ped=0 | Highway=100 | Side=001 | Walk=0
Time=335475000 | Ped=0 | Highway=001 | Side=100 | Walk=0
Time=335535000 | Ped=0 | Highway=010 | Side=100 | Walk=0
Time=335565000 | Ped=0 | Highway=100 | Side=001 | Walk=0
Time=335625000 | Ped=0 | Highway=001 | Side=100 | Walk=0
Time=335685000 | Ped=0 | Highway=010 | Side=100 | Walk=0
Time=335715000 | Ped=0 | Highway=100 | Side=001 | Walk=0
Time=335775000 | Ped=0 | Highway=001 | Side=100 | Walk=0
Time=335835000 | Ped=0 | Highway=010 | Side=100 | Walk=0
Time=335865000 | Ped=0 | Highway=100 | Side=001 | Walk=0
Time=335925000 | Ped=0 | Highway=001 | Side=100 | Walk=0
Time=335985000 | Ped=0 | Highway=010 | Side=100 | Walk=0
Time=336015000 | Ped=0 | Highway=100 | Side=001 | Walk=0
Time=336075000 | Ped=0 | Highway=001 | Side=100 | Walk=0
Time=336135000 | Ped=0 | Highway=010 | Side=100 | Walk=0
Time=336165000 | Ped=0 | Highway=100 | Side=001 | Walk=0
Time=336225000 | Ped=0 | Highway=001 | Side=100 | Walk=0
Time=336285000 | Ped=0 | Highway=010 | Side=100 | Walk=0
Time=336315000 | Ped=0 | Highway=100 | Side=001 | Walk=0
Time=336375000 | Ped=0 | Highway=001 | Side=100 | Walk=0
Time=336435000 | Ped=0 | Highway=010 | Side=100 | Walk=0
Time=336465000 | Ped=0 | Highway=100 | Side=001 | Walk=0
Time=336525000 | Ped=0 | Highway=001 | Side=100 | Walk=0
Time=336585000 | Ped=0 | Highway=010 | Side=100 | Walk=0
Time=336615000 | Ped=0 | Highway=100 | Side=001 | Walk=0
Time=336675000 | Ped=0 | Highway=001 | Side=100 | Walk=0
Time=336735000 | Ped=0 | Highway=010 | Side=100 | Walk=0
Time=336765000 | Ped=0 | Highway=100 | Side=001 | Walk=0
Time=336825000 | Ped=0 | Highway=001 | Side=100 | Walk=0
Time=336885000 | Ped=0 | Highway=010 | Side=100 | Walk=0
Time=336915000 | Ped=0 | Highway=100 | Side=001 | Walk=0
Time=336975000 | Ped=0 | Highway=001 | Side=100 | Walk=0
Time=337035000 | Ped=0 | Highway=010 | Side=100 | Walk=0
Time=337065000 | Ped=0 | Highway=100 | Side=001 | Walk=0
Time=337125000 | Ped=0 | Highway=001 | Side=100 | Walk=0
Time=337185000 | Ped=0 | Highway=010 | Side=100 | Walk=0
Time=337215000 | Ped=0 | Highway=100 | Side=001 | Walk=0
Time=337275000 | Ped=0 | Highway=001 | Side=100 | Walk=0
Time=337335000 | Ped=0 | Highway=010 | Side=100 | Walk=0
Time=337365000 | Ped=0 | Highway=100 | Side=001 | Walk=0
Time=337425000 | Ped=0 | Highway=001 | Side=100 | Walk=0
Time=337485000 | Ped=0 | Highway=010 | Side=100 | Walk=0
Time=337515000 | Ped=0 | Highway=100 | Side=001 | Walk=0
Time=337575000 | Ped=0 | Highway=001 | Side=100 | Walk=0
Time=337635000 | Ped=0 | Highway=010 | Side=100 | Walk=0
Time=337665000 | Ped=0 | Highway=100 | Side=001 | Walk=0
Time=337725000 | Ped=0 | Highway=001 | Side=100 | Walk=0
Time=337785000 | Ped=0 | Highway=010 | Side=100 | Walk=0
Time=337815000 | Ped=0 | Highway=100 | Side=001 | Walk=0
Time=337875000 | Ped=0 | Highway=001 | Side=100 | Walk=0
Time=337935000 | Ped=0 | Highway=010 | Side=100 | Walk=0
Time=337965000 | Ped=0 | Highway=100 | Side=001 | Walk=0
Time=338025000 | Ped=0 | Highway=001 | Side=100 | Walk=0
Time=338085000 | Ped=0 | Highway=010 | Side=100 | Walk=0
Time=338115000 | Ped=0 | Highway=100 | Side=001 | Walk=0
Time=338175000 | Ped=0 | Highway=001 | Side=100 | Walk=0
Time=338235000 | Ped=0 | Highway=010 | Side=100 | Walk=0
Time=338265000 | Ped=0 | Highway=100 | Side=001 | Walk=0
Time=338325000 | Ped=0 | Highway=001 | Side=100 | Walk=0
Time=338385000 | Ped=0 | Highway=010 | Side=100 | Walk=0
Time=338415000 | Ped=0 | Highway=100 | Side=001 | Walk=0
Time=338475000 | Ped=0 | Highway=001 | Side=100 | Walk=0
Time=338535000 | Ped=0 | Highway=010 | Side=100 | Walk=0
Time=338565000 | Ped=0 | Highway=100 | Side=001 | Walk=0
Time=338625000 | Ped=0 | Highway=001 | Side=100 | Walk=0
Time=338685000 | Ped=0 | Highway=010 | Side=100 | Walk=0
Time=338715000 | Ped=0 | Highway=100 | Side=001 | Walk=0
Time=338775000 | Ped=0 | Highway=001 | Side=100 | Walk=0
Time=338835000 | Ped=0 | Highway=010 | Side=100 | Walk=0
Time=338865000 | Ped=0 | Highway=100 | Side=001 | Walk=0
Time=338925000 | Ped=0 | Highway=001 | Side=100 | Walk=0
Time=338985000 | Ped=0 | Highway=010 | Side=100 | Walk=0
Time=339015000 | Ped=0 | Highway=100 | Side=001 | Walk=0
Time=339075000 | Ped=0 | Highway=001 | Side=100 | Walk=0
Time=339135000 | Ped=0 | Highway=010 | Side=100 | Walk=0
Time=339165000 | Ped=0 | Highway=100 | Side=001 | Walk=0
Time=339225000 | Ped=0 | Highway=001 | Side=100 | Walk=0
Time=339285000 | Ped=0 | Highway=010 | Side=100 | Walk=0
Time=339315000 | Ped=0 | Highway=100 | Side=001 | Walk=0
Time=339375000 | Ped=0 | Highway=001 | Side=100 | Walk=0
Time=339435000 | Ped=0 | Highway=010 | Side=100 | Walk=0
Time=339465000 | Ped=0 | Highway=100 | Side=001 | Walk=0
Time=339525000 | Ped=0 | Highway=001 | Side=100 | Walk=0
Time=339585000 | Ped=0 | Highway=010 | Side=100 | Walk=0
Time=339615000 | Ped=0 | Highway=100 | Side=001 | Walk=0
Time=339675000 | Ped=0 | Highway=001 | Side=100 | Walk=0
Time=339735000 | Ped=0 | Highway=010 | Side=100 | Walk=0
Time=339765000 | Ped=0 | Highway=100 | Side=001 | Walk=0
Time=339825000 | Ped=0 | Highway=001 | Side=100 | Walk=0
Time=339885000 | Ped=0 | Highway=010 | Side=100 | Walk=0
Time=339915000 | Ped=0 | Highway=100 | Side=001 | Walk=0
Time=339975000 | Ped=0 | Highway=001 | Side=100 | Walk=0
Time=340035000 | Ped=0 | Highway=010 | Side=100 | Walk=0
Time=340065000 | Ped=0 | Highway=100 | Side=001 | Walk=0
Time=340125000 | Ped=0 | Highway=001 | Side=100 | Walk=0
Time=340185000 | Ped=0 | Highway=010 | Side=100 | Walk=0
Time=340215000 | Ped=0 | Highway=100 | Side=001 | Walk=0
Time=340275000 | Ped=0 | Highway=001 | Side=100 | Walk=0
Time=340335000 | Ped=0 | Highway=010 | Side=100 | Walk=0
Time=340365000 | Ped=0 | Highway=100 | Side=001 | Walk=0
Time=340425000 | Ped=0 | Highway=001 | Side=100 | Walk=0
Time=340485000 | Ped=0 | Highway=010 | Side=100 | Walk=0
Time=340515000 | Ped=0 | Highway=100 | Side=001 | Walk=0
Time=340575000 | Ped=0 | Highway=001 | Side=100 | Walk=0
Time=340635000 | Ped=0 | Highway=010 | Side=100 | Walk=0
Time=340665000 | Ped=0 | Highway=100 | Side=001 | Walk=0
Time=340725000 | Ped=0 | Highway=001 | Side=100 | Walk=0
Time=340785000 | Ped=0 | Highway=010 | Side=100 | Walk=0
Time=340815000 | Ped=0 | Highway=100 | Side=001 | Walk=0
Time=340875000 | Ped=0 | Highway=001 | Side=100 | Walk=0
Time=340935000 | Ped=0 | Highway=010 | Side=100 | Walk=0
Time=340965000 | Ped=0 | Highway=100 | Side=001 | Walk=0
Time=341025000 | Ped=0 | Highway=001 | Side=100 | Walk=0
Time=341085000 | Ped=0 | Highway=010 | Side=100 | Walk=0
Time=341115000 | Ped=0 | Highway=100 | Side=001 | Walk=0
Time=341175000 | Ped=0 | Highway=001 | Side=100 | Walk=0
Time=341235000 | Ped=0 | Highway=010 | Side=100 | Walk=0
Time=341265000 | Ped=0 | Highway=100 | Side=001 | Walk=0
Time=341325000 | Ped=0 | Highway=001 | Side=100 | Walk=0
Time=341385000 | Ped=0 | Highway=010 | Side=100 | Walk=0
Time=341415000 | Ped=0 | Highway=100 | Side=001 | Walk=0
Time=341475000 | Ped=0 | Highway=001 | Side=100 | Walk=0
Time=341535000 | Ped=0 | Highway=010 | Side=100 | Walk=0
Time=341565000 | Ped=0 | Highway=100 | Side=001 | Walk=0
Time=341625000 | Ped=0 | Highway=001 | Side=100 | Walk=0
Time=341685000 | Ped=0 | Highway=010 | Side=100 | Walk=0
Time=341715000 | Ped=0 | Highway=100 | Side=001 | Walk=0
Time=341775000 | Ped=0 | Highway=001 | Side=100 | Walk=0
Time=341835000 | Ped=0 | Highway=010 | Side=100 | Walk=0
Time=341865000 | Ped=0 | Highway=100 | Side=001 | Walk=0
Time=341925000 | Ped=0 | Highway=001 | Side=100 | Walk=0
Time=341985000 | Ped=0 | Highway=010 | Side=100 | Walk=0
Time=342015000 | Ped=0 | Highway=100 | Side=001 | Walk=0
Time=342075000 | Ped=0 | Highway=001 | Side=100 | Walk=0
Time=342135000 | Ped=0 | Highway=010 | Side=100 | Walk=0
Time=342165000 | Ped=0 | Highway=100 | Side=001 | Walk=0
Time=342225000 | Ped=0 | Highway=001 | Side=100 | Walk=0
Time=342285000 | Ped=0 | Highway=010 | Side=100 | Walk=0
Time=342315000 | Ped=0 | Highway=100 | Side=001 | Walk=0
Time=342375000 | Ped=0 | Highway=001 | Side=100 | Walk=0
Time=342435000 | Ped=0 | Highway=010 | Side=100 | Walk=0
Time=342465000 | Ped=0 | Highway=100 | Side=001 | Walk=0
Time=342525000 | Ped=0 | Highway=001 | Side=100 | Walk=0
Time=342585000 | Ped=0 | Highway=010 | Side=100 | Walk=0
Time=342615000 | Ped=0 | Highway=100 | Side=001 | Walk=0
Time=342675000 | Ped=0 | Highway=001 | Side=100 | Walk=0
Time=342735000 | Ped=0 | Highway=010 | Side=100 | Walk=0
Time=342765000 | Ped=0 | Highway=100 | Side=001 | Walk=0
Time=342825000 | Ped=0 | Highway=001 | Side=100 | Walk=0
Time=342885000 | Ped=0 | Highway=010 | Side=100 | Walk=0
Time=342915000 | Ped=0 | Highway=100 | Side=001 | Walk=0
Time=342975000 | Ped=0 | Highway=001 | Side=100 | Walk=0
Time=343035000 | Ped=0 | Highway=010 | Side=100 | Walk=0
Time=343065000 | Ped=0 | Highway=100 | Side=001 | Walk=0
Time=343125000 | Ped=0 | Highway=001 | Side=100 | Walk=0
Time=343185000 | Ped=0 | Highway=010 | Side=100 | Walk=0
Time=343215000 | Ped=0 | Highway=100 | Side=001 | Walk=0
Time=343275000 | Ped=0 | Highway=001 | Side=100 | Walk=0
Time=343335000 | Ped=0 | Highway=010 | Side=100 | Walk=0
Time=343365000 | Ped=0 | Highway=100 | Side=001 | Walk=0
Time=343425000 | Ped=0 | Highway=001 | Side=100 | Walk=0
Time=343485000 | Ped=0 | Highway=010 | Side=100 | Walk=0
Time=343515000 | Ped=0 | Highway=100 | Side=001 | Walk=0
Time=343575000 | Ped=0 | Highway=001 | Side=100 | Walk=0
Time=343635000 | Ped=0 | Highway=010 | Side=100 | Walk=0
Time=343665000 | Ped=0 | Highway=100 | Side=001 | Walk=0
Time=343725000 | Ped=0 | Highway=001 | Side=100 | Walk=0
Time=343785000 | Ped=0 | Highway=010 | Side=100 | Walk=0
Time=343815000 | Ped=0 | Highway=100 | Side=001 | Walk=0
Time=343875000 | Ped=0 | Highway=001 | Side=100 | Walk=0
Time=343935000 | Ped=0 | Highway=010 | Side=100 | Walk=0
Time=343965000 | Ped=0 | Highway=100 | Side=001 | Walk=0
Time=344025000 | Ped=0 | Highway=001 | Side=100 | Walk=0
Time=344085000 | Ped=0 | Highway=010 | Side=100 | Walk=0
Time=344115000 | Ped=0 | Highway=100 | Side=001 | Walk=0
Time=344175000 | Ped=0 | Highway=001 | Side=100 | Walk=0
Time=344235000 | Ped=0 | Highway=010 | Side=100 | Walk=0
Time=344265000 | Ped=0 | Highway=100 | Side=001 | Walk=0
Time=344325000 | Ped=0 | Highway=001 | Side=100 | Walk=0
Time=344385000 | Ped=0 | Highway=010 | Side=100 | Walk=0
Time=344415000 | Ped=0 | Highway=100 | Side=001 | Walk=0
Time=344475000 | Ped=0 | Highway=001 | Side=100 | Walk=0
Time=344535000 | Ped=0 | Highway=010 | Side=100 | Walk=0
Time=344565000 | Ped=0 | Highway=100 | Side=001 | Walk=0
Time=344625000 | Ped=0 | Highway=001 | Side=100 | Walk=0
Time=344685000 | Ped=0 | Highway=010 | Side=100 | Walk=0
Time=344715000 | Ped=0 | Highway=100 | Side=001 | Walk=0
Time=344775000 | Ped=0 | Highway=001 | Side=100 | Walk=0
Time=344835000 | Ped=0 | Highway=010 | Side=100 | Walk=0
Time=344865000 | Ped=0 | Highway=100 | Side=001 | Walk=0
Time=344925000 | Ped=0 | Highway=001 | Side=100 | Walk=0
Time=344985000 | Ped=0 | Highway=010 | Side=100 | Walk=0
Time=345015000 | Ped=0 | Highway=100 | Side=001 | Walk=0
Time=345075000 | Ped=0 | Highway=001 | Side=100 | Walk=0
Time=345135000 | Ped=0 | Highway=010 | Side=100 | Walk=0
Time=345165000 | Ped=0 | Highway=100 | Side=001 | Walk=0
Time=345225000 | Ped=0 | Highway=001 | Side=100 | Walk=0
Time=345285000 | Ped=0 | Highway=010 | Side=100 | Walk=0
Time=345315000 | Ped=0 | Highway=100 | Side=001 | Walk=0
Time=345375000 | Ped=0 | Highway=001 | Side=100 | Walk=0
Time=345435000 | Ped=0 | Highway=010 | Side=100 | Walk=0
Time=345465000 | Ped=0 | Highway=100 | Side=001 | Walk=0
Time=345525000 | Ped=0 | Highway=001 | Side=100 | Walk=0
Time=345585000 | Ped=0 | Highway=010 | Side=100 | Walk=0
Time=345615000 | Ped=0 | Highway=100 | Side=001 | Walk=0
Time=345675000 | Ped=0 | Highway=001 | Side=100 | Walk=0
Time=345735000 | Ped=0 | Highway=010 | Side=100 | Walk=0
Time=345765000 | Ped=0 | Highway=100 | Side=001 | Walk=0
Time=345825000 | Ped=0 | Highway=001 | Side=100 | Walk=0
Time=345885000 | Ped=0 | Highway=010 | Side=100 | Walk=0
Time=345915000 | Ped=0 | Highway=100 | Side=001 | Walk=0
Time=345975000 | Ped=0 | Highway=001 | Side=100 | Walk=0
Time=346035000 | Ped=0 | Highway=010 | Side=100 | Walk=0
Time=346065000 | Ped=0 | Highway=100 | Side=001 | Walk=0
Time=346125000 | Ped=0 | Highway=001 | Side=100 | Walk=0
Time=346185000 | Ped=0 | Highway=010 | Side=100 | Walk=0
Time=346215000 | Ped=0 | Highway=100 | Side=001 | Walk=0
Time=346275000 | Ped=0 | Highway=001 | Side=100 | Walk=0
Time=346335000 | Ped=0 | Highway=010 | Side=100 | Walk=0
Time=346365000 | Ped=0 | Highway=100 | Side=001 | Walk=0
Time=346425000 | Ped=0 | Highway=001 | Side=100 | Walk=0
Time=346485000 | Ped=0 | Highway=010 | Side=100 | Walk=0
Time=346515000 | Ped=0 | Highway=100 | Side=001 | Walk=0
Time=346575000 | Ped=0 | Highway=001 | Side=100 | Walk=0
Time=346635000 | Ped=0 | Highway=010 | Side=100 | Walk=0
Time=346665000 | Ped=0 | Highway=100 | Side=001 | Walk=0
Time=346725000 | Ped=0 | Highway=001 | Side=100 | Walk=0
Time=346785000 | Ped=0 | Highway=010 | Side=100 | Walk=0
Time=346815000 | Ped=0 | Highway=100 | Side=001 | Walk=0
Time=346875000 | Ped=0 | Highway=001 | Side=100 | Walk=0
Time=346935000 | Ped=0 | Highway=010 | Side=100 | Walk=0
Time=346965000 | Ped=0 | Highway=100 | Side=001 | Walk=0
Time=347025000 | Ped=0 | Highway=001 | Side=100 | Walk=0
Time=347085000 | Ped=0 | Highway=010 | Side=100 | Walk=0
Time=347115000 | Ped=0 | Highway=100 | Side=001 | Walk=0
Time=347175000 | Ped=0 | Highway=001 | Side=100 | Walk=0
Time=347235000 | Ped=0 | Highway=010 | Side=100 | Walk=0
Time=347265000 | Ped=0 | Highway=100 | Side=001 | Walk=0
Time=347325000 | Ped=0 | Highway=001 | Side=100 | Walk=0
Time=347385000 | Ped=0 | Highway=010 | Side=100 | Walk=0
Time=347415000 | Ped=0 | Highway=100 | Side=001 | Walk=0
Time=347475000 | Ped=0 | Highway=001 | Side=100 | Walk=0
Time=347535000 | Ped=0 | Highway=010 | Side=100 | Walk=0
Time=347565000 | Ped=0 | Highway=100 | Side=001 | Walk=0
Time=347625000 | Ped=0 | Highway=001 | Side=100 | Walk=0
Time=347685000 | Ped=0 | Highway=010 | Side=100 | Walk=0
Time=347715000 | Ped=0 | Highway=100 | Side=001 | Walk=0
Time=347775000 | Ped=0 | Highway=001 | Side=100 | Walk=0
Time=347835000 | Ped=0 | Highway=010 | Side=100 | Walk=0
Time=347865000 | Ped=0 | Highway=100 | Side=001 | Walk=0
Time=347925000 | Ped=0 | Highway=001 | Side=100 | Walk=0
Time=347985000 | Ped=0 | Highway=010 | Side=100 | Walk=0
Time=348015000 | Ped=0 | Highway=100 | Side=001 | Walk=0
Time=348075000 | Ped=0 | Highway=001 | Side=100 | Walk=0
Time=348135000 | Ped=0 | Highway=010 | Side=100 | Walk=0
Time=348165000 | Ped=0 | Highway=100 | Side=001 | Walk=0
Time=348225000 | Ped=0 | Highway=001 | Side=100 | Walk=0
Time=348285000 | Ped=0 | Highway=010 | Side=100 | Walk=0
Time=348315000 | Ped=0 | Highway=100 | Side=001 | Walk=0
Time=348375000 | Ped=0 | Highway=001 | Side=100 | Walk=0
Time=348435000 | Ped=0 | Highway=010 | Side=100 | Walk=0
Time=348465000 | Ped=0 | Highway=100 | Side=001 | Walk=0
Time=348525000 | Ped=0 | Highway=001 | Side=100 | Walk=0
Time=348585000 | Ped=0 | Highway=010 | Side=100 | Walk=0
Time=348615000 | Ped=0 | Highway=100 | Side=001 | Walk=0
Time=348675000 | Ped=0 | Highway=001 | Side=100 | Walk=0
Time=348735000 | Ped=0 | Highway=010 | Side=100 | Walk=0
Time=348765000 | Ped=0 | Highway=100 | Side=001 | Walk=0
Time=348825000 | Ped=0 | Highway=001 | Side=100 | Walk=0
Time=348885000 | Ped=0 | Highway=010 | Side=100 | Walk=0
Time=348915000 | Ped=0 | Highway=100 | Side=001 | Walk=0
Time=348975000 | Ped=0 | Highway=001 | Side=100 | Walk=0
Time=349035000 | Ped=0 | Highway=010 | Side=100 | Walk=0
Time=349065000 | Ped=0 | Highway=100 | Side=001 | Walk=0
Time=349125000 | Ped=0 | Highway=001 | Side=100 | Walk=0
Time=349185000 | Ped=0 | Highway=010 | Side=100 | Walk=0
Time=349215000 | Ped=0 | Highway=100 | Side=001 | Walk=0
Time=349275000 | Ped=0 | Highway=001 | Side=100 | Walk=0
Time=349335000 | Ped=0 | Highway=010 | Side=100 | Walk=0
Time=349365000 | Ped=0 | Highway=100 | Side=001 | Walk=0
Time=349425000 | Ped=0 | Highway=001 | Side=100 | Walk=0
Time=349485000 | Ped=0 | Highway=010 | Side=100 | Walk=0
Time=349515000 | Ped=0 | Highway=100 | Side=001 | Walk=0
Time=349575000 | Ped=0 | Highway=001 | Side=100 | Walk=0
Time=349635000 | Ped=0 | Highway=010 | Side=100 | Walk=0
Time=349665000 | Ped=0 | Highway=100 | Side=001 | Walk=0
Time=349725000 | Ped=0 | Highway=001 | Side=100 | Walk=0
Time=349785000 | Ped=0 | Highway=010 | Side=100 | Walk=0
Time=349815000 | Ped=0 | Highway=100 | Side=001 | Walk=0
Time=349875000 | Ped=0 | Highway=001 | Side=100 | Walk=0
Time=349935000 | Ped=0 | Highway=010 | Side=100 | Walk=0
Time=349965000 | Ped=0 | Highway=100 | Side=001 | Walk=0
Time=350025000 | Ped=0 | Highway=001 | Side=100 | Walk=0
Time=350085000 | Ped=0 | Highway=010 | Side=100 | Walk=0
Time=350115000 | Ped=0 | Highway=100 | Side=001 | Walk=0
Time=350175000 | Ped=0 | Highway=001 | Side=100 | Walk=0
Time=350235000 | Ped=0 | Highway=010 | Side=100 | Walk=0
Time=350265000 | Ped=0 | Highway=100 | Side=001 | Walk=0
Time=350325000 | Ped=0 | Highway=001 | Side=100 | Walk=0
Time=350385000 | Ped=0 | Highway=010 | Side=100 | Walk=0
Time=350415000 | Ped=0 | Highway=100 | Side=001 | Walk=0
Time=350475000 | Ped=0 | Highway=001 | Side=100 | Walk=0
Time=350535000 | Ped=0 | Highway=010 | Side=100 | Walk=0
Time=350565000 | Ped=0 | Highway=100 | Side=001 | Walk=0
Time=350625000 | Ped=0 | Highway=001 | Side=100 | Walk=0
Time=350685000 | Ped=0 | Highway=010 | Side=100 | Walk=0
Time=350715000 | Ped=0 | Highway=100 | Side=001 | Walk=0
Time=350775000 | Ped=0 | Highway=001 | Side=100 | Walk=0
Time=350835000 | Ped=0 | Highway=010 | Side=100 | Walk=0
Time=350865000 | Ped=0 | Highway=100 | Side=001 | Walk=0
Time=350925000 | Ped=0 | Highway=001 | Side=100 | Walk=0
Time=350985000 | Ped=0 | Highway=010 | Side=100 | Walk=0
Time=351015000 | Ped=0 | Highway=100 | Side=001 | Walk=0
Time=351075000 | Ped=0 | Highway=001 | Side=100 | Walk=0
Time=351135000 | Ped=0 | Highway=010 | Side=100 | Walk=0
Time=351165000 | Ped=0 | Highway=100 | Side=001 | Walk=0
Time=351225000 | Ped=0 | Highway=001 | Side=100 | Walk=0
Time=351285000 | Ped=0 | Highway=010 | Side=100 | Walk=0
Time=351315000 | Ped=0 | Highway=100 | Side=001 | Walk=0
Time=351375000 | Ped=0 | Highway=001 | Side=100 | Walk=0
Time=351435000 | Ped=0 | Highway=010 | Side=100 | Walk=0
Time=351465000 | Ped=0 | Highway=100 | Side=001 | Walk=0
Time=351525000 | Ped=0 | Highway=001 | Side=100 | Walk=0
Time=351585000 | Ped=0 | Highway=010 | Side=100 | Walk=0
Time=351615000 | Ped=0 | Highway=100 | Side=001 | Walk=0
Time=351675000 | Ped=0 | Highway=001 | Side=100 | Walk=0
Time=351735000 | Ped=0 | Highway=010 | Side=100 | Walk=0
Time=351765000 | Ped=0 | Highway=100 | Side=001 | Walk=0
Time=351825000 | Ped=0 | Highway=001 | Side=100 | Walk=0
Time=351885000 | Ped=0 | Highway=010 | Side=100 | Walk=0
Time=351915000 | Ped=0 | Highway=100 | Side=001 | Walk=0
Time=351975000 | Ped=0 | Highway=001 | Side=100 | Walk=0
Time=352035000 | Ped=0 | Highway=010 | Side=100 | Walk=0
Time=352065000 | Ped=0 | Highway=100 | Side=001 | Walk=0
Time=352125000 | Ped=0 | Highway=001 | Side=100 | Walk=0
Time=352185000 | Ped=0 | Highway=010 | Side=100 | Walk=0
Time=352215000 | Ped=0 | Highway=100 | Side=001 | Walk=0
Time=352275000 | Ped=0 | Highway=001 | Side=100 | Walk=0
Time=352335000 | Ped=0 | Highway=010 | Side=100 | Walk=0
Time=352365000 | Ped=0 | Highway=100 | Side=001 | Walk=0
Time=352425000 | Ped=0 | Highway=001 | Side=100 | Walk=0
Time=352485000 | Ped=0 | Highway=010 | Side=100 | Walk=0
Time=352515000 | Ped=0 | Highway=100 | Side=001 | Walk=0
Time=352575000 | Ped=0 | Highway=001 | Side=100 | Walk=0
Time=352635000 | Ped=0 | Highway=010 | Side=100 | Walk=0
Time=352665000 | Ped=0 | Highway=100 | Side=001 | Walk=0
Time=352725000 | Ped=0 | Highway=001 | Side=100 | Walk=0
Time=352785000 | Ped=0 | Highway=010 | Side=100 | Walk=0
Time=352815000 | Ped=0 | Highway=100 | Side=001 | Walk=0
Time=352875000 | Ped=0 | Highway=001 | Side=100 | Walk=0
Time=352935000 | Ped=0 | Highway=010 | Side=100 | Walk=0
Time=352965000 | Ped=0 | Highway=100 | Side=001 | Walk=0
Time=353025000 | Ped=0 | Highway=001 | Side=100 | Walk=0
Time=353085000 | Ped=0 | Highway=010 | Side=100 | Walk=0
Time=353115000 | Ped=0 | Highway=100 | Side=001 | Walk=0
Time=353175000 | Ped=0 | Highway=001 | Side=100 | Walk=0
Time=353235000 | Ped=0 | Highway=010 | Side=100 | Walk=0
Time=353265000 | Ped=0 | Highway=100 | Side=001 | Walk=0
Time=353325000 | Ped=0 | Highway=001 | Side=100 | Walk=0
Time=353385000 | Ped=0 | Highway=010 | Side=100 | Walk=0
Time=353415000 | Ped=0 | Highway=100 | Side=001 | Walk=0
Time=353475000 | Ped=0 | Highway=001 | Side=100 | Walk=0
Time=353535000 | Ped=0 | Highway=010 | Side=100 | Walk=0
Time=353565000 | Ped=0 | Highway=100 | Side=001 | Walk=0
Time=353625000 | Ped=0 | Highway=001 | Side=100 | Walk=0
Time=353685000 | Ped=0 | Highway=010 | Side=100 | Walk=0
Time=353715000 | Ped=0 | Highway=100 | Side=001 | Walk=0
Time=353775000 | Ped=0 | Highway=001 | Side=100 | Walk=0
Time=353835000 | Ped=0 | Highway=010 | Side=100 | Walk=0
Time=353865000 | Ped=0 | Highway=100 | Side=001 | Walk=0
Time=353925000 | Ped=0 | Highway=001 | Side=100 | Walk=0
Time=353985000 | Ped=0 | Highway=010 | Side=100 | Walk=0
Time=354015000 | Ped=0 | Highway=100 | Side=001 | Walk=0
Time=354075000 | Ped=0 | Highway=001 | Side=100 | Walk=0
Time=354135000 | Ped=0 | Highway=010 | Side=100 | Walk=0
Time=354165000 | Ped=0 | Highway=100 | Side=001 | Walk=0
Time=354225000 | Ped=0 | Highway=001 | Side=100 | Walk=0
Time=354285000 | Ped=0 | Highway=010 | Side=100 | Walk=0
Time=354315000 | Ped=0 | Highway=100 | Side=001 | Walk=0
Time=354375000 | Ped=0 | Highway=001 | Side=100 | Walk=0
Time=354435000 | Ped=0 | Highway=010 | Side=100 | Walk=0
Time=354465000 | Ped=0 | Highway=100 | Side=001 | Walk=0
Time=354525000 | Ped=0 | Highway=001 | Side=100 | Walk=0
Time=354585000 | Ped=0 | Highway=010 | Side=100 | Walk=0
Time=354615000 | Ped=0 | Highway=100 | Side=001 | Walk=0
Time=354675000 | Ped=0 | Highway=001 | Side=100 | Walk=0
Time=354735000 | Ped=0 | Highway=010 | Side=100 | Walk=0
Time=354765000 | Ped=0 | Highway=100 | Side=001 | Walk=0
Time=354825000 | Ped=0 | Highway=001 | Side=100 | Walk=0
Time=354885000 | Ped=0 | Highway=010 | Side=100 | Walk=0
Time=354915000 | Ped=0 | Highway=100 | Side=001 | Walk=0
Time=354975000 | Ped=0 | Highway=001 | Side=100 | Walk=0
Time=355035000 | Ped=0 | Highway=010 | Side=100 | Walk=0
Time=355065000 | Ped=0 | Highway=100 | Side=001 | Walk=0
Time=355125000 | Ped=0 | Highway=001 | Side=100 | Walk=0
Time=355185000 | Ped=0 | Highway=010 | Side=100 | Walk=0
Time=355215000 | Ped=0 | Highway=100 | Side=001 | Walk=0
Time=355275000 | Ped=0 | Highway=001 | Side=100 | Walk=0
Time=355335000 | Ped=0 | Highway=010 | Side=100 | Walk=0
Time=355365000 | Ped=0 | Highway=100 | Side=001 | Walk=0
Time=355425000 | Ped=0 | Highway=001 | Side=100 | Walk=0
Time=355485000 | Ped=0 | Highway=010 | Side=100 | Walk=0
Time=355515000 | Ped=0 | Highway=100 | Side=001 | Walk=0
Time=355575000 | Ped=0 | Highway=001 | Side=100 | Walk=0
Time=355635000 | Ped=0 | Highway=010 | Side=100 | Walk=0
Time=355665000 | Ped=0 | Highway=100 | Side=001 | Walk=0
Time=355725000 | Ped=0 | Highway=001 | Side=100 | Walk=0
Time=355785000 | Ped=0 | Highway=010 | Side=100 | Walk=0
Time=355815000 | Ped=0 | Highway=100 | Side=001 | Walk=0
Time=355875000 | Ped=0 | Highway=001 | Side=100 | Walk=0
Time=355935000 | Ped=0 | Highway=010 | Side=100 | Walk=0
Time=355965000 | Ped=0 | Highway=100 | Side=001 | Walk=0
Time=356025000 | Ped=0 | Highway=001 | Side=100 | Walk=0
Time=356085000 | Ped=0 | Highway=010 | Side=100 | Walk=0
Time=356115000 | Ped=0 | Highway=100 | Side=001 | Walk=0
Time=356175000 | Ped=0 | Highway=001 | Side=100 | Walk=0
Time=356235000 | Ped=0 | Highway=010 | Side=100 | Walk=0
Time=356265000 | Ped=0 | Highway=100 | Side=001 | Walk=0
Time=356325000 | Ped=0 | Highway=001 | Side=100 | Walk=0
Time=356385000 | Ped=0 | Highway=010 | Side=100 | Walk=0
Time=356415000 | Ped=0 | Highway=100 | Side=001 | Walk=0
Time=356475000 | Ped=0 | Highway=001 | Side=100 | Walk=0
Time=356535000 | Ped=0 | Highway=010 | Side=100 | Walk=0
Time=356565000 | Ped=0 | Highway=100 | Side=001 | Walk=0
Time=356625000 | Ped=0 | Highway=001 | Side=100 | Walk=0
Time=356685000 | Ped=0 | Highway=010 | Side=100 | Walk=0
Time=356715000 | Ped=0 | Highway=100 | Side=001 | Walk=0
Time=356775000 | Ped=0 | Highway=001 | Side=100 | Walk=0
Time=356835000 | Ped=0 | Highway=010 | Side=100 | Walk=0
Time=356865000 | Ped=0 | Highway=100 | Side=001 | Walk=0
Time=356925000 | Ped=0 | Highway=001 | Side=100 | Walk=0
Time=356985000 | Ped=0 | Highway=010 | Side=100 | Walk=0
Time=357015000 | Ped=0 | Highway=100 | Side=001 | Walk=0
Time=357075000 | Ped=0 | Highway=001 | Side=100 | Walk=0
Time=357135000 | Ped=0 | Highway=010 | Side=100 | Walk=0
Time=357165000 | Ped=0 | Highway=100 | Side=001 | Walk=0
Time=357225000 | Ped=0 | Highway=001 | Side=100 | Walk=0
Time=357285000 | Ped=0 | Highway=010 | Side=100 | Walk=0
Time=357315000 | Ped=0 | Highway=100 | Side=001 | Walk=0
Time=357375000 | Ped=0 | Highway=001 | Side=100 | Walk=0
Time=357435000 | Ped=0 | Highway=010 | Side=100 | Walk=0
Time=357465000 | Ped=0 | Highway=100 | Side=001 | Walk=0
Time=357525000 | Ped=0 | Highway=001 | Side=100 | Walk=0
Time=357585000 | Ped=0 | Highway=010 | Side=100 | Walk=0
Time=357615000 | Ped=0 | Highway=100 | Side=001 | Walk=0
Time=357675000 | Ped=0 | Highway=001 | Side=100 | Walk=0
Time=357735000 | Ped=0 | Highway=010 | Side=100 | Walk=0
Time=357765000 | Ped=0 | Highway=100 | Side=001 | Walk=0
Time=357825000 | Ped=0 | Highway=001 | Side=100 | Walk=0
Time=357885000 | Ped=0 | Highway=010 | Side=100 | Walk=0
Time=357915000 | Ped=0 | Highway=100 | Side=001 | Walk=0
Time=357975000 | Ped=0 | Highway=001 | Side=100 | Walk=0
Time=358035000 | Ped=0 | Highway=010 | Side=100 | Walk=0
Time=358065000 | Ped=0 | Highway=100 | Side=001 | Walk=0
Time=358125000 | Ped=0 | Highway=001 | Side=100 | Walk=0
Time=358185000 | Ped=0 | Highway=010 | Side=100 | Walk=0
Time=358215000 | Ped=0 | Highway=100 | Side=001 | Walk=0
Time=358275000 | Ped=0 | Highway=001 | Side=100 | Walk=0
Time=358335000 | Ped=0 | Highway=010 | Side=100 | Walk=0
Time=358365000 | Ped=0 | Highway=100 | Side=001 | Walk=0
Time=358425000 | Ped=0 | Highway=001 | Side=100 | Walk=0
Time=358485000 | Ped=0 | Highway=010 | Side=100 | Walk=0
Time=358515000 | Ped=0 | Highway=100 | Side=001 | Walk=0
Time=358575000 | Ped=0 | Highway=001 | Side=100 | Walk=0
Time=358635000 | Ped=0 | Highway=010 | Side=100 | Walk=0
Time=358665000 | Ped=0 | Highway=100 | Side=001 | Walk=0
Time=358725000 | Ped=0 | Highway=001 | Side=100 | Walk=0
Time=358785000 | Ped=0 | Highway=010 | Side=100 | Walk=0
Time=358815000 | Ped=0 | Highway=100 | Side=001 | Walk=0
Time=358875000 | Ped=0 | Highway=001 | Side=100 | Walk=0
Time=358935000 | Ped=0 | Highway=010 | Side=100 | Walk=0
Time=358965000 | Ped=0 | Highway=100 | Side=001 | Walk=0
Time=359025000 | Ped=0 | Highway=001 | Side=100 | Walk=0
Time=359085000 | Ped=0 | Highway=010 | Side=100 | Walk=0
Time=359115000 | Ped=0 | Highway=100 | Side=001 | Walk=0
Time=359175000 | Ped=0 | Highway=001 | Side=100 | Walk=0
Time=359235000 | Ped=0 | Highway=010 | Side=100 | Walk=0
Time=359265000 | Ped=0 | Highway=100 | Side=001 | Walk=0
Time=359325000 | Ped=0 | Highway=001 | Side=100 | Walk=0
Time=359385000 | Ped=0 | Highway=010 | Side=100 | Walk=0
Time=359415000 | Ped=0 | Highway=100 | Side=001 | Walk=0
Time=359475000 | Ped=0 | Highway=001 | Side=100 | Walk=0
Time=359535000 | Ped=0 | Highway=010 | Side=100 | Walk=0
Time=359565000 | Ped=0 | Highway=100 | Side=001 | Walk=0
Time=359625000 | Ped=0 | Highway=001 | Side=100 | Walk=0
Time=359685000 | Ped=0 | Highway=010 | Side=100 | Walk=0
Time=359715000 | Ped=0 | Highway=100 | Side=001 | Walk=0
Time=359775000 | Ped=0 | Highway=001 | Side=100 | Walk=0
Time=359835000 | Ped=0 | Highway=010 | Side=100 | Walk=0
Time=359865000 | Ped=0 | Highway=100 | Side=001 | Walk=0
Time=359925000 | Ped=0 | Highway=001 | Side=100 | Walk=0
Time=359985000 | Ped=0 | Highway=010 | Side=100 | Walk=0
Time=360015000 | Ped=0 | Highway=100 | Side=001 | Walk=0
Time=360075000 | Ped=0 | Highway=001 | Side=100 | Walk=0
Time=360135000 | Ped=0 | Highway=010 | Side=100 | Walk=0
Time=360165000 | Ped=0 | Highway=100 | Side=001 | Walk=0
Time=360225000 | Ped=0 | Highway=001 | Side=100 | Walk=0
Time=360285000 | Ped=0 | Highway=010 | Side=100 | Walk=0
Time=360315000 | Ped=0 | Highway=100 | Side=001 | Walk=0
Time=360375000 | Ped=0 | Highway=001 | Side=100 | Walk=0
Time=360435000 | Ped=0 | Highway=010 | Side=100 | Walk=0
Time=360465000 | Ped=0 | Highway=100 | Side=001 | Walk=0
Time=360525000 | Ped=0 | Highway=001 | Side=100 | Walk=0
Time=360585000 | Ped=0 | Highway=010 | Side=100 | Walk=0
Time=360615000 | Ped=0 | Highway=100 | Side=001 | Walk=0
Time=360675000 | Ped=0 | Highway=001 | Side=100 | Walk=0
Time=360735000 | Ped=0 | Highway=010 | Side=100 | Walk=0
Time=360765000 | Ped=0 | Highway=100 | Side=001 | Walk=0
Time=360825000 | Ped=0 | Highway=001 | Side=100 | Walk=0
Time=360885000 | Ped=0 | Highway=010 | Side=100 | Walk=0
Time=360915000 | Ped=0 | Highway=100 | Side=001 | Walk=0
Time=360975000 | Ped=0 | Highway=001 | Side=100 | Walk=0
Time=361035000 | Ped=0 | Highway=010 | Side=100 | Walk=0
Time=361065000 | Ped=0 | Highway=100 | Side=001 | Walk=0
Time=361125000 | Ped=0 | Highway=001 | Side=100 | Walk=0
Time=361185000 | Ped=0 | Highway=010 | Side=100 | Walk=0
Time=361215000 | Ped=0 | Highway=100 | Side=001 | Walk=0
Time=361275000 | Ped=0 | Highway=001 | Side=100 | Walk=0
Time=361335000 | Ped=0 | Highway=010 | Side=100 | Walk=0
Time=361365000 | Ped=0 | Highway=100 | Side=001 | Walk=0
Time=361425000 | Ped=0 | Highway=001 | Side=100 | Walk=0
Time=361485000 | Ped=0 | Highway=010 | Side=100 | Walk=0
Time=361515000 | Ped=0 | Highway=100 | Side=001 | Walk=0
Time=361575000 | Ped=0 | Highway=001 | Side=100 | Walk=0
Time=361635000 | Ped=0 | Highway=010 | Side=100 | Walk=0
Time=361665000 | Ped=0 | Highway=100 | Side=001 | Walk=0
Time=361725000 | Ped=0 | Highway=001 | Side=100 | Walk=0
Time=361785000 | Ped=0 | Highway=010 | Side=100 | Walk=0
Time=361815000 | Ped=0 | Highway=100 | Side=001 | Walk=0
Time=361875000 | Ped=0 | Highway=001 | Side=100 | Walk=0
Time=361935000 | Ped=0 | Highway=010 | Side=100 | Walk=0
Time=361965000 | Ped=0 | Highway=100 | Side=001 | Walk=0
Time=362025000 | Ped=0 | Highway=001 | Side=100 | Walk=0
Time=362085000 | Ped=0 | Highway=010 | Side=100 | Walk=0
Time=362115000 | Ped=0 | Highway=100 | Side=001 | Walk=0
Time=362175000 | Ped=0 | Highway=001 | Side=100 | Walk=0
Time=362235000 | Ped=0 | Highway=010 | Side=100 | Walk=0
Time=362265000 | Ped=0 | Highway=100 | Side=001 | Walk=0
Time=362325000 | Ped=0 | Highway=001 | Side=100 | Walk=0
Time=362385000 | Ped=0 | Highway=010 | Side=100 | Walk=0
Time=362415000 | Ped=0 | Highway=100 | Side=001 | Walk=0
Time=362475000 | Ped=0 | Highway=001 | Side=100 | Walk=0
Time=362535000 | Ped=0 | Highway=010 | Side=100 | Walk=0
Time=362565000 | Ped=0 | Highway=100 | Side=001 | Walk=0
Time=362625000 | Ped=0 | Highway=001 | Side=100 | Walk=0
Time=362685000 | Ped=0 | Highway=010 | Side=100 | Walk=0
Time=362715000 | Ped=0 | Highway=100 | Side=001 | Walk=0
Time=362775000 | Ped=0 | Highway=001 | Side=100 | Walk=0
Time=362835000 | Ped=0 | Highway=010 | Side=100 | Walk=0
Time=362865000 | Ped=0 | Highway=100 | Side=001 | Walk=0
Time=362925000 | Ped=0 | Highway=001 | Side=100 | Walk=0
Time=362985000 | Ped=0 | Highway=010 | Side=100 | Walk=0
Time=363015000 | Ped=0 | Highway=100 | Side=001 | Walk=0
Time=363075000 | Ped=0 | Highway=001 | Side=100 | Walk=0
Time=363135000 | Ped=0 | Highway=010 | Side=100 | Walk=0
Time=363165000 | Ped=0 | Highway=100 | Side=001 | Walk=0
Time=363225000 | Ped=0 | Highway=001 | Side=100 | Walk=0
Time=363285000 | Ped=0 | Highway=010 | Side=100 | Walk=0
Time=363315000 | Ped=0 | Highway=100 | Side=001 | Walk=0
Time=363375000 | Ped=0 | Highway=001 | Side=100 | Walk=0
Time=363435000 | Ped=0 | Highway=010 | Side=100 | Walk=0
Time=363465000 | Ped=0 | Highway=100 | Side=001 | Walk=0
Time=363525000 | Ped=0 | Highway=001 | Side=100 | Walk=0
Time=363585000 | Ped=0 | Highway=010 | Side=100 | Walk=0
Time=363615000 | Ped=0 | Highway=100 | Side=001 | Walk=0
Time=363675000 | Ped=0 | Highway=001 | Side=100 | Walk=0
Time=363735000 | Ped=0 | Highway=010 | Side=100 | Walk=0
Time=363765000 | Ped=0 | Highway=100 | Side=001 | Walk=0
Time=363825000 | Ped=0 | Highway=001 | Side=100 | Walk=0
Time=363885000 | Ped=0 | Highway=010 | Side=100 | Walk=0
Time=363915000 | Ped=0 | Highway=100 | Side=001 | Walk=0
Time=363975000 | Ped=0 | Highway=001 | Side=100 | Walk=0
Time=364035000 | Ped=0 | Highway=010 | Side=100 | Walk=0
Time=364065000 | Ped=0 | Highway=100 | Side=001 | Walk=0
Time=364125000 | Ped=0 | Highway=001 | Side=100 | Walk=0
Time=364185000 | Ped=0 | Highway=010 | Side=100 | Walk=0
Time=364215000 | Ped=0 | Highway=100 | Side=001 | Walk=0
Time=364275000 | Ped=0 | Highway=001 | Side=100 | Walk=0
Time=364335000 | Ped=0 | Highway=010 | Side=100 | Walk=0
Time=364365000 | Ped=0 | Highway=100 | Side=001 | Walk=0
Time=364425000 | Ped=0 | Highway=001 | Side=100 | Walk=0
Time=364485000 | Ped=0 | Highway=010 | Side=100 | Walk=0
Time=364515000 | Ped=0 | Highway=100 | Side=001 | Walk=0
Time=364575000 | Ped=0 | Highway=001 | Side=100 | Walk=0
Time=364635000 | Ped=0 | Highway=010 | Side=100 | Walk=0
Time=364665000 | Ped=0 | Highway=100 | Side=001 | Walk=0
Time=364725000 | Ped=0 | Highway=001 | Side=100 | Walk=0
Time=364785000 | Ped=0 | Highway=010 | Side=100 | Walk=0
Time=364815000 | Ped=0 | Highway=100 | Side=001 | Walk=0
Time=364875000 | Ped=0 | Highway=001 | Side=100 | Walk=0
Time=364935000 | Ped=0 | Highway=010 | Side=100 | Walk=0
Time=364965000 | Ped=0 | Highway=100 | Side=001 | Walk=0
Time=365025000 | Ped=0 | Highway=001 | Side=100 | Walk=0
Time=365085000 | Ped=0 | Highway=010 | Side=100 | Walk=0
Time=365115000 | Ped=0 | Highway=100 | Side=001 | Walk=0
Time=365175000 | Ped=0 | Highway=001 | Side=100 | Walk=0
Time=365235000 | Ped=0 | Highway=010 | Side=100 | Walk=0
Time=365265000 | Ped=0 | Highway=100 | Side=001 | Walk=0
Time=365325000 | Ped=0 | Highway=001 | Side=100 | Walk=0
Time=365385000 | Ped=0 | Highway=010 | Side=100 | Walk=0
Time=365415000 | Ped=0 | Highway=100 | Side=001 | Walk=0
Time=365475000 | Ped=0 | Highway=001 | Side=100 | Walk=0
Time=365535000 | Ped=0 | Highway=010 | Side=100 | Walk=0
Time=365565000 | Ped=0 | Highway=100 | Side=001 | Walk=0
Time=365625000 | Ped=0 | Highway=001 | Side=100 | Walk=0
Time=365685000 | Ped=0 | Highway=010 | Side=100 | Walk=0
Time=365715000 | Ped=0 | Highway=100 | Side=001 | Walk=0
Time=365775000 | Ped=0 | Highway=001 | Side=100 | Walk=0
Time=365835000 | Ped=0 | Highway=010 | Side=100 | Walk=0
Time=365865000 | Ped=0 | Highway=100 | Side=001 | Walk=0
Time=365925000 | Ped=0 | Highway=001 | Side=100 | Walk=0
Time=365985000 | Ped=0 | Highway=010 | Side=100 | Walk=0
Time=366015000 | Ped=0 | Highway=100 | Side=001 | Walk=0
Time=366075000 | Ped=0 | Highway=001 | Side=100 | Walk=0
Time=366135000 | Ped=0 | Highway=010 | Side=100 | Walk=0
Time=366165000 | Ped=0 | Highway=100 | Side=001 | Walk=0
Time=366225000 | Ped=0 | Highway=001 | Side=100 | Walk=0
Time=366285000 | Ped=0 | Highway=010 | Side=100 | Walk=0
Time=366315000 | Ped=0 | Highway=100 | Side=001 | Walk=0
Time=366375000 | Ped=0 | Highway=001 | Side=100 | Walk=0
Time=366435000 | Ped=0 | Highway=010 | Side=100 | Walk=0
Time=366465000 | Ped=0 | Highway=100 | Side=001 | Walk=0
Time=366525000 | Ped=0 | Highway=001 | Side=100 | Walk=0
Time=366585000 | Ped=0 | Highway=010 | Side=100 | Walk=0
Time=366615000 | Ped=0 | Highway=100 | Side=001 | Walk=0
Time=366675000 | Ped=0 | Highway=001 | Side=100 | Walk=0
Time=366735000 | Ped=0 | Highway=010 | Side=100 | Walk=0
Time=366765000 | Ped=0 | Highway=100 | Side=001 | Walk=0
Time=366825000 | Ped=0 | Highway=001 | Side=100 | Walk=0
Time=366885000 | Ped=0 | Highway=010 | Side=100 | Walk=0
Time=366915000 | Ped=0 | Highway=100 | Side=001 | Walk=0
Time=366975000 | Ped=0 | Highway=001 | Side=100 | Walk=0
Time=367035000 | Ped=0 | Highway=010 | Side=100 | Walk=0
Time=367065000 | Ped=0 | Highway=100 | Side=001 | Walk=0
Time=367125000 | Ped=0 | Highway=001 | Side=100 | Walk=0
Time=367185000 | Ped=0 | Highway=010 | Side=100 | Walk=0
Time=367215000 | Ped=0 | Highway=100 | Side=001 | Walk=0
Time=367275000 | Ped=0 | Highway=001 | Side=100 | Walk=0
Time=367335000 | Ped=0 | Highway=010 | Side=100 | Walk=0
Time=367365000 | Ped=0 | Highway=100 | Side=001 | Walk=0
Time=367425000 | Ped=0 | Highway=001 | Side=100 | Walk=0
Time=367485000 | Ped=0 | Highway=010 | Side=100 | Walk=0
Time=367515000 | Ped=0 | Highway=100 | Side=001 | Walk=0
Time=367575000 | Ped=0 | Highway=001 | Side=100 | Walk=0
Time=367635000 | Ped=0 | Highway=010 | Side=100 | Walk=0
Time=367665000 | Ped=0 | Highway=100 | Side=001 | Walk=0
Time=367725000 | Ped=0 | Highway=001 | Side=100 | Walk=0
Time=367785000 | Ped=0 | Highway=010 | Side=100 | Walk=0
Time=367815000 | Ped=0 | Highway=100 | Side=001 | Walk=0
Time=367875000 | Ped=0 | Highway=001 | Side=100 | Walk=0
Time=367935000 | Ped=0 | Highway=010 | Side=100 | Walk=0
Time=367965000 | Ped=0 | Highway=100 | Side=001 | Walk=0
Time=368025000 | Ped=0 | Highway=001 | Side=100 | Walk=0
Time=368085000 | Ped=0 | Highway=010 | Side=100 | Walk=0
Time=368115000 | Ped=0 | Highway=100 | Side=001 | Walk=0
Time=368175000 | Ped=0 | Highway=001 | Side=100 | Walk=0
Time=368235000 | Ped=0 | Highway=010 | Side=100 | Walk=0
Time=368265000 | Ped=0 | Highway=100 | Side=001 | Walk=0
Time=368325000 | Ped=0 | Highway=001 | Side=100 | Walk=0
Time=368385000 | Ped=0 | Highway=010 | Side=100 | Walk=0
Time=368415000 | Ped=0 | Highway=100 | Side=001 | Walk=0
Time=368475000 | Ped=0 | Highway=001 | Side=100 | Walk=0
Time=368535000 | Ped=0 | Highway=010 | Side=100 | Walk=0
Time=368565000 | Ped=0 | Highway=100 | Side=001 | Walk=0
Time=368625000 | Ped=0 | Highway=001 | Side=100 | Walk=0
Time=368685000 | Ped=0 | Highway=010 | Side=100 | Walk=0
Time=368715000 | Ped=0 | Highway=100 | Side=001 | Walk=0
Time=368775000 | Ped=0 | Highway=001 | Side=100 | Walk=0
Time=368835000 | Ped=0 | Highway=010 | Side=100 | Walk=0
Time=368865000 | Ped=0 | Highway=100 | Side=001 | Walk=0
Time=368925000 | Ped=0 | Highway=001 | Side=100 | Walk=0
Time=368985000 | Ped=0 | Highway=010 | Side=100 | Walk=0
Time=369015000 | Ped=0 | Highway=100 | Side=001 | Walk=0
Time=369075000 | Ped=0 | Highway=001 | Side=100 | Walk=0
Time=369135000 | Ped=0 | Highway=010 | Side=100 | Walk=0
Time=369165000 | Ped=0 | Highway=100 | Side=001 | Walk=0
Time=369225000 | Ped=0 | Highway=001 | Side=100 | Walk=0
Time=369285000 | Ped=0 | Highway=010 | Side=100 | Walk=0
Time=369315000 | Ped=0 | Highway=100 | Side=001 | Walk=0
Time=369375000 | Ped=0 | Highway=001 | Side=100 | Walk=0
Time=369435000 | Ped=0 | Highway=010 | Side=100 | Walk=0
Time=369465000 | Ped=0 | Highway=100 | Side=001 | Walk=0
Time=369525000 | Ped=0 | Highway=001 | Side=100 | Walk=0
Time=369585000 | Ped=0 | Highway=010 | Side=100 | Walk=0
Time=369615000 | Ped=0 | Highway=100 | Side=001 | Walk=0
Time=369675000 | Ped=0 | Highway=001 | Side=100 | Walk=0
Time=369735000 | Ped=0 | Highway=010 | Side=100 | Walk=0
Time=369765000 | Ped=0 | Highway=100 | Side=001 | Walk=0
Time=369825000 | Ped=0 | Highway=001 | Side=100 | Walk=0
Time=369885000 | Ped=0 | Highway=010 | Side=100 | Walk=0
Time=369915000 | Ped=0 | Highway=100 | Side=001 | Walk=0
Time=369975000 | Ped=0 | Highway=001 | Side=100 | Walk=0
Time=370035000 | Ped=0 | Highway=010 | Side=100 | Walk=0
Time=370065000 | Ped=0 | Highway=100 | Side=001 | Walk=0
Time=370125000 | Ped=0 | Highway=001 | Side=100 | Walk=0
Time=370185000 | Ped=0 | Highway=010 | Side=100 | Walk=0
Time=370215000 | Ped=0 | Highway=100 | Side=001 | Walk=0
Time=370275000 | Ped=0 | Highway=001 | Side=100 | Walk=0
Time=370335000 | Ped=0 | Highway=010 | Side=100 | Walk=0
Time=370365000 | Ped=0 | Highway=100 | Side=001 | Walk=0
Time=370425000 | Ped=0 | Highway=001 | Side=100 | Walk=0
Time=370485000 | Ped=0 | Highway=010 | Side=100 | Walk=0
Time=370515000 | Ped=0 | Highway=100 | Side=001 | Walk=0
Time=370575000 | Ped=0 | Highway=001 | Side=100 | Walk=0
Time=370635000 | Ped=0 | Highway=010 | Side=100 | Walk=0
Time=370665000 | Ped=0 | Highway=100 | Side=001 | Walk=0
Time=370725000 | Ped=0 | Highway=001 | Side=100 | Walk=0
Time=370785000 | Ped=0 | Highway=010 | Side=100 | Walk=0
Time=370815000 | Ped=0 | Highway=100 | Side=001 | Walk=0
Time=370875000 | Ped=0 | Highway=001 | Side=100 | Walk=0
Time=370935000 | Ped=0 | Highway=010 | Side=100 | Walk=0
Time=370965000 | Ped=0 | Highway=100 | Side=001 | Walk=0
Time=371025000 | Ped=0 | Highway=001 | Side=100 | Walk=0
Time=371085000 | Ped=0 | Highway=010 | Side=100 | Walk=0
Time=371115000 | Ped=0 | Highway=100 | Side=001 | Walk=0
Time=371175000 | Ped=0 | Highway=001 | Side=100 | Walk=0
Time=371235000 | Ped=0 | Highway=010 | Side=100 | Walk=0
Time=371265000 | Ped=0 | Highway=100 | Side=001 | Walk=0
Time=371325000 | Ped=0 | Highway=001 | Side=100 | Walk=0
Time=371385000 | Ped=0 | Highway=010 | Side=100 | Walk=0
Time=371415000 | Ped=0 | Highway=100 | Side=001 | Walk=0
Time=371475000 | Ped=0 | Highway=001 | Side=100 | Walk=0
Time=371535000 | Ped=0 | Highway=010 | Side=100 | Walk=0
Time=371565000 | Ped=0 | Highway=100 | Side=001 | Walk=0
Time=371625000 | Ped=0 | Highway=001 | Side=100 | Walk=0
Time=371685000 | Ped=0 | Highway=010 | Side=100 | Walk=0
Time=371715000 | Ped=0 | Highway=100 | Side=001 | Walk=0
Time=371775000 | Ped=0 | Highway=001 | Side=100 | Walk=0
Time=371835000 | Ped=0 | Highway=010 | Side=100 | Walk=0
Time=371865000 | Ped=0 | Highway=100 | Side=001 | Walk=0
Time=371925000 | Ped=0 | Highway=001 | Side=100 | Walk=0
Time=371985000 | Ped=0 | Highway=010 | Side=100 | Walk=0
Time=372015000 | Ped=0 | Highway=100 | Side=001 | Walk=0
Time=372075000 | Ped=0 | Highway=001 | Side=100 | Walk=0
Time=372135000 | Ped=0 | Highway=010 | Side=100 | Walk=0
Time=372165000 | Ped=0 | Highway=100 | Side=001 | Walk=0
Time=372225000 | Ped=0 | Highway=001 | Side=100 | Walk=0
Time=372285000 | Ped=0 | Highway=010 | Side=100 | Walk=0
Time=372315000 | Ped=0 | Highway=100 | Side=001 | Walk=0
Time=372375000 | Ped=0 | Highway=001 | Side=100 | Walk=0
Time=372435000 | Ped=0 | Highway=010 | Side=100 | Walk=0
Time=372465000 | Ped=0 | Highway=100 | Side=001 | Walk=0
Time=372525000 | Ped=0 | Highway=001 | Side=100 | Walk=0
Time=372585000 | Ped=0 | Highway=010 | Side=100 | Walk=0
Time=372615000 | Ped=0 | Highway=100 | Side=001 | Walk=0
Time=372675000 | Ped=0 | Highway=001 | Side=100 | Walk=0
Time=372735000 | Ped=0 | Highway=010 | Side=100 | Walk=0
Time=372765000 | Ped=0 | Highway=100 | Side=001 | Walk=0
Time=372825000 | Ped=0 | Highway=001 | Side=100 | Walk=0
Time=372885000 | Ped=0 | Highway=010 | Side=100 | Walk=0
Time=372915000 | Ped=0 | Highway=100 | Side=001 | Walk=0
Time=372975000 | Ped=0 | Highway=001 | Side=100 | Walk=0
Time=373035000 | Ped=0 | Highway=010 | Side=100 | Walk=0
Time=373065000 | Ped=0 | Highway=100 | Side=001 | Walk=0
Time=373125000 | Ped=0 | Highway=001 | Side=100 | Walk=0
Time=373185000 | Ped=0 | Highway=010 | Side=100 | Walk=0
Time=373215000 | Ped=0 | Highway=100 | Side=001 | Walk=0
Time=373275000 | Ped=0 | Highway=001 | Side=100 | Walk=0
Time=373335000 | Ped=0 | Highway=010 | Side=100 | Walk=0
Time=373365000 | Ped=0 | Highway=100 | Side=001 | Walk=0
Time=373425000 | Ped=0 | Highway=001 | Side=100 | Walk=0
Time=373485000 | Ped=0 | Highway=010 | Side=100 | Walk=0
Time=373515000 | Ped=0 | Highway=100 | Side=001 | Walk=0
Time=373575000 | Ped=0 | Highway=001 | Side=100 | Walk=0
Time=373635000 | Ped=0 | Highway=010 | Side=100 | Walk=0
Time=373665000 | Ped=0 | Highway=100 | Side=001 | Walk=0
Time=373725000 | Ped=0 | Highway=001 | Side=100 | Walk=0
Time=373785000 | Ped=0 | Highway=010 | Side=100 | Walk=0
Time=373815000 | Ped=0 | Highway=100 | Side=001 | Walk=0
Time=373875000 | Ped=0 | Highway=001 | Side=100 | Walk=0
Time=373935000 | Ped=0 | Highway=010 | Side=100 | Walk=0
Time=373965000 | Ped=0 | Highway=100 | Side=001 | Walk=0
Time=374025000 | Ped=0 | Highway=001 | Side=100 | Walk=0
Time=374085000 | Ped=0 | Highway=010 | Side=100 | Walk=0
Time=374115000 | Ped=0 | Highway=100 | Side=001 | Walk=0
Time=374175000 | Ped=0 | Highway=001 | Side=100 | Walk=0
Time=374235000 | Ped=0 | Highway=010 | Side=100 | Walk=0
Time=374265000 | Ped=0 | Highway=100 | Side=001 | Walk=0
Time=374325000 | Ped=0 | Highway=001 | Side=100 | Walk=0
Time=374385000 | Ped=0 | Highway=010 | Side=100 | Walk=0
Time=374415000 | Ped=0 | Highway=100 | Side=001 | Walk=0
Time=374475000 | Ped=0 | Highway=001 | Side=100 | Walk=0
Time=374535000 | Ped=0 | Highway=010 | Side=100 | Walk=0
Time=374565000 | Ped=0 | Highway=100 | Side=001 | Walk=0
Time=374625000 | Ped=0 | Highway=001 | Side=100 | Walk=0
Time=374685000 | Ped=0 | Highway=010 | Side=100 | Walk=0
Time=374715000 | Ped=0 | Highway=100 | Side=001 | Walk=0
Time=374775000 | Ped=0 | Highway=001 | Side=100 | Walk=0
Time=374835000 | Ped=0 | Highway=010 | Side=100 | Walk=0
Time=374865000 | Ped=0 | Highway=100 | Side=001 | Walk=0
Time=374925000 | Ped=0 | Highway=001 | Side=100 | Walk=0
Time=374985000 | Ped=0 | Highway=010 | Side=100 | Walk=0
Time=375015000 | Ped=0 | Highway=100 | Side=001 | Walk=0
Time=375075000 | Ped=0 | Highway=001 | Side=100 | Walk=0
Time=375135000 | Ped=0 | Highway=010 | Side=100 | Walk=0
Time=375165000 | Ped=0 | Highway=100 | Side=001 | Walk=0
Time=375225000 | Ped=0 | Highway=001 | Side=100 | Walk=0
Time=375285000 | Ped=0 | Highway=010 | Side=100 | Walk=0
Time=375315000 | Ped=0 | Highway=100 | Side=001 | Walk=0
Time=375375000 | Ped=0 | Highway=001 | Side=100 | Walk=0
Time=375435000 | Ped=0 | Highway=010 | Side=100 | Walk=0
Time=375465000 | Ped=0 | Highway=100 | Side=001 | Walk=0
Time=375525000 | Ped=0 | Highway=001 | Side=100 | Walk=0
Time=375585000 | Ped=0 | Highway=010 | Side=100 | Walk=0
Time=375615000 | Ped=0 | Highway=100 | Side=001 | Walk=0
Time=375675000 | Ped=0 | Highway=001 | Side=100 | Walk=0
Time=375735000 | Ped=0 | Highway=010 | Side=100 | Walk=0
Time=375765000 | Ped=0 | Highway=100 | Side=001 | Walk=0
Time=375825000 | Ped=0 | Highway=001 | Side=100 | Walk=0
Time=375885000 | Ped=0 | Highway=010 | Side=100 | Walk=0
Time=375915000 | Ped=0 | Highway=100 | Side=001 | Walk=0
Time=375975000 | Ped=0 | Highway=001 | Side=100 | Walk=0
Time=376035000 | Ped=0 | Highway=010 | Side=100 | Walk=0
Time=376065000 | Ped=0 | Highway=100 | Side=001 | Walk=0
Time=376125000 | Ped=0 | Highway=001 | Side=100 | Walk=0
Time=376185000 | Ped=0 | Highway=010 | Side=100 | Walk=0
Time=376215000 | Ped=0 | Highway=100 | Side=001 | Walk=0
Time=376275000 | Ped=0 | Highway=001 | Side=100 | Walk=0
Time=376335000 | Ped=0 | Highway=010 | Side=100 | Walk=0
Time=376365000 | Ped=0 | Highway=100 | Side=001 | Walk=0
Time=376425000 | Ped=0 | Highway=001 | Side=100 | Walk=0
Time=376485000 | Ped=0 | Highway=010 | Side=100 | Walk=0
Time=376515000 | Ped=0 | Highway=100 | Side=001 | Walk=0
Time=376575000 | Ped=0 | Highway=001 | Side=100 | Walk=0
Time=376635000 | Ped=0 | Highway=010 | Side=100 | Walk=0
Time=376665000 | Ped=0 | Highway=100 | Side=001 | Walk=0
Time=376725000 | Ped=0 | Highway=001 | Side=100 | Walk=0
Time=376785000 | Ped=0 | Highway=010 | Side=100 | Walk=0
Time=376815000 | Ped=0 | Highway=100 | Side=001 | Walk=0
Time=376875000 | Ped=0 | Highway=001 | Side=100 | Walk=0
Time=376935000 | Ped=0 | Highway=010 | Side=100 | Walk=0
Time=376965000 | Ped=0 | Highway=100 | Side=001 | Walk=0
Time=377025000 | Ped=0 | Highway=001 | Side=100 | Walk=0
Time=377085000 | Ped=0 | Highway=010 | Side=100 | Walk=0
Time=377115000 | Ped=0 | Highway=100 | Side=001 | Walk=0
Time=377175000 | Ped=0 | Highway=001 | Side=100 | Walk=0
Time=377235000 | Ped=0 | Highway=010 | Side=100 | Walk=0
Time=377265000 | Ped=0 | Highway=100 | Side=001 | Walk=0
Time=377325000 | Ped=0 | Highway=001 | Side=100 | Walk=0
Time=377385000 | Ped=0 | Highway=010 | Side=100 | Walk=0
Time=377415000 | Ped=0 | Highway=100 | Side=001 | Walk=0
Time=377475000 | Ped=0 | Highway=001 | Side=100 | Walk=0
Time=377535000 | Ped=0 | Highway=010 | Side=100 | Walk=0
Time=377565000 | Ped=0 | Highway=100 | Side=001 | Walk=0
Time=377625000 | Ped=0 | Highway=001 | Side=100 | Walk=0
Time=377685000 | Ped=0 | Highway=010 | Side=100 | Walk=0
Time=377715000 | Ped=0 | Highway=100 | Side=001 | Walk=0
Time=377775000 | Ped=0 | Highway=001 | Side=100 | Walk=0
Time=377835000 | Ped=0 | Highway=010 | Side=100 | Walk=0
Time=377865000 | Ped=0 | Highway=100 | Side=001 | Walk=0
Time=377925000 | Ped=0 | Highway=001 | Side=100 | Walk=0
Time=377985000 | Ped=0 | Highway=010 | Side=100 | Walk=0
Time=378015000 | Ped=0 | Highway=100 | Side=001 | Walk=0
Time=378075000 | Ped=0 | Highway=001 | Side=100 | Walk=0
Time=378135000 | Ped=0 | Highway=010 | Side=100 | Walk=0
Time=378165000 | Ped=0 | Highway=100 | Side=001 | Walk=0
Time=378225000 | Ped=0 | Highway=001 | Side=100 | Walk=0
Time=378285000 | Ped=0 | Highway=010 | Side=100 | Walk=0
Time=378315000 | Ped=0 | Highway=100 | Side=001 | Walk=0
Time=378375000 | Ped=0 | Highway=001 | Side=100 | Walk=0
Time=378435000 | Ped=0 | Highway=010 | Side=100 | Walk=0
Time=378465000 | Ped=0 | Highway=100 | Side=001 | Walk=0
Time=378525000 | Ped=0 | Highway=001 | Side=100 | Walk=0
Time=378585000 | Ped=0 | Highway=010 | Side=100 | Walk=0
Time=378615000 | Ped=0 | Highway=100 | Side=001 | Walk=0
Time=378675000 | Ped=0 | Highway=001 | Side=100 | Walk=0
Time=378735000 | Ped=0 | Highway=010 | Side=100 | Walk=0
Time=378765000 | Ped=0 | Highway=100 | Side=001 | Walk=0
Time=378825000 | Ped=0 | Highway=001 | Side=100 | Walk=0
Time=378885000 | Ped=0 | Highway=010 | Side=100 | Walk=0
Time=378915000 | Ped=0 | Highway=100 | Side=001 | Walk=0
Time=378975000 | Ped=0 | Highway=001 | Side=100 | Walk=0
Time=379035000 | Ped=0 | Highway=010 | Side=100 | Walk=0
Time=379065000 | Ped=0 | Highway=100 | Side=001 | Walk=0
Time=379125000 | Ped=0 | Highway=001 | Side=100 | Walk=0
Time=379185000 | Ped=0 | Highway=010 | Side=100 | Walk=0
Time=379215000 | Ped=0 | Highway=100 | Side=001 | Walk=0
Time=379275000 | Ped=0 | Highway=001 | Side=100 | Walk=0
Time=379335000 | Ped=0 | Highway=010 | Side=100 | Walk=0
Time=379365000 | Ped=0 | Highway=100 | Side=001 | Walk=0
Time=379425000 | Ped=0 | Highway=001 | Side=100 | Walk=0
Time=379485000 | Ped=0 | Highway=010 | Side=100 | Walk=0
Time=379515000 | Ped=0 | Highway=100 | Side=001 | Walk=0
Time=379575000 | Ped=0 | Highway=001 | Side=100 | Walk=0
Time=379635000 | Ped=0 | Highway=010 | Side=100 | Walk=0
Time=379665000 | Ped=0 | Highway=100 | Side=001 | Walk=0
Time=379725000 | Ped=0 | Highway=001 | Side=100 | Walk=0
Time=379785000 | Ped=0 | Highway=010 | Side=100 | Walk=0
Time=379815000 | Ped=0 | Highway=100 | Side=001 | Walk=0
Time=379875000 | Ped=0 | Highway=001 | Side=100 | Walk=0
Time=379935000 | Ped=0 | Highway=010 | Side=100 | Walk=0
Time=379965000 | Ped=0 | Highway=100 | Side=001 | Walk=0
Time=380025000 | Ped=0 | Highway=001 | Side=100 | Walk=0
Time=380085000 | Ped=0 | Highway=010 | Side=100 | Walk=0
Time=380115000 | Ped=0 | Highway=100 | Side=001 | Walk=0
Time=380175000 | Ped=0 | Highway=001 | Side=100 | Walk=0
Time=380235000 | Ped=0 | Highway=010 | Side=100 | Walk=0
Time=380265000 | Ped=0 | Highway=100 | Side=001 | Walk=0
Time=380325000 | Ped=0 | Highway=001 | Side=100 | Walk=0
Time=380385000 | Ped=0 | Highway=010 | Side=100 | Walk=0
Time=380415000 | Ped=0 | Highway=100 | Side=001 | Walk=0
Time=380475000 | Ped=0 | Highway=001 | Side=100 | Walk=0
Time=380535000 | Ped=0 | Highway=010 | Side=100 | Walk=0
Time=380565000 | Ped=0 | Highway=100 | Side=001 | Walk=0
Time=380625000 | Ped=0 | Highway=001 | Side=100 | Walk=0
Time=380685000 | Ped=0 | Highway=010 | Side=100 | Walk=0
Time=380715000 | Ped=0 | Highway=100 | Side=001 | Walk=0
Time=380775000 | Ped=0 | Highway=001 | Side=100 | Walk=0
Time=380835000 | Ped=0 | Highway=010 | Side=100 | Walk=0
Time=380865000 | Ped=0 | Highway=100 | Side=001 | Walk=0
Time=380925000 | Ped=0 | Highway=001 | Side=100 | Walk=0
Time=380985000 | Ped=0 | Highway=010 | Side=100 | Walk=0
Time=381015000 | Ped=0 | Highway=100 | Side=001 | Walk=0
Time=381075000 | Ped=0 | Highway=001 | Side=100 | Walk=0
Time=381135000 | Ped=0 | Highway=010 | Side=100 | Walk=0
Time=381165000 | Ped=0 | Highway=100 | Side=001 | Walk=0
Time=381225000 | Ped=0 | Highway=001 | Side=100 | Walk=0
Time=381285000 | Ped=0 | Highway=010 | Side=100 | Walk=0
Time=381315000 | Ped=0 | Highway=100 | Side=001 | Walk=0
Time=381375000 | Ped=0 | Highway=001 | Side=100 | Walk=0
Time=381435000 | Ped=0 | Highway=010 | Side=100 | Walk=0
Time=381465000 | Ped=0 | Highway=100 | Side=001 | Walk=0
Time=381525000 | Ped=0 | Highway=001 | Side=100 | Walk=0
Time=381585000 | Ped=0 | Highway=010 | Side=100 | Walk=0
Time=381615000 | Ped=0 | Highway=100 | Side=001 | Walk=0
Time=381675000 | Ped=0 | Highway=001 | Side=100 | Walk=0
Time=381735000 | Ped=0 | Highway=010 | Side=100 | Walk=0
Time=381765000 | Ped=0 | Highway=100 | Side=001 | Walk=0
Time=381825000 | Ped=0 | Highway=001 | Side=100 | Walk=0
Time=381885000 | Ped=0 | Highway=010 | Side=100 | Walk=0
Time=381915000 | Ped=0 | Highway=100 | Side=001 | Walk=0
Time=381975000 | Ped=0 | Highway=001 | Side=100 | Walk=0
Time=382035000 | Ped=0 | Highway=010 | Side=100 | Walk=0
Time=382065000 | Ped=0 | Highway=100 | Side=001 | Walk=0
Time=382125000 | Ped=0 | Highway=001 | Side=100 | Walk=0
Time=382185000 | Ped=0 | Highway=010 | Side=100 | Walk=0
Time=382215000 | Ped=0 | Highway=100 | Side=001 | Walk=0
Time=382275000 | Ped=0 | Highway=001 | Side=100 | Walk=0
Time=382335000 | Ped=0 | Highway=010 | Side=100 | Walk=0
Time=382365000 | Ped=0 | Highway=100 | Side=001 | Walk=0
Time=382425000 | Ped=0 | Highway=001 | Side=100 | Walk=0
Time=382485000 | Ped=0 | Highway=010 | Side=100 | Walk=0
Time=382515000 | Ped=0 | Highway=100 | Side=001 | Walk=0
Time=382575000 | Ped=0 | Highway=001 | Side=100 | Walk=0
Time=382635000 | Ped=0 | Highway=010 | Side=100 | Walk=0
Time=382665000 | Ped=0 | Highway=100 | Side=001 | Walk=0
Time=382725000 | Ped=0 | Highway=001 | Side=100 | Walk=0
Time=382785000 | Ped=0 | Highway=010 | Side=100 | Walk=0
Time=382815000 | Ped=0 | Highway=100 | Side=001 | Walk=0
Time=382875000 | Ped=0 | Highway=001 | Side=100 | Walk=0
Time=382935000 | Ped=0 | Highway=010 | Side=100 | Walk=0
Time=382965000 | Ped=0 | Highway=100 | Side=001 | Walk=0
Time=383025000 | Ped=0 | Highway=001 | Side=100 | Walk=0
Time=383085000 | Ped=0 | Highway=010 | Side=100 | Walk=0
Time=383115000 | Ped=0 | Highway=100 | Side=001 | Walk=0
Time=383175000 | Ped=0 | Highway=001 | Side=100 | Walk=0
Time=383235000 | Ped=0 | Highway=010 | Side=100 | Walk=0
Time=383265000 | Ped=0 | Highway=100 | Side=001 | Walk=0
Time=383325000 | Ped=0 | Highway=001 | Side=100 | Walk=0
Time=383385000 | Ped=0 | Highway=010 | Side=100 | Walk=0
Time=383415000 | Ped=0 | Highway=100 | Side=001 | Walk=0
Time=383475000 | Ped=0 | Highway=001 | Side=100 | Walk=0
Time=383535000 | Ped=0 | Highway=010 | Side=100 | Walk=0
Time=383565000 | Ped=0 | Highway=100 | Side=001 | Walk=0
Time=383625000 | Ped=0 | Highway=001 | Side=100 | Walk=0
Time=383685000 | Ped=0 | Highway=010 | Side=100 | Walk=0
Time=383715000 | Ped=0 | Highway=100 | Side=001 | Walk=0
Time=383775000 | Ped=0 | Highway=001 | Side=100 | Walk=0
Time=383835000 | Ped=0 | Highway=010 | Side=100 | Walk=0
Time=383865000 | Ped=0 | Highway=100 | Side=001 | Walk=0
Time=383925000 | Ped=0 | Highway=001 | Side=100 | Walk=0
Time=383985000 | Ped=0 | Highway=010 | Side=100 | Walk=0
Time=384015000 | Ped=0 | Highway=100 | Side=001 | Walk=0
Time=384075000 | Ped=0 | Highway=001 | Side=100 | Walk=0
Time=384135000 | Ped=0 | Highway=010 | Side=100 | Walk=0
Time=384165000 | Ped=0 | Highway=100 | Side=001 | Walk=0
Time=384225000 | Ped=0 | Highway=001 | Side=100 | Walk=0
Time=384285000 | Ped=0 | Highway=010 | Side=100 | Walk=0
Time=384315000 | Ped=0 | Highway=100 | Side=001 | Walk=0
Time=384375000 | Ped=0 | Highway=001 | Side=100 | Walk=0
Time=384435000 | Ped=0 | Highway=010 | Side=100 | Walk=0
Time=384465000 | Ped=0 | Highway=100 | Side=001 | Walk=0
Time=384525000 | Ped=0 | Highway=001 | Side=100 | Walk=0
Time=384585000 | Ped=0 | Highway=010 | Side=100 | Walk=0
Time=384615000 | Ped=0 | Highway=100 | Side=001 | Walk=0
Time=384675000 | Ped=0 | Highway=001 | Side=100 | Walk=0
Time=384735000 | Ped=0 | Highway=010 | Side=100 | Walk=0
Time=384765000 | Ped=0 | Highway=100 | Side=001 | Walk=0
Time=384825000 | Ped=0 | Highway=001 | Side=100 | Walk=0
Time=384885000 | Ped=0 | Highway=010 | Side=100 | Walk=0
Time=384915000 | Ped=0 | Highway=100 | Side=001 | Walk=0
Time=384975000 | Ped=0 | Highway=001 | Side=100 | Walk=0
Time=385035000 | Ped=0 | Highway=010 | Side=100 | Walk=0
Time=385065000 | Ped=0 | Highway=100 | Side=001 | Walk=0
Time=385125000 | Ped=0 | Highway=001 | Side=100 | Walk=0
Time=385185000 | Ped=0 | Highway=010 | Side=100 | Walk=0
Time=385215000 | Ped=0 | Highway=100 | Side=001 | Walk=0
Time=385275000 | Ped=0 | Highway=001 | Side=100 | Walk=0
Time=385335000 | Ped=0 | Highway=010 | Side=100 | Walk=0
Time=385365000 | Ped=0 | Highway=100 | Side=001 | Walk=0
Time=385425000 | Ped=0 | Highway=001 | Side=100 | Walk=0
Time=385485000 | Ped=0 | Highway=010 | Side=100 | Walk=0
Time=385515000 | Ped=0 | Highway=100 | Side=001 | Walk=0
Time=385575000 | Ped=0 | Highway=001 | Side=100 | Walk=0
Time=385635000 | Ped=0 | Highway=010 | Side=100 | Walk=0
Time=385665000 | Ped=0 | Highway=100 | Side=001 | Walk=0
Time=385725000 | Ped=0 | Highway=001 | Side=100 | Walk=0
Time=385785000 | Ped=0 | Highway=010 | Side=100 | Walk=0
Time=385815000 | Ped=0 | Highway=100 | Side=001 | Walk=0
Time=385875000 | Ped=0 | Highway=001 | Side=100 | Walk=0
Time=385935000 | Ped=0 | Highway=010 | Side=100 | Walk=0
Time=385965000 | Ped=0 | Highway=100 | Side=001 | Walk=0
Time=386025000 | Ped=0 | Highway=001 | Side=100 | Walk=0
Time=386085000 | Ped=0 | Highway=010 | Side=100 | Walk=0
Time=386115000 | Ped=0 | Highway=100 | Side=001 | Walk=0
Time=386175000 | Ped=0 | Highway=001 | Side=100 | Walk=0
Time=386235000 | Ped=0 | Highway=010 | Side=100 | Walk=0
Time=386265000 | Ped=0 | Highway=100 | Side=001 | Walk=0
Time=386325000 | Ped=0 | Highway=001 | Side=100 | Walk=0
Time=386385000 | Ped=0 | Highway=010 | Side=100 | Walk=0
Time=386415000 | Ped=0 | Highway=100 | Side=001 | Walk=0
Time=386475000 | Ped=0 | Highway=001 | Side=100 | Walk=0
Time=386535000 | Ped=0 | Highway=010 | Side=100 | Walk=0
Time=386565000 | Ped=0 | Highway=100 | Side=001 | Walk=0
Time=386625000 | Ped=0 | Highway=001 | Side=100 | Walk=0
Time=386685000 | Ped=0 | Highway=010 | Side=100 | Walk=0
Time=386715000 | Ped=0 | Highway=100 | Side=001 | Walk=0
Time=386775000 | Ped=0 | Highway=001 | Side=100 | Walk=0
Time=386835000 | Ped=0 | Highway=010 | Side=100 | Walk=0
Time=386865000 | Ped=0 | Highway=100 | Side=001 | Walk=0
Time=386925000 | Ped=0 | Highway=001 | Side=100 | Walk=0
Time=386985000 | Ped=0 | Highway=010 | Side=100 | Walk=0
Time=387015000 | Ped=0 | Highway=100 | Side=001 | Walk=0
Time=387075000 | Ped=0 | Highway=001 | Side=100 | Walk=0
Time=387135000 | Ped=0 | Highway=010 | Side=100 | Walk=0
Time=387165000 | Ped=0 | Highway=100 | Side=001 | Walk=0
Time=387225000 | Ped=0 | Highway=001 | Side=100 | Walk=0
Time=387285000 | Ped=0 | Highway=010 | Side=100 | Walk=0
Time=387315000 | Ped=0 | Highway=100 | Side=001 | Walk=0
Time=387375000 | Ped=0 | Highway=001 | Side=100 | Walk=0
Time=387435000 | Ped=0 | Highway=010 | Side=100 | Walk=0
Time=387465000 | Ped=0 | Highway=100 | Side=001 | Walk=0
Time=387525000 | Ped=0 | Highway=001 | Side=100 | Walk=0
Time=387585000 | Ped=0 | Highway=010 | Side=100 | Walk=0
Time=387615000 | Ped=0 | Highway=100 | Side=001 | Walk=0
Time=387675000 | Ped=0 | Highway=001 | Side=100 | Walk=0
Time=387735000 | Ped=0 | Highway=010 | Side=100 | Walk=0
Time=387765000 | Ped=0 | Highway=100 | Side=001 | Walk=0
Time=387825000 | Ped=0 | Highway=001 | Side=100 | Walk=0
Time=387885000 | Ped=0 | Highway=010 | Side=100 | Walk=0
Time=387915000 | Ped=0 | Highway=100 | Side=001 | Walk=0
Time=387975000 | Ped=0 | Highway=001 | Side=100 | Walk=0
Time=388035000 | Ped=0 | Highway=010 | Side=100 | Walk=0
Time=388065000 | Ped=0 | Highway=100 | Side=001 | Walk=0
Time=388125000 | Ped=0 | Highway=001 | Side=100 | Walk=0
Time=388185000 | Ped=0 | Highway=010 | Side=100 | Walk=0
Time=388215000 | Ped=0 | Highway=100 | Side=001 | Walk=0
Time=388275000 | Ped=0 | Highway=001 | Side=100 | Walk=0
Time=388335000 | Ped=0 | Highway=010 | Side=100 | Walk=0
Time=388365000 | Ped=0 | Highway=100 | Side=001 | Walk=0
Time=388425000 | Ped=0 | Highway=001 | Side=100 | Walk=0
Time=388485000 | Ped=0 | Highway=010 | Side=100 | Walk=0
Time=388515000 | Ped=0 | Highway=100 | Side=001 | Walk=0
Time=388575000 | Ped=0 | Highway=001 | Side=100 | Walk=0
Time=388635000 | Ped=0 | Highway=010 | Side=100 | Walk=0
Time=388665000 | Ped=0 | Highway=100 | Side=001 | Walk=0
Time=388725000 | Ped=0 | Highway=001 | Side=100 | Walk=0
Time=388785000 | Ped=0 | Highway=010 | Side=100 | Walk=0
Time=388815000 | Ped=0 | Highway=100 | Side=001 | Walk=0
Time=388875000 | Ped=0 | Highway=001 | Side=100 | Walk=0
Time=388935000 | Ped=0 | Highway=010 | Side=100 | Walk=0
Time=388965000 | Ped=0 | Highway=100 | Side=001 | Walk=0
Time=389025000 | Ped=0 | Highway=001 | Side=100 | Walk=0
Time=389085000 | Ped=0 | Highway=010 | Side=100 | Walk=0
Time=389115000 | Ped=0 | Highway=100 | Side=001 | Walk=0
Time=389175000 | Ped=0 | Highway=001 | Side=100 | Walk=0
Time=389235000 | Ped=0 | Highway=010 | Side=100 | Walk=0
Time=389265000 | Ped=0 | Highway=100 | Side=001 | Walk=0
Time=389325000 | Ped=0 | Highway=001 | Side=100 | Walk=0
Time=389385000 | Ped=0 | Highway=010 | Side=100 | Walk=0
Time=389415000 | Ped=0 | Highway=100 | Side=001 | Walk=0
Time=389475000 | Ped=0 | Highway=001 | Side=100 | Walk=0
Time=389535000 | Ped=0 | Highway=010 | Side=100 | Walk=0
Time=389565000 | Ped=0 | Highway=100 | Side=001 | Walk=0
Time=389625000 | Ped=0 | Highway=001 | Side=100 | Walk=0
Time=389685000 | Ped=0 | Highway=010 | Side=100 | Walk=0
Time=389715000 | Ped=0 | Highway=100 | Side=001 | Walk=0
Time=389775000 | Ped=0 | Highway=001 | Side=100 | Walk=0
Time=389835000 | Ped=0 | Highway=010 | Side=100 | Walk=0
Time=389865000 | Ped=0 | Highway=100 | Side=001 | Walk=0
Time=389925000 | Ped=0 | Highway=001 | Side=100 | Walk=0
Time=389985000 | Ped=0 | Highway=010 | Side=100 | Walk=0
Time=390015000 | Ped=0 | Highway=100 | Side=001 | Walk=0
Time=390075000 | Ped=0 | Highway=001 | Side=100 | Walk=0
Time=390135000 | Ped=0 | Highway=010 | Side=100 | Walk=0
Time=390165000 | Ped=0 | Highway=100 | Side=001 | Walk=0
Time=390225000 | Ped=0 | Highway=001 | Side=100 | Walk=0
Time=390285000 | Ped=0 | Highway=010 | Side=100 | Walk=0
Time=390315000 | Ped=0 | Highway=100 | Side=001 | Walk=0
Time=390375000 | Ped=0 | Highway=001 | Side=100 | Walk=0
Time=390435000 | Ped=0 | Highway=010 | Side=100 | Walk=0
Time=390465000 | Ped=0 | Highway=100 | Side=001 | Walk=0
Time=390525000 | Ped=0 | Highway=001 | Side=100 | Walk=0
Time=390585000 | Ped=0 | Highway=010 | Side=100 | Walk=0
Time=390615000 | Ped=0 | Highway=100 | Side=001 | Walk=0
Time=390675000 | Ped=0 | Highway=001 | Side=100 | Walk=0
Time=390735000 | Ped=0 | Highway=010 | Side=100 | Walk=0
Time=390765000 | Ped=0 | Highway=100 | Side=001 | Walk=0
Time=390825000 | Ped=0 | Highway=001 | Side=100 | Walk=0
Time=390885000 | Ped=0 | Highway=010 | Side=100 | Walk=0
Time=390915000 | Ped=0 | Highway=100 | Side=001 | Walk=0
Time=390975000 | Ped=0 | Highway=001 | Side=100 | Walk=0
Time=391035000 | Ped=0 | Highway=010 | Side=100 | Walk=0
Time=391065000 | Ped=0 | Highway=100 | Side=001 | Walk=0
Time=391125000 | Ped=0 | Highway=001 | Side=100 | Walk=0
Time=391185000 | Ped=0 | Highway=010 | Side=100 | Walk=0
Time=391215000 | Ped=0 | Highway=100 | Side=001 | Walk=0
Time=391275000 | Ped=0 | Highway=001 | Side=100 | Walk=0
Time=391335000 | Ped=0 | Highway=010 | Side=100 | Walk=0
Time=391365000 | Ped=0 | Highway=100 | Side=001 | Walk=0
Time=391425000 | Ped=0 | Highway=001 | Side=100 | Walk=0
Time=391485000 | Ped=0 | Highway=010 | Side=100 | Walk=0
Time=391515000 | Ped=0 | Highway=100 | Side=001 | Walk=0
Time=391575000 | Ped=0 | Highway=001 | Side=100 | Walk=0
Time=391635000 | Ped=0 | Highway=010 | Side=100 | Walk=0
Time=391665000 | Ped=0 | Highway=100 | Side=001 | Walk=0
Time=391725000 | Ped=0 | Highway=001 | Side=100 | Walk=0
Time=391785000 | Ped=0 | Highway=010 | Side=100 | Walk=0
Time=391815000 | Ped=0 | Highway=100 | Side=001 | Walk=0
Time=391875000 | Ped=0 | Highway=001 | Side=100 | Walk=0
Time=391935000 | Ped=0 | Highway=010 | Side=100 | Walk=0
Time=391965000 | Ped=0 | Highway=100 | Side=001 | Walk=0
Time=392025000 | Ped=0 | Highway=001 | Side=100 | Walk=0
Time=392085000 | Ped=0 | Highway=010 | Side=100 | Walk=0
Time=392115000 | Ped=0 | Highway=100 | Side=001 | Walk=0
Time=392175000 | Ped=0 | Highway=001 | Side=100 | Walk=0
Time=392235000 | Ped=0 | Highway=010 | Side=100 | Walk=0
Time=392265000 | Ped=0 | Highway=100 | Side=001 | Walk=0
Time=392325000 | Ped=0 | Highway=001 | Side=100 | Walk=0
Time=392385000 | Ped=0 | Highway=010 | Side=100 | Walk=0
Time=392415000 | Ped=0 | Highway=100 | Side=001 | Walk=0
Time=392475000 | Ped=0 | Highway=001 | Side=100 | Walk=0
Time=392535000 | Ped=0 | Highway=010 | Side=100 | Walk=0
Time=392565000 | Ped=0 | Highway=100 | Side=001 | Walk=0
Time=392625000 | Ped=0 | Highway=001 | Side=100 | Walk=0
Time=392685000 | Ped=0 | Highway=010 | Side=100 | Walk=0
Time=392715000 | Ped=0 | Highway=100 | Side=001 | Walk=0
Time=392775000 | Ped=0 | Highway=001 | Side=100 | Walk=0
Time=392835000 | Ped=0 | Highway=010 | Side=100 | Walk=0
Time=392865000 | Ped=0 | Highway=100 | Side=001 | Walk=0
Time=392925000 | Ped=0 | Highway=001 | Side=100 | Walk=0
Time=392985000 | Ped=0 | Highway=010 | Side=100 | Walk=0
Time=393015000 | Ped=0 | Highway=100 | Side=001 | Walk=0
Time=393075000 | Ped=0 | Highway=001 | Side=100 | Walk=0
Time=393135000 | Ped=0 | Highway=010 | Side=100 | Walk=0
Time=393165000 | Ped=0 | Highway=100 | Side=001 | Walk=0
Time=393225000 | Ped=0 | Highway=001 | Side=100 | Walk=0
Time=393285000 | Ped=0 | Highway=010 | Side=100 | Walk=0
Time=393315000 | Ped=0 | Highway=100 | Side=001 | Walk=0
Time=393375000 | Ped=0 | Highway=001 | Side=100 | Walk=0
Time=393435000 | Ped=0 | Highway=010 | Side=100 | Walk=0
Time=393465000 | Ped=0 | Highway=100 | Side=001 | Walk=0
Time=393525000 | Ped=0 | Highway=001 | Side=100 | Walk=0
Time=393585000 | Ped=0 | Highway=010 | Side=100 | Walk=0
Time=393615000 | Ped=0 | Highway=100 | Side=001 | Walk=0
Time=393675000 | Ped=0 | Highway=001 | Side=100 | Walk=0
Time=393735000 | Ped=0 | Highway=010 | Side=100 | Walk=0
Time=393765000 | Ped=0 | Highway=100 | Side=001 | Walk=0
Time=393825000 | Ped=0 | Highway=001 | Side=100 | Walk=0
Time=393885000 | Ped=0 | Highway=010 | Side=100 | Walk=0
Time=393915000 | Ped=0 | Highway=100 | Side=001 | Walk=0
Time=393975000 | Ped=0 | Highway=001 | Side=100 | Walk=0
Time=394035000 | Ped=0 | Highway=010 | Side=100 | Walk=0
Time=394065000 | Ped=0 | Highway=100 | Side=001 | Walk=0
Time=394125000 | Ped=0 | Highway=001 | Side=100 | Walk=0
Time=394185000 | Ped=0 | Highway=010 | Side=100 | Walk=0
Time=394215000 | Ped=0 | Highway=100 | Side=001 | Walk=0
Time=394275000 | Ped=0 | Highway=001 | Side=100 | Walk=0
Time=394335000 | Ped=0 | Highway=010 | Side=100 | Walk=0
Time=394365000 | Ped=0 | Highway=100 | Side=001 | Walk=0
Time=394425000 | Ped=0 | Highway=001 | Side=100 | Walk=0
Time=394485000 | Ped=0 | Highway=010 | Side=100 | Walk=0
Time=394515000 | Ped=0 | Highway=100 | Side=001 | Walk=0
Time=394575000 | Ped=0 | Highway=001 | Side=100 | Walk=0
Time=394635000 | Ped=0 | Highway=010 | Side=100 | Walk=0
Time=394665000 | Ped=0 | Highway=100 | Side=001 | Walk=0
Time=394725000 | Ped=0 | Highway=001 | Side=100 | Walk=0
Time=394785000 | Ped=0 | Highway=010 | Side=100 | Walk=0
Time=394815000 | Ped=0 | Highway=100 | Side=001 | Walk=0
Time=394875000 | Ped=0 | Highway=001 | Side=100 | Walk=0
Time=394935000 | Ped=0 | Highway=010 | Side=100 | Walk=0
Time=394965000 | Ped=0 | Highway=100 | Side=001 | Walk=0
Time=395025000 | Ped=0 | Highway=001 | Side=100 | Walk=0
Time=395085000 | Ped=0 | Highway=010 | Side=100 | Walk=0
Time=395115000 | Ped=0 | Highway=100 | Side=001 | Walk=0
Time=395175000 | Ped=0 | Highway=001 | Side=100 | Walk=0
Time=395235000 | Ped=0 | Highway=010 | Side=100 | Walk=0
Time=395265000 | Ped=0 | Highway=100 | Side=001 | Walk=0
Time=395325000 | Ped=0 | Highway=001 | Side=100 | Walk=0
Time=395385000 | Ped=0 | Highway=010 | Side=100 | Walk=0
Time=395415000 | Ped=0 | Highway=100 | Side=001 | Walk=0
Time=395475000 | Ped=0 | Highway=001 | Side=100 | Walk=0
Time=395535000 | Ped=0 | Highway=010 | Side=100 | Walk=0
Time=395565000 | Ped=0 | Highway=100 | Side=001 | Walk=0
Time=395625000 | Ped=0 | Highway=001 | Side=100 | Walk=0
Time=395685000 | Ped=0 | Highway=010 | Side=100 | Walk=0
Time=395715000 | Ped=0 | Highway=100 | Side=001 | Walk=0
Time=395775000 | Ped=0 | Highway=001 | Side=100 | Walk=0
Time=395835000 | Ped=0 | Highway=010 | Side=100 | Walk=0
Time=395865000 | Ped=0 | Highway=100 | Side=001 | Walk=0
Time=395925000 | Ped=0 | Highway=001 | Side=100 | Walk=0
Time=395985000 | Ped=0 | Highway=010 | Side=100 | Walk=0
Time=396015000 | Ped=0 | Highway=100 | Side=001 | Walk=0
Time=396075000 | Ped=0 | Highway=001 | Side=100 | Walk=0
Time=396135000 | Ped=0 | Highway=010 | Side=100 | Walk=0
Time=396165000 | Ped=0 | Highway=100 | Side=001 | Walk=0
Time=396225000 | Ped=0 | Highway=001 | Side=100 | Walk=0
Time=396285000 | Ped=0 | Highway=010 | Side=100 | Walk=0
Time=396315000 | Ped=0 | Highway=100 | Side=001 | Walk=0
Time=396375000 | Ped=0 | Highway=001 | Side=100 | Walk=0
Time=396435000 | Ped=0 | Highway=010 | Side=100 | Walk=0
Time=396465000 | Ped=0 | Highway=100 | Side=001 | Walk=0
Time=396525000 | Ped=0 | Highway=001 | Side=100 | Walk=0
Time=396585000 | Ped=0 | Highway=010 | Side=100 | Walk=0
Time=396615000 | Ped=0 | Highway=100 | Side=001 | Walk=0
Time=396675000 | Ped=0 | Highway=001 | Side=100 | Walk=0
Time=396735000 | Ped=0 | Highway=010 | Side=100 | Walk=0
Time=396765000 | Ped=0 | Highway=100 | Side=001 | Walk=0
Time=396825000 | Ped=0 | Highway=001 | Side=100 | Walk=0
Time=396885000 | Ped=0 | Highway=010 | Side=100 | Walk=0
Time=396915000 | Ped=0 | Highway=100 | Side=001 | Walk=0
Time=396975000 | Ped=0 | Highway=001 | Side=100 | Walk=0
Time=397035000 | Ped=0 | Highway=010 | Side=100 | Walk=0
Time=397065000 | Ped=0 | Highway=100 | Side=001 | Walk=0
Time=397125000 | Ped=0 | Highway=001 | Side=100 | Walk=0
Time=397185000 | Ped=0 | Highway=010 | Side=100 | Walk=0
Time=397215000 | Ped=0 | Highway=100 | Side=001 | Walk=0
Time=397275000 | Ped=0 | Highway=001 | Side=100 | Walk=0
Time=397335000 | Ped=0 | Highway=010 | Side=100 | Walk=0
Time=397365000 | Ped=0 | Highway=100 | Side=001 | Walk=0
Time=397425000 | Ped=0 | Highway=001 | Side=100 | Walk=0
Time=397485000 | Ped=0 | Highway=010 | Side=100 | Walk=0
Time=397515000 | Ped=0 | Highway=100 | Side=001 | Walk=0
Time=397575000 | Ped=0 | Highway=001 | Side=100 | Walk=0
Time=397635000 | Ped=0 | Highway=010 | Side=100 | Walk=0
Time=397665000 | Ped=0 | Highway=100 | Side=001 | Walk=0
Time=397725000 | Ped=0 | Highway=001 | Side=100 | Walk=0
Time=397785000 | Ped=0 | Highway=010 | Side=100 | Walk=0
Time=397815000 | Ped=0 | Highway=100 | Side=001 | Walk=0
Time=397875000 | Ped=0 | Highway=001 | Side=100 | Walk=0
Time=397935000 | Ped=0 | Highway=010 | Side=100 | Walk=0
Time=397965000 | Ped=0 | Highway=100 | Side=001 | Walk=0
Time=398025000 | Ped=0 | Highway=001 | Side=100 | Walk=0
Time=398085000 | Ped=0 | Highway=010 | Side=100 | Walk=0
Time=398115000 | Ped=0 | Highway=100 | Side=001 | Walk=0
Time=398175000 | Ped=0 | Highway=001 | Side=100 | Walk=0
Time=398235000 | Ped=0 | Highway=010 | Side=100 | Walk=0
Time=398265000 | Ped=0 | Highway=100 | Side=001 | Walk=0
Time=398325000 | Ped=0 | Highway=001 | Side=100 | Walk=0
Time=398385000 | Ped=0 | Highway=010 | Side=100 | Walk=0
Time=398415000 | Ped=0 | Highway=100 | Side=001 | Walk=0
Time=398475000 | Ped=0 | Highway=001 | Side=100 | Walk=0
Time=398535000 | Ped=0 | Highway=010 | Side=100 | Walk=0
Time=398565000 | Ped=0 | Highway=100 | Side=001 | Walk=0
Time=398625000 | Ped=0 | Highway=001 | Side=100 | Walk=0
Time=398685000 | Ped=0 | Highway=010 | Side=100 | Walk=0
Time=398715000 | Ped=0 | Highway=100 | Side=001 | Walk=0
Time=398775000 | Ped=0 | Highway=001 | Side=100 | Walk=0
Time=398835000 | Ped=0 | Highway=010 | Side=100 | Walk=0
Time=398865000 | Ped=0 | Highway=100 | Side=001 | Walk=0
Time=398925000 | Ped=0 | Highway=001 | Side=100 | Walk=0
Time=398985000 | Ped=0 | Highway=010 | Side=100 | Walk=0
Time=399015000 | Ped=0 | Highway=100 | Side=001 | Walk=0
Time=399075000 | Ped=0 | Highway=001 | Side=100 | Walk=0
Time=399135000 | Ped=0 | Highway=010 | Side=100 | Walk=0
Time=399165000 | Ped=0 | Highway=100 | Side=001 | Walk=0
Time=399225000 | Ped=0 | Highway=001 | Side=100 | Walk=0
Time=399285000 | Ped=0 | Highway=010 | Side=100 | Walk=0
Time=399315000 | Ped=0 | Highway=100 | Side=001 | Walk=0
Time=399375000 | Ped=0 | Highway=001 | Side=100 | Walk=0
Time=399435000 | Ped=0 | Highway=010 | Side=100 | Walk=0
Time=399465000 | Ped=0 | Highway=100 | Side=001 | Walk=0
Time=399525000 | Ped=0 | Highway=001 | Side=100 | Walk=0
Time=399585000 | Ped=0 | Highway=010 | Side=100 | Walk=0
Time=399615000 | Ped=0 | Highway=100 | Side=001 | Walk=0
Time=399675000 | Ped=0 | Highway=001 | Side=100 | Walk=0
Time=399735000 | Ped=0 | Highway=010 | Side=100 | Walk=0
Time=399765000 | Ped=0 | Highway=100 | Side=001 | Walk=0
Time=399825000 | Ped=0 | Highway=001 | Side=100 | Walk=0
Time=399885000 | Ped=0 | Highway=010 | Side=100 | Walk=0
Time=399915000 | Ped=0 | Highway=100 | Side=001 | Walk=0
Time=399975000 | Ped=0 | Highway=001 | Side=100 | Walk=0
Time=400035000 | Ped=0 | Highway=010 | Side=100 | Walk=0
Time=400065000 | Ped=0 | Highway=100 | Side=001 | Walk=0
Time=400125000 | Ped=0 | Highway=001 | Side=100 | Walk=0
Time=400185000 | Ped=0 | Highway=010 | Side=100 | Walk=0
Time=400215000 | Ped=0 | Highway=100 | Side=001 | Walk=0
Time=400275000 | Ped=0 | Highway=001 | Side=100 | Walk=0
Time=400335000 | Ped=0 | Highway=010 | Side=100 | Walk=0
Time=400365000 | Ped=0 | Highway=100 | Side=001 | Walk=0
Time=400425000 | Ped=0 | Highway=001 | Side=100 | Walk=0
Time=400485000 | Ped=0 | Highway=010 | Side=100 | Walk=0
Time=400515000 | Ped=0 | Highway=100 | Side=001 | Walk=0
Time=400575000 | Ped=0 | Highway=001 | Side=100 | Walk=0
Time=400635000 | Ped=0 | Highway=010 | Side=100 | Walk=0
Time=400665000 | Ped=0 | Highway=100 | Side=001 | Walk=0
Time=400725000 | Ped=0 | Highway=001 | Side=100 | Walk=0
Time=400785000 | Ped=0 | Highway=010 | Side=100 | Walk=0
Time=400815000 | Ped=0 | Highway=100 | Side=001 | Walk=0
Time=400875000 | Ped=0 | Highway=001 | Side=100 | Walk=0
Time=400935000 | Ped=0 | Highway=010 | Side=100 | Walk=0
Time=400965000 | Ped=0 | Highway=100 | Side=001 | Walk=0
Time=401025000 | Ped=0 | Highway=001 | Side=100 | Walk=0
Time=401085000 | Ped=0 | Highway=010 | Side=100 | Walk=0
Time=401115000 | Ped=0 | Highway=100 | Side=001 | Walk=0
Time=401175000 | Ped=0 | Highway=001 | Side=100 | Walk=0
Time=401235000 | Ped=0 | Highway=010 | Side=100 | Walk=0
Time=401265000 | Ped=0 | Highway=100 | Side=001 | Walk=0
Time=401325000 | Ped=0 | Highway=001 | Side=100 | Walk=0
Time=401385000 | Ped=0 | Highway=010 | Side=100 | Walk=0
Time=401415000 | Ped=0 | Highway=100 | Side=001 | Walk=0
Time=401475000 | Ped=0 | Highway=001 | Side=100 | Walk=0
Time=401535000 | Ped=0 | Highway=010 | Side=100 | Walk=0
Time=401565000 | Ped=0 | Highway=100 | Side=001 | Walk=0
Time=401625000 | Ped=0 | Highway=001 | Side=100 | Walk=0
Time=401685000 | Ped=0 | Highway=010 | Side=100 | Walk=0
Time=401715000 | Ped=0 | Highway=100 | Side=001 | Walk=0
Time=401775000 | Ped=0 | Highway=001 | Side=100 | Walk=0
Time=401835000 | Ped=0 | Highway=010 | Side=100 | Walk=0
Time=401865000 | Ped=0 | Highway=100 | Side=001 | Walk=0
Time=401925000 | Ped=0 | Highway=001 | Side=100 | Walk=0
Time=401985000 | Ped=0 | Highway=010 | Side=100 | Walk=0
Time=402015000 | Ped=0 | Highway=100 | Side=001 | Walk=0
Time=402075000 | Ped=0 | Highway=001 | Side=100 | Walk=0
Time=402135000 | Ped=0 | Highway=010 | Side=100 | Walk=0
Time=402165000 | Ped=0 | Highway=100 | Side=001 | Walk=0
Time=402225000 | Ped=0 | Highway=001 | Side=100 | Walk=0
Time=402285000 | Ped=0 | Highway=010 | Side=100 | Walk=0
Time=402315000 | Ped=0 | Highway=100 | Side=001 | Walk=0
Time=402375000 | Ped=0 | Highway=001 | Side=100 | Walk=0
Time=402435000 | Ped=0 | Highway=010 | Side=100 | Walk=0
Time=402465000 | Ped=0 | Highway=100 | Side=001 | Walk=0
Time=402525000 | Ped=0 | Highway=001 | Side=100 | Walk=0
Time=402585000 | Ped=0 | Highway=010 | Side=100 | Walk=0
Time=402615000 | Ped=0 | Highway=100 | Side=001 | Walk=0
Time=402675000 | Ped=0 | Highway=001 | Side=100 | Walk=0
Time=402735000 | Ped=0 | Highway=010 | Side=100 | Walk=0
Time=402765000 | Ped=0 | Highway=100 | Side=001 | Walk=0
Time=402825000 | Ped=0 | Highway=001 | Side=100 | Walk=0
Time=402885000 | Ped=0 | Highway=010 | Side=100 | Walk=0
Time=402915000 | Ped=0 | Highway=100 | Side=001 | Walk=0
Time=402975000 | Ped=0 | Highway=001 | Side=100 | Walk=0
Time=403035000 | Ped=0 | Highway=010 | Side=100 | Walk=0
Time=403065000 | Ped=0 | Highway=100 | Side=001 | Walk=0
Time=403125000 | Ped=0 | Highway=001 | Side=100 | Walk=0
Time=403185000 | Ped=0 | Highway=010 | Side=100 | Walk=0
Time=403215000 | Ped=0 | Highway=100 | Side=001 | Walk=0
Time=403275000 | Ped=0 | Highway=001 | Side=100 | Walk=0
Time=403335000 | Ped=0 | Highway=010 | Side=100 | Walk=0
Time=403365000 | Ped=0 | Highway=100 | Side=001 | Walk=0
Time=403425000 | Ped=0 | Highway=001 | Side=100 | Walk=0
Time=403485000 | Ped=0 | Highway=010 | Side=100 | Walk=0
Time=403515000 | Ped=0 | Highway=100 | Side=001 | Walk=0
Time=403575000 | Ped=0 | Highway=001 | Side=100 | Walk=0
Time=403635000 | Ped=0 | Highway=010 | Side=100 | Walk=0
Time=403665000 | Ped=0 | Highway=100 | Side=001 | Walk=0
Time=403725000 | Ped=0 | Highway=001 | Side=100 | Walk=0
Time=403785000 | Ped=0 | Highway=010 | Side=100 | Walk=0
Time=403815000 | Ped=0 | Highway=100 | Side=001 | Walk=0
Time=403875000 | Ped=0 | Highway=001 | Side=100 | Walk=0
Time=403935000 | Ped=0 | Highway=010 | Side=100 | Walk=0
Time=403965000 | Ped=0 | Highway=100 | Side=001 | Walk=0
Time=404025000 | Ped=0 | Highway=001 | Side=100 | Walk=0
Time=404085000 | Ped=0 | Highway=010 | Side=100 | Walk=0
Time=404115000 | Ped=0 | Highway=100 | Side=001 | Walk=0
Time=404175000 | Ped=0 | Highway=001 | Side=100 | Walk=0
Time=404235000 | Ped=0 | Highway=010 | Side=100 | Walk=0
Time=404265000 | Ped=0 | Highway=100 | Side=001 | Walk=0
Time=404325000 | Ped=0 | Highway=001 | Side=100 | Walk=0
Time=404385000 | Ped=0 | Highway=010 | Side=100 | Walk=0
Time=404415000 | Ped=0 | Highway=100 | Side=001 | Walk=0
Time=404475000 | Ped=0 | Highway=001 | Side=100 | Walk=0
Time=404535000 | Ped=0 | Highway=010 | Side=100 | Walk=0
Time=404565000 | Ped=0 | Highway=100 | Side=001 | Walk=0
Time=404625000 | Ped=0 | Highway=001 | Side=100 | Walk=0
Time=404685000 | Ped=0 | Highway=010 | Side=100 | Walk=0
Time=404715000 | Ped=0 | Highway=100 | Side=001 | Walk=0
Time=404775000 | Ped=0 | Highway=001 | Side=100 | Walk=0
Time=404835000 | Ped=0 | Highway=010 | Side=100 | Walk=0
Time=404865000 | Ped=0 | Highway=100 | Side=001 | Walk=0
Time=404925000 | Ped=0 | Highway=001 | Side=100 | Walk=0
Time=404985000 | Ped=0 | Highway=010 | Side=100 | Walk=0
Time=405015000 | Ped=0 | Highway=100 | Side=001 | Walk=0
Time=405075000 | Ped=0 | Highway=001 | Side=100 | Walk=0
Time=405135000 | Ped=0 | Highway=010 | Side=100 | Walk=0
Time=405165000 | Ped=0 | Highway=100 | Side=001 | Walk=0
Time=405225000 | Ped=0 | Highway=001 | Side=100 | Walk=0
Time=405285000 | Ped=0 | Highway=010 | Side=100 | Walk=0
Time=405315000 | Ped=0 | Highway=100 | Side=001 | Walk=0
Time=405375000 | Ped=0 | Highway=001 | Side=100 | Walk=0
Time=405435000 | Ped=0 | Highway=010 | Side=100 | Walk=0
Time=405465000 | Ped=0 | Highway=100 | Side=001 | Walk=0
Time=405525000 | Ped=0 | Highway=001 | Side=100 | Walk=0
Time=405585000 | Ped=0 | Highway=010 | Side=100 | Walk=0
Time=405615000 | Ped=0 | Highway=100 | Side=001 | Walk=0
Time=405675000 | Ped=0 | Highway=001 | Side=100 | Walk=0
Time=405735000 | Ped=0 | Highway=010 | Side=100 | Walk=0
Time=405765000 | Ped=0 | Highway=100 | Side=001 | Walk=0
Time=405825000 | Ped=0 | Highway=001 | Side=100 | Walk=0
Time=405885000 | Ped=0 | Highway=010 | Side=100 | Walk=0
Time=405915000 | Ped=0 | Highway=100 | Side=001 | Walk=0
Time=405975000 | Ped=0 | Highway=001 | Side=100 | Walk=0
Time=406035000 | Ped=0 | Highway=010 | Side=100 | Walk=0
Time=406065000 | Ped=0 | Highway=100 | Side=001 | Walk=0
Time=406125000 | Ped=0 | Highway=001 | Side=100 | Walk=0
Time=406185000 | Ped=0 | Highway=010 | Side=100 | Walk=0
Time=406215000 | Ped=0 | Highway=100 | Side=001 | Walk=0
Time=406275000 | Ped=0 | Highway=001 | Side=100 | Walk=0
Time=406335000 | Ped=0 | Highway=010 | Side=100 | Walk=0
Time=406365000 | Ped=0 | Highway=100 | Side=001 | Walk=0
Time=406425000 | Ped=0 | Highway=001 | Side=100 | Walk=0
Time=406485000 | Ped=0 | Highway=010 | Side=100 | Walk=0
Time=406515000 | Ped=0 | Highway=100 | Side=001 | Walk=0
Time=406575000 | Ped=0 | Highway=001 | Side=100 | Walk=0
Time=406635000 | Ped=0 | Highway=010 | Side=100 | Walk=0
Time=406665000 | Ped=0 | Highway=100 | Side=001 | Walk=0
Time=406725000 | Ped=0 | Highway=001 | Side=100 | Walk=0
Time=406785000 | Ped=0 | Highway=010 | Side=100 | Walk=0
Time=406815000 | Ped=0 | Highway=100 | Side=001 | Walk=0
Time=406875000 | Ped=0 | Highway=001 | Side=100 | Walk=0
Time=406935000 | Ped=0 | Highway=010 | Side=100 | Walk=0
Time=406965000 | Ped=0 | Highway=100 | Side=001 | Walk=0
Time=407025000 | Ped=0 | Highway=001 | Side=100 | Walk=0
Time=407085000 | Ped=0 | Highway=010 | Side=100 | Walk=0
Time=407115000 | Ped=0 | Highway=100 | Side=001 | Walk=0
Time=407175000 | Ped=0 | Highway=001 | Side=100 | Walk=0
Time=407235000 | Ped=0 | Highway=010 | Side=100 | Walk=0
Time=407265000 | Ped=0 | Highway=100 | Side=001 | Walk=0
Time=407325000 | Ped=0 | Highway=001 | Side=100 | Walk=0
Time=407385000 | Ped=0 | Highway=010 | Side=100 | Walk=0
Time=407415000 | Ped=0 | Highway=100 | Side=001 | Walk=0
Time=407475000 | Ped=0 | Highway=001 | Side=100 | Walk=0
Time=407535000 | Ped=0 | Highway=010 | Side=100 | Walk=0
Time=407565000 | Ped=0 | Highway=100 | Side=001 | Walk=0
Time=407625000 | Ped=0 | Highway=001 | Side=100 | Walk=0
Time=407685000 | Ped=0 | Highway=010 | Side=100 | Walk=0
Time=407715000 | Ped=0 | Highway=100 | Side=001 | Walk=0
Time=407775000 | Ped=0 | Highway=001 | Side=100 | Walk=0
Time=407835000 | Ped=0 | Highway=010 | Side=100 | Walk=0
Time=407865000 | Ped=0 | Highway=100 | Side=001 | Walk=0
Time=407925000 | Ped=0 | Highway=001 | Side=100 | Walk=0
Time=407985000 | Ped=0 | Highway=010 | Side=100 | Walk=0
Time=408015000 | Ped=0 | Highway=100 | Side=001 | Walk=0
Time=408075000 | Ped=0 | Highway=001 | Side=100 | Walk=0
Time=408135000 | Ped=0 | Highway=010 | Side=100 | Walk=0
Time=408165000 | Ped=0 | Highway=100 | Side=001 | Walk=0
Time=408225000 | Ped=0 | Highway=001 | Side=100 | Walk=0
Time=408285000 | Ped=0 | Highway=010 | Side=100 | Walk=0
Time=408315000 | Ped=0 | Highway=100 | Side=001 | Walk=0
Time=408375000 | Ped=0 | Highway=001 | Side=100 | Walk=0
Time=408435000 | Ped=0 | Highway=010 | Side=100 | Walk=0
Time=408465000 | Ped=0 | Highway=100 | Side=001 | Walk=0
Time=408525000 | Ped=0 | Highway=001 | Side=100 | Walk=0
Time=408585000 | Ped=0 | Highway=010 | Side=100 | Walk=0
Time=408615000 | Ped=0 | Highway=100 | Side=001 | Walk=0
Time=408675000 | Ped=0 | Highway=001 | Side=100 | Walk=0
Time=408735000 | Ped=0 | Highway=010 | Side=100 | Walk=0
Time=408765000 | Ped=0 | Highway=100 | Side=001 | Walk=0
Time=408825000 | Ped=0 | Highway=001 | Side=100 | Walk=0
Time=408885000 | Ped=0 | Highway=010 | Side=100 | Walk=0
Time=408915000 | Ped=0 | Highway=100 | Side=001 | Walk=0
Time=408975000 | Ped=0 | Highway=001 | Side=100 | Walk=0
Time=409035000 | Ped=0 | Highway=010 | Side=100 | Walk=0
Time=409065000 | Ped=0 | Highway=100 | Side=001 | Walk=0
Time=409125000 | Ped=0 | Highway=001 | Side=100 | Walk=0
Time=409185000 | Ped=0 | Highway=010 | Side=100 | Walk=0
Time=409215000 | Ped=0 | Highway=100 | Side=001 | Walk=0
Time=409275000 | Ped=0 | Highway=001 | Side=100 | Walk=0
Time=409335000 | Ped=0 | Highway=010 | Side=100 | Walk=0
Time=409365000 | Ped=0 | Highway=100 | Side=001 | Walk=0
Time=409425000 | Ped=0 | Highway=001 | Side=100 | Walk=0
Time=409485000 | Ped=0 | Highway=010 | Side=100 | Walk=0
Time=409515000 | Ped=0 | Highway=100 | Side=001 | Walk=0
Time=409575000 | Ped=0 | Highway=001 | Side=100 | Walk=0
Time=409635000 | Ped=0 | Highway=010 | Side=100 | Walk=0
Time=409665000 | Ped=0 | Highway=100 | Side=001 | Walk=0
Time=409725000 | Ped=0 | Highway=001 | Side=100 | Walk=0
Time=409785000 | Ped=0 | Highway=010 | Side=100 | Walk=0
Time=409815000 | Ped=0 | Highway=100 | Side=001 | Walk=0
Time=409875000 | Ped=0 | Highway=001 | Side=100 | Walk=0
Time=409935000 | Ped=0 | Highway=010 | Side=100 | Walk=0
Time=409965000 | Ped=0 | Highway=100 | Side=001 | Walk=0
Time=410025000 | Ped=0 | Highway=001 | Side=100 | Walk=0
Time=410085000 | Ped=0 | Highway=010 | Side=100 | Walk=0
Time=410115000 | Ped=0 | Highway=100 | Side=001 | Walk=0
Time=410175000 | Ped=0 | Highway=001 | Side=100 | Walk=0
Time=410235000 | Ped=0 | Highway=010 | Side=100 | Walk=0
Time=410265000 | Ped=0 | Highway=100 | Side=001 | Walk=0
Time=410325000 | Ped=0 | Highway=001 | Side=100 | Walk=0
Time=410385000 | Ped=0 | Highway=010 | Side=100 | Walk=0
Time=410415000 | Ped=0 | Highway=100 | Side=001 | Walk=0
Time=410475000 | Ped=0 | Highway=001 | Side=100 | Walk=0
Time=410535000 | Ped=0 | Highway=010 | Side=100 | Walk=0
Time=410565000 | Ped=0 | Highway=100 | Side=001 | Walk=0
Time=410625000 | Ped=0 | Highway=001 | Side=100 | Walk=0
Time=410685000 | Ped=0 | Highway=010 | Side=100 | Walk=0
Time=410715000 | Ped=0 | Highway=100 | Side=001 | Walk=0
Time=410775000 | Ped=0 | Highway=001 | Side=100 | Walk=0
Time=410835000 | Ped=0 | Highway=010 | Side=100 | Walk=0
Time=410865000 | Ped=0 | Highway=100 | Side=001 | Walk=0
Time=410925000 | Ped=0 | Highway=001 | Side=100 | Walk=0
Time=410985000 | Ped=0 | Highway=010 | Side=100 | Walk=0
Time=411015000 | Ped=0 | Highway=100 | Side=001 | Walk=0
Time=411075000 | Ped=0 | Highway=001 | Side=100 | Walk=0
Time=411135000 | Ped=0 | Highway=010 | Side=100 | Walk=0
Time=411165000 | Ped=0 | Highway=100 | Side=001 | Walk=0
Time=411225000 | Ped=0 | Highway=001 | Side=100 | Walk=0
Time=411285000 | Ped=0 | Highway=010 | Side=100 | Walk=0
Time=411315000 | Ped=0 | Highway=100 | Side=001 | Walk=0
Time=411375000 | Ped=0 | Highway=001 | Side=100 | Walk=0
Time=411435000 | Ped=0 | Highway=010 | Side=100 | Walk=0
Time=411465000 | Ped=0 | Highway=100 | Side=001 | Walk=0
Time=411525000 | Ped=0 | Highway=001 | Side=100 | Walk=0
Time=411585000 | Ped=0 | Highway=010 | Side=100 | Walk=0
Time=411615000 | Ped=0 | Highway=100 | Side=001 | Walk=0
Time=411675000 | Ped=0 | Highway=001 | Side=100 | Walk=0
Time=411735000 | Ped=0 | Highway=010 | Side=100 | Walk=0
Time=411765000 | Ped=0 | Highway=100 | Side=001 | Walk=0
Time=411825000 | Ped=0 | Highway=001 | Side=100 | Walk=0
Time=411885000 | Ped=0 | Highway=010 | Side=100 | Walk=0
Time=411915000 | Ped=0 | Highway=100 | Side=001 | Walk=0
Time=411975000 | Ped=0 | Highway=001 | Side=100 | Walk=0
Time=412035000 | Ped=0 | Highway=010 | Side=100 | Walk=0
Time=412065000 | Ped=0 | Highway=100 | Side=001 | Walk=0
Time=412125000 | Ped=0 | Highway=001 | Side=100 | Walk=0
Time=412185000 | Ped=0 | Highway=010 | Side=100 | Walk=0
Time=412215000 | Ped=0 | Highway=100 | Side=001 | Walk=0
Time=412275000 | Ped=0 | Highway=001 | Side=100 | Walk=0
Time=412335000 | Ped=0 | Highway=010 | Side=100 | Walk=0
Time=412365000 | Ped=0 | Highway=100 | Side=001 | Walk=0
Time=412425000 | Ped=0 | Highway=001 | Side=100 | Walk=0
Time=412485000 | Ped=0 | Highway=010 | Side=100 | Walk=0
Time=412515000 | Ped=0 | Highway=100 | Side=001 | Walk=0
Time=412575000 | Ped=0 | Highway=001 | Side=100 | Walk=0
Time=412635000 | Ped=0 | Highway=010 | Side=100 | Walk=0
Time=412665000 | Ped=0 | Highway=100 | Side=001 | Walk=0
Time=412725000 | Ped=0 | Highway=001 | Side=100 | Walk=0
Time=412785000 | Ped=0 | Highway=010 | Side=100 | Walk=0
Time=412815000 | Ped=0 | Highway=100 | Side=001 | Walk=0
Time=412875000 | Ped=0 | Highway=001 | Side=100 | Walk=0
Time=412935000 | Ped=0 | Highway=010 | Side=100 | Walk=0
Time=412965000 | Ped=0 | Highway=100 | Side=001 | Walk=0
Time=413025000 | Ped=0 | Highway=001 | Side=100 | Walk=0
Time=413085000 | Ped=0 | Highway=010 | Side=100 | Walk=0
Time=413115000 | Ped=0 | Highway=100 | Side=001 | Walk=0
Time=413175000 | Ped=0 | Highway=001 | Side=100 | Walk=0
Time=413235000 | Ped=0 | Highway=010 | Side=100 | Walk=0
Time=413265000 | Ped=0 | Highway=100 | Side=001 | Walk=0
Time=413325000 | Ped=0 | Highway=001 | Side=100 | Walk=0
Time=413385000 | Ped=0 | Highway=010 | Side=100 | Walk=0
Time=413415000 | Ped=0 | Highway=100 | Side=001 | Walk=0
Time=413475000 | Ped=0 | Highway=001 | Side=100 | Walk=0
Time=413535000 | Ped=0 | Highway=010 | Side=100 | Walk=0
Time=413565000 | Ped=0 | Highway=100 | Side=001 | Walk=0
Time=413625000 | Ped=0 | Highway=001 | Side=100 | Walk=0
Time=413685000 | Ped=0 | Highway=010 | Side=100 | Walk=0
Time=413715000 | Ped=0 | Highway=100 | Side=001 | Walk=0
Time=413775000 | Ped=0 | Highway=001 | Side=100 | Walk=0
Time=413835000 | Ped=0 | Highway=010 | Side=100 | Walk=0
Time=413865000 | Ped=0 | Highway=100 | Side=001 | Walk=0
Time=413925000 | Ped=0 | Highway=001 | Side=100 | Walk=0
Time=413985000 | Ped=0 | Highway=010 | Side=100 | Walk=0
Time=414015000 | Ped=0 | Highway=100 | Side=001 | Walk=0
Time=414075000 | Ped=0 | Highway=001 | Side=100 | Walk=0
Time=414135000 | Ped=0 | Highway=010 | Side=100 | Walk=0
Time=414165000 | Ped=0 | Highway=100 | Side=001 | Walk=0
Time=414225000 | Ped=0 | Highway=001 | Side=100 | Walk=0
Time=414285000 | Ped=0 | Highway=010 | Side=100 | Walk=0
Time=414315000 | Ped=0 | Highway=100 | Side=001 | Walk=0
Time=414375000 | Ped=0 | Highway=001 | Side=100 | Walk=0
Time=414435000 | Ped=0 | Highway=010 | Side=100 | Walk=0
Time=414465000 | Ped=0 | Highway=100 | Side=001 | Walk=0
Time=414525000 | Ped=0 | Highway=001 | Side=100 | Walk=0
Time=414585000 | Ped=0 | Highway=010 | Side=100 | Walk=0
Time=414615000 | Ped=0 | Highway=100 | Side=001 | Walk=0
Time=414675000 | Ped=0 | Highway=001 | Side=100 | Walk=0
Time=414735000 | Ped=0 | Highway=010 | Side=100 | Walk=0
Time=414765000 | Ped=0 | Highway=100 | Side=001 | Walk=0
Time=414825000 | Ped=0 | Highway=001 | Side=100 | Walk=0
Time=414885000 | Ped=0 | Highway=010 | Side=100 | Walk=0
Time=414915000 | Ped=0 | Highway=100 | Side=001 | Walk=0
Time=414975000 | Ped=0 | Highway=001 | Side=100 | Walk=0
Time=415035000 | Ped=0 | Highway=010 | Side=100 | Walk=0
Time=415065000 | Ped=0 | Highway=100 | Side=001 | Walk=0
Time=415125000 | Ped=0 | Highway=001 | Side=100 | Walk=0
Time=415185000 | Ped=0 | Highway=010 | Side=100 | Walk=0
Time=415215000 | Ped=0 | Highway=100 | Side=001 | Walk=0
Time=415275000 | Ped=0 | Highway=001 | Side=100 | Walk=0
Time=415335000 | Ped=0 | Highway=010 | Side=100 | Walk=0
Time=415365000 | Ped=0 | Highway=100 | Side=001 | Walk=0
Time=415425000 | Ped=0 | Highway=001 | Side=100 | Walk=0
Time=415485000 | Ped=0 | Highway=010 | Side=100 | Walk=0
Time=415515000 | Ped=0 | Highway=100 | Side=001 | Walk=0
Time=415575000 | Ped=0 | Highway=001 | Side=100 | Walk=0
Time=415635000 | Ped=0 | Highway=010 | Side=100 | Walk=0
Time=415665000 | Ped=0 | Highway=100 | Side=001 | Walk=0
Time=415725000 | Ped=0 | Highway=001 | Side=100 | Walk=0
Time=415785000 | Ped=0 | Highway=010 | Side=100 | Walk=0
Time=415815000 | Ped=0 | Highway=100 | Side=001 | Walk=0
Time=415875000 | Ped=0 | Highway=001 | Side=100 | Walk=0
Time=415935000 | Ped=0 | Highway=010 | Side=100 | Walk=0
Time=415965000 | Ped=0 | Highway=100 | Side=001 | Walk=0
Time=416025000 | Ped=0 | Highway=001 | Side=100 | Walk=0
Time=416085000 | Ped=0 | Highway=010 | Side=100 | Walk=0
Time=416115000 | Ped=0 | Highway=100 | Side=001 | Walk=0
Time=416175000 | Ped=0 | Highway=001 | Side=100 | Walk=0
Time=416235000 | Ped=0 | Highway=010 | Side=100 | Walk=0
Time=416265000 | Ped=0 | Highway=100 | Side=001 | Walk=0
Time=416325000 | Ped=0 | Highway=001 | Side=100 | Walk=0
Time=416385000 | Ped=0 | Highway=010 | Side=100 | Walk=0
Time=416415000 | Ped=0 | Highway=100 | Side=001 | Walk=0
Time=416475000 | Ped=0 | Highway=001 | Side=100 | Walk=0
Time=416535000 | Ped=0 | Highway=010 | Side=100 | Walk=0
Time=416565000 | Ped=0 | Highway=100 | Side=001 | Walk=0
Time=416625000 | Ped=0 | Highway=001 | Side=100 | Walk=0
Time=416685000 | Ped=0 | Highway=010 | Side=100 | Walk=0
Time=416715000 | Ped=0 | Highway=100 | Side=001 | Walk=0
Time=416775000 | Ped=0 | Highway=001 | Side=100 | Walk=0
Time=416835000 | Ped=0 | Highway=010 | Side=100 | Walk=0
Time=416865000 | Ped=0 | Highway=100 | Side=001 | Walk=0
Time=416925000 | Ped=0 | Highway=001 | Side=100 | Walk=0
Time=416985000 | Ped=0 | Highway=010 | Side=100 | Walk=0
Time=417015000 | Ped=0 | Highway=100 | Side=001 | Walk=0
Time=417075000 | Ped=0 | Highway=001 | Side=100 | Walk=0
Time=417135000 | Ped=0 | Highway=010 | Side=100 | Walk=0
Time=417165000 | Ped=0 | Highway=100 | Side=001 | Walk=0
Time=417225000 | Ped=0 | Highway=001 | Side=100 | Walk=0
Time=417285000 | Ped=0 | Highway=010 | Side=100 | Walk=0
Time=417315000 | Ped=0 | Highway=100 | Side=001 | Walk=0
Time=417375000 | Ped=0 | Highway=001 | Side=100 | Walk=0
Time=417435000 | Ped=0 | Highway=010 | Side=100 | Walk=0
Time=417465000 | Ped=0 | Highway=100 | Side=001 | Walk=0
Time=417525000 | Ped=0 | Highway=001 | Side=100 | Walk=0
Time=417585000 | Ped=0 | Highway=010 | Side=100 | Walk=0
Time=417615000 | Ped=0 | Highway=100 | Side=001 | Walk=0
Time=417675000 | Ped=0 | Highway=001 | Side=100 | Walk=0
Time=417735000 | Ped=0 | Highway=010 | Side=100 | Walk=0
Time=417765000 | Ped=0 | Highway=100 | Side=001 | Walk=0
Time=417825000 | Ped=0 | Highway=001 | Side=100 | Walk=0
Time=417885000 | Ped=0 | Highway=010 | Side=100 | Walk=0
Time=417915000 | Ped=0 | Highway=100 | Side=001 | Walk=0
Time=417975000 | Ped=0 | Highway=001 | Side=100 | Walk=0
Time=418035000 | Ped=0 | Highway=010 | Side=100 | Walk=0
Time=418065000 | Ped=0 | Highway=100 | Side=001 | Walk=0
Time=418125000 | Ped=0 | Highway=001 | Side=100 | Walk=0
Time=418185000 | Ped=0 | Highway=010 | Side=100 | Walk=0
Time=418215000 | Ped=0 | Highway=100 | Side=001 | Walk=0
Time=418275000 | Ped=0 | Highway=001 | Side=100 | Walk=0
Time=418335000 | Ped=0 | Highway=010 | Side=100 | Walk=0
Time=418365000 | Ped=0 | Highway=100 | Side=001 | Walk=0
Time=418425000 | Ped=0 | Highway=001 | Side=100 | Walk=0
Time=418485000 | Ped=0 | Highway=010 | Side=100 | Walk=0
Time=418515000 | Ped=0 | Highway=100 | Side=001 | Walk=0
Time=418575000 | Ped=0 | Highway=001 | Side=100 | Walk=0
Time=418635000 | Ped=0 | Highway=010 | Side=100 | Walk=0
Time=418665000 | Ped=0 | Highway=100 | Side=001 | Walk=0
Time=418725000 | Ped=0 | Highway=001 | Side=100 | Walk=0
Time=418785000 | Ped=0 | Highway=010 | Side=100 | Walk=0
Time=418815000 | Ped=0 | Highway=100 | Side=001 | Walk=0
Time=418875000 | Ped=0 | Highway=001 | Side=100 | Walk=0
Time=418935000 | Ped=0 | Highway=010 | Side=100 | Walk=0
Time=418965000 | Ped=0 | Highway=100 | Side=001 | Walk=0
Time=419025000 | Ped=0 | Highway=001 | Side=100 | Walk=0
Time=419085000 | Ped=0 | Highway=010 | Side=100 | Walk=0
Time=419115000 | Ped=0 | Highway=100 | Side=001 | Walk=0
Time=419175000 | Ped=0 | Highway=001 | Side=100 | Walk=0
Time=419235000 | Ped=0 | Highway=010 | Side=100 | Walk=0
Time=419265000 | Ped=0 | Highway=100 | Side=001 | Walk=0
Time=419325000 | Ped=0 | Highway=001 | Side=100 | Walk=0
Time=419385000 | Ped=0 | Highway=010 | Side=100 | Walk=0
Time=419415000 | Ped=0 | Highway=100 | Side=001 | Walk=0
Time=419475000 | Ped=0 | Highway=001 | Side=100 | Walk=0
Time=419535000 | Ped=0 | Highway=010 | Side=100 | Walk=0
Time=419565000 | Ped=0 | Highway=100 | Side=001 | Walk=0
Time=419625000 | Ped=0 | Highway=001 | Side=100 | Walk=0
Time=419685000 | Ped=0 | Highway=010 | Side=100 | Walk=0
Time=419715000 | Ped=0 | Highway=100 | Side=001 | Walk=0
Time=419775000 | Ped=0 | Highway=001 | Side=100 | Walk=0
Time=419835000 | Ped=0 | Highway=010 | Side=100 | Walk=0
Time=419865000 | Ped=0 | Highway=100 | Side=001 | Walk=0
Time=419925000 | Ped=0 | Highway=001 | Side=100 | Walk=0
Time=419985000 | Ped=0 | Highway=010 | Side=100 | Walk=0
Time=420015000 | Ped=0 | Highway=100 | Side=001 | Walk=0
Time=420075000 | Ped=0 | Highway=001 | Side=100 | Walk=0
Time=420135000 | Ped=0 | Highway=010 | Side=100 | Walk=0
Time=420165000 | Ped=0 | Highway=100 | Side=001 | Walk=0
Time=420225000 | Ped=0 | Highway=001 | Side=100 | Walk=0
Time=420285000 | Ped=0 | Highway=010 | Side=100 | Walk=0
Time=420315000 | Ped=0 | Highway=100 | Side=001 | Walk=0
Time=420375000 | Ped=0 | Highway=001 | Side=100 | Walk=0
Time=420435000 | Ped=0 | Highway=010 | Side=100 | Walk=0
Time=420465000 | Ped=0 | Highway=100 | Side=001 | Walk=0
Time=420525000 | Ped=0 | Highway=001 | Side=100 | Walk=0
Time=420585000 | Ped=0 | Highway=010 | Side=100 | Walk=0
Time=420615000 | Ped=0 | Highway=100 | Side=001 | Walk=0
Time=420675000 | Ped=0 | Highway=001 | Side=100 | Walk=0
Time=420735000 | Ped=0 | Highway=010 | Side=100 | Walk=0
Time=420765000 | Ped=0 | Highway=100 | Side=001 | Walk=0
Time=420825000 | Ped=0 | Highway=001 | Side=100 | Walk=0
Time=420885000 | Ped=0 | Highway=010 | Side=100 | Walk=0
Time=420915000 | Ped=0 | Highway=100 | Side=001 | Walk=0
Time=420975000 | Ped=0 | Highway=001 | Side=100 | Walk=0
Time=421035000 | Ped=0 | Highway=010 | Side=100 | Walk=0
Time=421065000 | Ped=0 | Highway=100 | Side=001 | Walk=0
Time=421125000 | Ped=0 | Highway=001 | Side=100 | Walk=0
Time=421185000 | Ped=0 | Highway=010 | Side=100 | Walk=0
Time=421215000 | Ped=0 | Highway=100 | Side=001 | Walk=0
Time=421275000 | Ped=0 | Highway=001 | Side=100 | Walk=0
Time=421335000 | Ped=0 | Highway=010 | Side=100 | Walk=0
Time=421365000 | Ped=0 | Highway=100 | Side=001 | Walk=0
Time=421425000 | Ped=0 | Highway=001 | Side=100 | Walk=0
Time=421485000 | Ped=0 | Highway=010 | Side=100 | Walk=0
Time=421515000 | Ped=0 | Highway=100 | Side=001 | Walk=0
Time=421575000 | Ped=0 | Highway=001 | Side=100 | Walk=0
Time=421635000 | Ped=0 | Highway=010 | Side=100 | Walk=0
Time=421665000 | Ped=0 | Highway=100 | Side=001 | Walk=0
Time=421725000 | Ped=0 | Highway=001 | Side=100 | Walk=0
Time=421785000 | Ped=0 | Highway=010 | Side=100 | Walk=0
Time=421815000 | Ped=0 | Highway=100 | Side=001 | Walk=0
Time=421875000 | Ped=0 | Highway=001 | Side=100 | Walk=0
Time=421935000 | Ped=0 | Highway=010 | Side=100 | Walk=0
Time=421965000 | Ped=0 | Highway=100 | Side=001 | Walk=0
Time=422025000 | Ped=0 | Highway=001 | Side=100 | Walk=0
Time=422085000 | Ped=0 | Highway=010 | Side=100 | Walk=0
Time=422115000 | Ped=0 | Highway=100 | Side=001 | Walk=0
Time=422175000 | Ped=0 | Highway=001 | Side=100 | Walk=0
Time=422235000 | Ped=0 | Highway=010 | Side=100 | Walk=0
Time=422265000 | Ped=0 | Highway=100 | Side=001 | Walk=0
Time=422325000 | Ped=0 | Highway=001 | Side=100 | Walk=0
Time=422385000 | Ped=0 | Highway=010 | Side=100 | Walk=0
Time=422415000 | Ped=0 | Highway=100 | Side=001 | Walk=0
Time=422475000 | Ped=0 | Highway=001 | Side=100 | Walk=0
Time=422535000 | Ped=0 | Highway=010 | Side=100 | Walk=0
Time=422565000 | Ped=0 | Highway=100 | Side=001 | Walk=0
Time=422625000 | Ped=0 | Highway=001 | Side=100 | Walk=0
Time=422685000 | Ped=0 | Highway=010 | Side=100 | Walk=0
Time=422715000 | Ped=0 | Highway=100 | Side=001 | Walk=0
Time=422775000 | Ped=0 | Highway=001 | Side=100 | Walk=0
Time=422835000 | Ped=0 | Highway=010 | Side=100 | Walk=0
Time=422865000 | Ped=0 | Highway=100 | Side=001 | Walk=0
Time=422925000 | Ped=0 | Highway=001 | Side=100 | Walk=0
Time=422985000 | Ped=0 | Highway=010 | Side=100 | Walk=0
Time=423015000 | Ped=0 | Highway=100 | Side=001 | Walk=0
Time=423075000 | Ped=0 | Highway=001 | Side=100 | Walk=0
Time=423135000 | Ped=0 | Highway=010 | Side=100 | Walk=0
Time=423165000 | Ped=0 | Highway=100 | Side=001 | Walk=0
Time=423225000 | Ped=0 | Highway=001 | Side=100 | Walk=0
Time=423285000 | Ped=0 | Highway=010 | Side=100 | Walk=0
Time=423315000 | Ped=0 | Highway=100 | Side=001 | Walk=0
Time=423375000 | Ped=0 | Highway=001 | Side=100 | Walk=0
Time=423435000 | Ped=0 | Highway=010 | Side=100 | Walk=0
Time=423465000 | Ped=0 | Highway=100 | Side=001 | Walk=0
Time=423525000 | Ped=0 | Highway=001 | Side=100 | Walk=0
Time=423585000 | Ped=0 | Highway=010 | Side=100 | Walk=0
Time=423615000 | Ped=0 | Highway=100 | Side=001 | Walk=0
Time=423675000 | Ped=0 | Highway=001 | Side=100 | Walk=0
Time=423735000 | Ped=0 | Highway=010 | Side=100 | Walk=0
Time=423765000 | Ped=0 | Highway=100 | Side=001 | Walk=0
Time=423825000 | Ped=0 | Highway=001 | Side=100 | Walk=0
Time=423885000 | Ped=0 | Highway=010 | Side=100 | Walk=0
Time=423915000 | Ped=0 | Highway=100 | Side=001 | Walk=0
Time=423975000 | Ped=0 | Highway=001 | Side=100 | Walk=0
Time=424035000 | Ped=0 | Highway=010 | Side=100 | Walk=0
Time=424065000 | Ped=0 | Highway=100 | Side=001 | Walk=0
Time=424125000 | Ped=0 | Highway=001 | Side=100 | Walk=0
Time=424185000 | Ped=0 | Highway=010 | Side=100 | Walk=0
Time=424215000 | Ped=0 | Highway=100 | Side=001 | Walk=0
Time=424275000 | Ped=0 | Highway=001 | Side=100 | Walk=0
Time=424335000 | Ped=0 | Highway=010 | Side=100 | Walk=0
Time=424365000 | Ped=0 | Highway=100 | Side=001 | Walk=0
Time=424425000 | Ped=0 | Highway=001 | Side=100 | Walk=0
Time=424485000 | Ped=0 | Highway=010 | Side=100 | Walk=0
Time=424515000 | Ped=0 | Highway=100 | Side=001 | Walk=0
Time=424575000 | Ped=0 | Highway=001 | Side=100 | Walk=0
Time=424635000 | Ped=0 | Highway=010 | Side=100 | Walk=0
Time=424665000 | Ped=0 | Highway=100 | Side=001 | Walk=0
Time=424725000 | Ped=0 | Highway=001 | Side=100 | Walk=0
Time=424785000 | Ped=0 | Highway=010 | Side=100 | Walk=0
Time=424815000 | Ped=0 | Highway=100 | Side=001 | Walk=0
Time=424875000 | Ped=0 | Highway=001 | Side=100 | Walk=0
Time=424935000 | Ped=0 | Highway=010 | Side=100 | Walk=0
Time=424965000 | Ped=0 | Highway=100 | Side=001 | Walk=0
Time=425025000 | Ped=0 | Highway=001 | Side=100 | Walk=0
Time=425085000 | Ped=0 | Highway=010 | Side=100 | Walk=0
Time=425115000 | Ped=0 | Highway=100 | Side=001 | Walk=0
Time=425175000 | Ped=0 | Highway=001 | Side=100 | Walk=0
Time=425235000 | Ped=0 | Highway=010 | Side=100 | Walk=0
Time=425265000 | Ped=0 | Highway=100 | Side=001 | Walk=0
Time=425325000 | Ped=0 | Highway=001 | Side=100 | Walk=0
Time=425385000 | Ped=0 | Highway=010 | Side=100 | Walk=0
Time=425415000 | Ped=0 | Highway=100 | Side=001 | Walk=0
Time=425475000 | Ped=0 | Highway=001 | Side=100 | Walk=0
Time=425535000 | Ped=0 | Highway=010 | Side=100 | Walk=0
Time=425565000 | Ped=0 | Highway=100 | Side=001 | Walk=0
Time=425625000 | Ped=0 | Highway=001 | Side=100 | Walk=0
Time=425685000 | Ped=0 | Highway=010 | Side=100 | Walk=0
Time=425715000 | Ped=0 | Highway=100 | Side=001 | Walk=0
Time=425775000 | Ped=0 | Highway=001 | Side=100 | Walk=0
Time=425835000 | Ped=0 | Highway=010 | Side=100 | Walk=0
Time=425865000 | Ped=0 | Highway=100 | Side=001 | Walk=0
Time=425925000 | Ped=0 | Highway=001 | Side=100 | Walk=0
Time=425985000 | Ped=0 | Highway=010 | Side=100 | Walk=0
Time=426015000 | Ped=0 | Highway=100 | Side=001 | Walk=0
Time=426075000 | Ped=0 | Highway=001 | Side=100 | Walk=0
Time=426135000 | Ped=0 | Highway=010 | Side=100 | Walk=0
Time=426165000 | Ped=0 | Highway=100 | Side=001 | Walk=0
Time=426225000 | Ped=0 | Highway=001 | Side=100 | Walk=0
Time=426285000 | Ped=0 | Highway=010 | Side=100 | Walk=0
Time=426315000 | Ped=0 | Highway=100 | Side=001 | Walk=0
Time=426375000 | Ped=0 | Highway=001 | Side=100 | Walk=0
Time=426435000 | Ped=0 | Highway=010 | Side=100 | Walk=0
Time=426465000 | Ped=0 | Highway=100 | Side=001 | Walk=0
Time=426525000 | Ped=0 | Highway=001 | Side=100 | Walk=0
Time=426585000 | Ped=0 | Highway=010 | Side=100 | Walk=0
Time=426615000 | Ped=0 | Highway=100 | Side=001 | Walk=0
Time=426675000 | Ped=0 | Highway=001 | Side=100 | Walk=0
Time=426735000 | Ped=0 | Highway=010 | Side=100 | Walk=0
Time=426765000 | Ped=0 | Highway=100 | Side=001 | Walk=0
Time=426825000 | Ped=0 | Highway=001 | Side=100 | Walk=0
Time=426885000 | Ped=0 | Highway=010 | Side=100 | Walk=0
Time=426915000 | Ped=0 | Highway=100 | Side=001 | Walk=0
Time=426975000 | Ped=0 | Highway=001 | Side=100 | Walk=0
Time=427035000 | Ped=0 | Highway=010 | Side=100 | Walk=0
Time=427065000 | Ped=0 | Highway=100 | Side=001 | Walk=0
Time=427125000 | Ped=0 | Highway=001 | Side=100 | Walk=0
Time=427185000 | Ped=0 | Highway=010 | Side=100 | Walk=0
Time=427215000 | Ped=0 | Highway=100 | Side=001 | Walk=0
Time=427275000 | Ped=0 | Highway=001 | Side=100 | Walk=0
Time=427335000 | Ped=0 | Highway=010 | Side=100 | Walk=0
Time=427365000 | Ped=0 | Highway=100 | Side=001 | Walk=0
Time=427425000 | Ped=0 | Highway=001 | Side=100 | Walk=0
Time=427485000 | Ped=0 | Highway=010 | Side=100 | Walk=0
Time=427515000 | Ped=0 | Highway=100 | Side=001 | Walk=0
Time=427575000 | Ped=0 | Highway=001 | Side=100 | Walk=0
Time=427635000 | Ped=0 | Highway=010 | Side=100 | Walk=0
Time=427665000 | Ped=0 | Highway=100 | Side=001 | Walk=0
Time=427725000 | Ped=0 | Highway=001 | Side=100 | Walk=0
Time=427785000 | Ped=0 | Highway=010 | Side=100 | Walk=0
Time=427815000 | Ped=0 | Highway=100 | Side=001 | Walk=0
Time=427875000 | Ped=0 | Highway=001 | Side=100 | Walk=0
Time=427935000 | Ped=0 | Highway=010 | Side=100 | Walk=0
Time=427965000 | Ped=0 | Highway=100 | Side=001 | Walk=0
Time=428025000 | Ped=0 | Highway=001 | Side=100 | Walk=0
Time=428085000 | Ped=0 | Highway=010 | Side=100 | Walk=0
Time=428115000 | Ped=0 | Highway=100 | Side=001 | Walk=0
Time=428175000 | Ped=0 | Highway=001 | Side=100 | Walk=0
Time=428235000 | Ped=0 | Highway=010 | Side=100 | Walk=0
Time=428265000 | Ped=0 | Highway=100 | Side=001 | Walk=0
Time=428325000 | Ped=0 | Highway=001 | Side=100 | Walk=0
Time=428385000 | Ped=0 | Highway=010 | Side=100 | Walk=0
Time=428415000 | Ped=0 | Highway=100 | Side=001 | Walk=0
Time=428475000 | Ped=0 | Highway=001 | Side=100 | Walk=0
Time=428535000 | Ped=0 | Highway=010 | Side=100 | Walk=0
Time=428565000 | Ped=0 | Highway=100 | Side=001 | Walk=0
Time=428625000 | Ped=0 | Highway=001 | Side=100 | Walk=0
Time=428685000 | Ped=0 | Highway=010 | Side=100 | Walk=0
Time=428715000 | Ped=0 | Highway=100 | Side=001 | Walk=0
Time=428775000 | Ped=0 | Highway=001 | Side=100 | Walk=0
Time=428835000 | Ped=0 | Highway=010 | Side=100 | Walk=0
Time=428865000 | Ped=0 | Highway=100 | Side=001 | Walk=0
Time=428925000 | Ped=0 | Highway=001 | Side=100 | Walk=0
Time=428985000 | Ped=0 | Highway=010 | Side=100 | Walk=0
Time=429015000 | Ped=0 | Highway=100 | Side=001 | Walk=0
Time=429075000 | Ped=0 | Highway=001 | Side=100 | Walk=0
Time=429135000 | Ped=0 | Highway=010 | Side=100 | Walk=0
Time=429165000 | Ped=0 | Highway=100 | Side=001 | Walk=0
Time=429225000 | Ped=0 | Highway=001 | Side=100 | Walk=0
Time=429285000 | Ped=0 | Highway=010 | Side=100 | Walk=0
Time=429315000 | Ped=0 | Highway=100 | Side=001 | Walk=0
Time=429375000 | Ped=0 | Highway=001 | Side=100 | Walk=0
Time=429435000 | Ped=0 | Highway=010 | Side=100 | Walk=0
Time=429465000 | Ped=0 | Highway=100 | Side=001 | Walk=0
Time=429525000 | Ped=0 | Highway=001 | Side=100 | Walk=0
Time=429585000 | Ped=0 | Highway=010 | Side=100 | Walk=0
Time=429615000 | Ped=0 | Highway=100 | Side=001 | Walk=0
Time=429675000 | Ped=0 | Highway=001 | Side=100 | Walk=0
Time=429735000 | Ped=0 | Highway=010 | Side=100 | Walk=0
Time=429765000 | Ped=0 | Highway=100 | Side=001 | Walk=0
Time=429825000 | Ped=0 | Highway=001 | Side=100 | Walk=0
Time=429885000 | Ped=0 | Highway=010 | Side=100 | Walk=0
Time=429915000 | Ped=0 | Highway=100 | Side=001 | Walk=0
Time=429975000 | Ped=0 | Highway=001 | Side=100 | Walk=0
Time=430035000 | Ped=0 | Highway=010 | Side=100 | Walk=0
Time=430065000 | Ped=0 | Highway=100 | Side=001 | Walk=0
Time=430125000 | Ped=0 | Highway=001 | Side=100 | Walk=0
Time=430185000 | Ped=0 | Highway=010 | Side=100 | Walk=0
Time=430215000 | Ped=0 | Highway=100 | Side=001 | Walk=0
Time=430275000 | Ped=0 | Highway=001 | Side=100 | Walk=0
Time=430335000 | Ped=0 | Highway=010 | Side=100 | Walk=0
Time=430365000 | Ped=0 | Highway=100 | Side=001 | Walk=0
Time=430425000 | Ped=0 | Highway=001 | Side=100 | Walk=0
Time=430485000 | Ped=0 | Highway=010 | Side=100 | Walk=0
Time=430515000 | Ped=0 | Highway=100 | Side=001 | Walk=0
Time=430575000 | Ped=0 | Highway=001 | Side=100 | Walk=0
Time=430635000 | Ped=0 | Highway=010 | Side=100 | Walk=0
Time=430665000 | Ped=0 | Highway=100 | Side=001 | Walk=0
Time=430725000 | Ped=0 | Highway=001 | Side=100 | Walk=0
Time=430785000 | Ped=0 | Highway=010 | Side=100 | Walk=0
Time=430815000 | Ped=0 | Highway=100 | Side=001 | Walk=0
Time=430875000 | Ped=0 | Highway=001 | Side=100 | Walk=0
Time=430935000 | Ped=0 | Highway=010 | Side=100 | Walk=0
Time=430965000 | Ped=0 | Highway=100 | Side=001 | Walk=0
Time=431025000 | Ped=0 | Highway=001 | Side=100 | Walk=0
Time=431085000 | Ped=0 | Highway=010 | Side=100 | Walk=0
Time=431115000 | Ped=0 | Highway=100 | Side=001 | Walk=0
Time=431175000 | Ped=0 | Highway=001 | Side=100 | Walk=0
Time=431235000 | Ped=0 | Highway=010 | Side=100 | Walk=0
Time=431265000 | Ped=0 | Highway=100 | Side=001 | Walk=0
Time=431325000 | Ped=0 | Highway=001 | Side=100 | Walk=0
Time=431385000 | Ped=0 | Highway=010 | Side=100 | Walk=0
Time=431415000 | Ped=0 | Highway=100 | Side=001 | Walk=0
Time=431475000 | Ped=0 | Highway=001 | Side=100 | Walk=0
Time=431535000 | Ped=0 | Highway=010 | Side=100 | Walk=0
Time=431565000 | Ped=0 | Highway=100 | Side=001 | Walk=0
Time=431625000 | Ped=0 | Highway=001 | Side=100 | Walk=0
Time=431685000 | Ped=0 | Highway=010 | Side=100 | Walk=0
Time=431715000 | Ped=0 | Highway=100 | Side=001 | Walk=0
Time=431775000 | Ped=0 | Highway=001 | Side=100 | Walk=0
Time=431835000 | Ped=0 | Highway=010 | Side=100 | Walk=0
Time=431865000 | Ped=0 | Highway=100 | Side=001 | Walk=0
Time=431925000 | Ped=0 | Highway=001 | Side=100 | Walk=0
Time=431985000 | Ped=0 | Highway=010 | Side=100 | Walk=0
Time=432015000 | Ped=0 | Highway=100 | Side=001 | Walk=0
Time=432075000 | Ped=0 | Highway=001 | Side=100 | Walk=0
Time=432135000 | Ped=0 | Highway=010 | Side=100 | Walk=0
Time=432165000 | Ped=0 | Highway=100 | Side=001 | Walk=0
Time=432225000 | Ped=0 | Highway=001 | Side=100 | Walk=0
Time=432285000 | Ped=0 | Highway=010 | Side=100 | Walk=0
Time=432315000 | Ped=0 | Highway=100 | Side=001 | Walk=0
Time=432375000 | Ped=0 | Highway=001 | Side=100 | Walk=0
Time=432435000 | Ped=0 | Highway=010 | Side=100 | Walk=0
Time=432465000 | Ped=0 | Highway=100 | Side=001 | Walk=0
Time=432525000 | Ped=0 | Highway=001 | Side=100 | Walk=0
Time=432585000 | Ped=0 | Highway=010 | Side=100 | Walk=0
Time=432615000 | Ped=0 | Highway=100 | Side=001 | Walk=0
Time=432675000 | Ped=0 | Highway=001 | Side=100 | Walk=0
Time=432735000 | Ped=0 | Highway=010 | Side=100 | Walk=0
Time=432765000 | Ped=0 | Highway=100 | Side=001 | Walk=0
Time=432825000 | Ped=0 | Highway=001 | Side=100 | Walk=0
Time=432885000 | Ped=0 | Highway=010 | Side=100 | Walk=0
Time=432915000 | Ped=0 | Highway=100 | Side=001 | Walk=0
Time=432975000 | Ped=0 | Highway=001 | Side=100 | Walk=0
Time=433035000 | Ped=0 | Highway=010 | Side=100 | Walk=0
Time=433065000 | Ped=0 | Highway=100 | Side=001 | Walk=0
Time=433125000 | Ped=0 | Highway=001 | Side=100 | Walk=0
Time=433185000 | Ped=0 | Highway=010 | Side=100 | Walk=0
Time=433215000 | Ped=0 | Highway=100 | Side=001 | Walk=0
Time=433275000 | Ped=0 | Highway=001 | Side=100 | Walk=0
Time=433335000 | Ped=0 | Highway=010 | Side=100 | Walk=0
Time=433365000 | Ped=0 | Highway=100 | Side=001 | Walk=0
Time=433425000 | Ped=0 | Highway=001 | Side=100 | Walk=0
Time=433485000 | Ped=0 | Highway=010 | Side=100 | Walk=0
Time=433515000 | Ped=0 | Highway=100 | Side=001 | Walk=0
Time=433575000 | Ped=0 | Highway=001 | Side=100 | Walk=0
Time=433635000 | Ped=0 | Highway=010 | Side=100 | Walk=0
Time=433665000 | Ped=0 | Highway=100 | Side=001 | Walk=0
Time=433725000 | Ped=0 | Highway=001 | Side=100 | Walk=0
Time=433785000 | Ped=0 | Highway=010 | Side=100 | Walk=0
Time=433815000 | Ped=0 | Highway=100 | Side=001 | Walk=0
Time=433875000 | Ped=0 | Highway=001 | Side=100 | Walk=0
Time=433935000 | Ped=0 | Highway=010 | Side=100 | Walk=0
Time=433965000 | Ped=0 | Highway=100 | Side=001 | Walk=0
Time=434025000 | Ped=0 | Highway=001 | Side=100 | Walk=0
Time=434085000 | Ped=0 | Highway=010 | Side=100 | Walk=0
Time=434115000 | Ped=0 | Highway=100 | Side=001 | Walk=0
Time=434175000 | Ped=0 | Highway=001 | Side=100 | Walk=0
Time=434235000 | Ped=0 | Highway=010 | Side=100 | Walk=0
Time=434265000 | Ped=0 | Highway=100 | Side=001 | Walk=0
Time=434325000 | Ped=0 | Highway=001 | Side=100 | Walk=0
Time=434385000 | Ped=0 | Highway=010 | Side=100 | Walk=0
Time=434415000 | Ped=0 | Highway=100 | Side=001 | Walk=0
Time=434475000 | Ped=0 | Highway=001 | Side=100 | Walk=0
Time=434535000 | Ped=0 | Highway=010 | Side=100 | Walk=0
Time=434565000 | Ped=0 | Highway=100 | Side=001 | Walk=0
Time=434625000 | Ped=0 | Highway=001 | Side=100 | Walk=0
Time=434685000 | Ped=0 | Highway=010 | Side=100 | Walk=0
Time=434715000 | Ped=0 | Highway=100 | Side=001 | Walk=0
Time=434775000 | Ped=0 | Highway=001 | Side=100 | Walk=0
Time=434835000 | Ped=0 | Highway=010 | Side=100 | Walk=0
Time=434865000 | Ped=0 | Highway=100 | Side=001 | Walk=0
Time=434925000 | Ped=0 | Highway=001 | Side=100 | Walk=0
Time=434985000 | Ped=0 | Highway=010 | Side=100 | Walk=0
Time=435015000 | Ped=0 | Highway=100 | Side=001 | Walk=0
Time=435075000 | Ped=0 | Highway=001 | Side=100 | Walk=0
Time=435135000 | Ped=0 | Highway=010 | Side=100 | Walk=0
Time=435165000 | Ped=0 | Highway=100 | Side=001 | Walk=0
Time=435225000 | Ped=0 | Highway=001 | Side=100 | Walk=0
Time=435285000 | Ped=0 | Highway=010 | Side=100 | Walk=0
Time=435315000 | Ped=0 | Highway=100 | Side=001 | Walk=0
Time=435375000 | Ped=0 | Highway=001 | Side=100 | Walk=0
Time=435435000 | Ped=0 | Highway=010 | Side=100 | Walk=0
Time=435465000 | Ped=0 | Highway=100 | Side=001 | Walk=0
Time=435525000 | Ped=0 | Highway=001 | Side=100 | Walk=0
Time=435585000 | Ped=0 | Highway=010 | Side=100 | Walk=0
Time=435615000 | Ped=0 | Highway=100 | Side=001 | Walk=0
Time=435675000 | Ped=0 | Highway=001 | Side=100 | Walk=0
Time=435735000 | Ped=0 | Highway=010 | Side=100 | Walk=0
Time=435765000 | Ped=0 | Highway=100 | Side=001 | Walk=0
Time=435825000 | Ped=0 | Highway=001 | Side=100 | Walk=0
Time=435885000 | Ped=0 | Highway=010 | Side=100 | Walk=0
Time=435915000 | Ped=0 | Highway=100 | Side=001 | Walk=0
Time=435975000 | Ped=0 | Highway=001 | Side=100 | Walk=0
Time=436035000 | Ped=0 | Highway=010 | Side=100 | Walk=0
Time=436065000 | Ped=0 | Highway=100 | Side=001 | Walk=0
Time=436125000 | Ped=0 | Highway=001 | Side=100 | Walk=0
Time=436185000 | Ped=0 | Highway=010 | Side=100 | Walk=0
Time=436215000 | Ped=0 | Highway=100 | Side=001 | Walk=0
Time=436275000 | Ped=0 | Highway=001 | Side=100 | Walk=0
Time=436335000 | Ped=0 | Highway=010 | Side=100 | Walk=0
Time=436365000 | Ped=0 | Highway=100 | Side=001 | Walk=0
Time=436425000 | Ped=0 | Highway=001 | Side=100 | Walk=0
Time=436485000 | Ped=0 | Highway=010 | Side=100 | Walk=0
Time=436515000 | Ped=0 | Highway=100 | Side=001 | Walk=0
Time=436575000 | Ped=0 | Highway=001 | Side=100 | Walk=0
Time=436635000 | Ped=0 | Highway=010 | Side=100 | Walk=0
Time=436665000 | Ped=0 | Highway=100 | Side=001 | Walk=0
Time=436725000 | Ped=0 | Highway=001 | Side=100 | Walk=0
Time=436785000 | Ped=0 | Highway=010 | Side=100 | Walk=0
Time=436815000 | Ped=0 | Highway=100 | Side=001 | Walk=0
Time=436875000 | Ped=0 | Highway=001 | Side=100 | Walk=0
Time=436935000 | Ped=0 | Highway=010 | Side=100 | Walk=0
Time=436965000 | Ped=0 | Highway=100 | Side=001 | Walk=0
Time=437025000 | Ped=0 | Highway=001 | Side=100 | Walk=0
Time=437085000 | Ped=0 | Highway=010 | Side=100 | Walk=0
Time=437115000 | Ped=0 | Highway=100 | Side=001 | Walk=0
Time=437175000 | Ped=0 | Highway=001 | Side=100 | Walk=0
Time=437235000 | Ped=0 | Highway=010 | Side=100 | Walk=0
Time=437265000 | Ped=0 | Highway=100 | Side=001 | Walk=0
Time=437325000 | Ped=0 | Highway=001 | Side=100 | Walk=0
Time=437385000 | Ped=0 | Highway=010 | Side=100 | Walk=0
Time=437415000 | Ped=0 | Highway=100 | Side=001 | Walk=0
Time=437475000 | Ped=0 | Highway=001 | Side=100 | Walk=0
Time=437535000 | Ped=0 | Highway=010 | Side=100 | Walk=0
Time=437565000 | Ped=0 | Highway=100 | Side=001 | Walk=0
Time=437625000 | Ped=0 | Highway=001 | Side=100 | Walk=0
Time=437685000 | Ped=0 | Highway=010 | Side=100 | Walk=0
Time=437715000 | Ped=0 | Highway=100 | Side=001 | Walk=0
Time=437775000 | Ped=0 | Highway=001 | Side=100 | Walk=0
Time=437835000 | Ped=0 | Highway=010 | Side=100 | Walk=0
Time=437865000 | Ped=0 | Highway=100 | Side=001 | Walk=0
Time=437925000 | Ped=0 | Highway=001 | Side=100 | Walk=0
Time=437985000 | Ped=0 | Highway=010 | Side=100 | Walk=0
Time=438015000 | Ped=0 | Highway=100 | Side=001 | Walk=0
Time=438075000 | Ped=0 | Highway=001 | Side=100 | Walk=0
Time=438135000 | Ped=0 | Highway=010 | Side=100 | Walk=0
Time=438165000 | Ped=0 | Highway=100 | Side=001 | Walk=0
Time=438225000 | Ped=0 | Highway=001 | Side=100 | Walk=0
Time=438285000 | Ped=0 | Highway=010 | Side=100 | Walk=0
Time=438315000 | Ped=0 | Highway=100 | Side=001 | Walk=0
Time=438375000 | Ped=0 | Highway=001 | Side=100 | Walk=0
Time=438435000 | Ped=0 | Highway=010 | Side=100 | Walk=0
Time=438465000 | Ped=0 | Highway=100 | Side=001 | Walk=0
Time=438525000 | Ped=0 | Highway=001 | Side=100 | Walk=0
Time=438585000 | Ped=0 | Highway=010 | Side=100 | Walk=0
Time=438615000 | Ped=0 | Highway=100 | Side=001 | Walk=0
Time=438675000 | Ped=0 | Highway=001 | Side=100 | Walk=0
Time=438735000 | Ped=0 | Highway=010 | Side=100 | Walk=0
Time=438765000 | Ped=0 | Highway=100 | Side=001 | Walk=0
Time=438825000 | Ped=0 | Highway=001 | Side=100 | Walk=0
Time=438885000 | Ped=0 | Highway=010 | Side=100 | Walk=0
Time=438915000 | Ped=0 | Highway=100 | Side=001 | Walk=0
Time=438975000 | Ped=0 | Highway=001 | Side=100 | Walk=0
Time=439035000 | Ped=0 | Highway=010 | Side=100 | Walk=0
Time=439065000 | Ped=0 | Highway=100 | Side=001 | Walk=0
Time=439125000 | Ped=0 | Highway=001 | Side=100 | Walk=0
Time=439185000 | Ped=0 | Highway=010 | Side=100 | Walk=0
Time=439215000 | Ped=0 | Highway=100 | Side=001 | Walk=0
Time=439275000 | Ped=0 | Highway=001 | Side=100 | Walk=0
Time=439335000 | Ped=0 | Highway=010 | Side=100 | Walk=0
Time=439365000 | Ped=0 | Highway=100 | Side=001 | Walk=0
Time=439425000 | Ped=0 | Highway=001 | Side=100 | Walk=0
Time=439485000 | Ped=0 | Highway=010 | Side=100 | Walk=0
Time=439515000 | Ped=0 | Highway=100 | Side=001 | Walk=0
Time=439575000 | Ped=0 | Highway=001 | Side=100 | Walk=0
Time=439635000 | Ped=0 | Highway=010 | Side=100 | Walk=0
Time=439665000 | Ped=0 | Highway=100 | Side=001 | Walk=0
Time=439725000 | Ped=0 | Highway=001 | Side=100 | Walk=0
Time=439785000 | Ped=0 | Highway=010 | Side=100 | Walk=0
Time=439815000 | Ped=0 | Highway=100 | Side=001 | Walk=0
Time=439875000 | Ped=0 | Highway=001 | Side=100 | Walk=0
Time=439935000 | Ped=0 | Highway=010 | Side=100 | Walk=0
Time=439965000 | Ped=0 | Highway=100 | Side=001 | Walk=0
Time=440025000 | Ped=0 | Highway=001 | Side=100 | Walk=0
Time=440085000 | Ped=0 | Highway=010 | Side=100 | Walk=0
Time=440115000 | Ped=0 | Highway=100 | Side=001 | Walk=0
Time=440175000 | Ped=0 | Highway=001 | Side=100 | Walk=0
Time=440235000 | Ped=0 | Highway=010 | Side=100 | Walk=0
Time=440265000 | Ped=0 | Highway=100 | Side=001 | Walk=0
Time=440325000 | Ped=0 | Highway=001 | Side=100 | Walk=0
Time=440385000 | Ped=0 | Highway=010 | Side=100 | Walk=0
Time=440415000 | Ped=0 | Highway=100 | Side=001 | Walk=0
Time=440475000 | Ped=0 | Highway=001 | Side=100 | Walk=0
Time=440535000 | Ped=0 | Highway=010 | Side=100 | Walk=0
Time=440565000 | Ped=0 | Highway=100 | Side=001 | Walk=0
Time=440625000 | Ped=0 | Highway=001 | Side=100 | Walk=0
Time=440685000 | Ped=0 | Highway=010 | Side=100 | Walk=0
Time=440715000 | Ped=0 | Highway=100 | Side=001 | Walk=0
Time=440775000 | Ped=0 | Highway=001 | Side=100 | Walk=0
Time=440835000 | Ped=0 | Highway=010 | Side=100 | Walk=0
Time=440865000 | Ped=0 | Highway=100 | Side=001 | Walk=0
Time=440925000 | Ped=0 | Highway=001 | Side=100 | Walk=0
Time=440985000 | Ped=0 | Highway=010 | Side=100 | Walk=0
Time=441015000 | Ped=0 | Highway=100 | Side=001 | Walk=0
Time=441075000 | Ped=0 | Highway=001 | Side=100 | Walk=0
Time=441135000 | Ped=0 | Highway=010 | Side=100 | Walk=0
Time=441165000 | Ped=0 | Highway=100 | Side=001 | Walk=0
Time=441225000 | Ped=0 | Highway=001 | Side=100 | Walk=0
Time=441285000 | Ped=0 | Highway=010 | Side=100 | Walk=0
Time=441315000 | Ped=0 | Highway=100 | Side=001 | Walk=0
Time=441375000 | Ped=0 | Highway=001 | Side=100 | Walk=0
Time=441435000 | Ped=0 | Highway=010 | Side=100 | Walk=0
Time=441465000 | Ped=0 | Highway=100 | Side=001 | Walk=0
Time=441525000 | Ped=0 | Highway=001 | Side=100 | Walk=0
Time=441585000 | Ped=0 | Highway=010 | Side=100 | Walk=0
Time=441615000 | Ped=0 | Highway=100 | Side=001 | Walk=0
Time=441675000 | Ped=0 | Highway=001 | Side=100 | Walk=0
Time=441735000 | Ped=0 | Highway=010 | Side=100 | Walk=0
Time=441765000 | Ped=0 | Highway=100 | Side=001 | Walk=0
Time=441825000 | Ped=0 | Highway=001 | Side=100 | Walk=0
Time=441885000 | Ped=0 | Highway=010 | Side=100 | Walk=0
Time=441915000 | Ped=0 | Highway=100 | Side=001 | Walk=0
Time=441975000 | Ped=0 | Highway=001 | Side=100 | Walk=0
Time=442035000 | Ped=0 | Highway=010 | Side=100 | Walk=0
Time=442065000 | Ped=0 | Highway=100 | Side=001 | Walk=0
Time=442125000 | Ped=0 | Highway=001 | Side=100 | Walk=0
Time=442185000 | Ped=0 | Highway=010 | Side=100 | Walk=0
Time=442215000 | Ped=0 | Highway=100 | Side=001 | Walk=0
Time=442275000 | Ped=0 | Highway=001 | Side=100 | Walk=0
Time=442335000 | Ped=0 | Highway=010 | Side=100 | Walk=0
Time=442365000 | Ped=0 | Highway=100 | Side=001 | Walk=0
Time=442425000 | Ped=0 | Highway=001 | Side=100 | Walk=0
Time=442485000 | Ped=0 | Highway=010 | Side=100 | Walk=0
Time=442515000 | Ped=0 | Highway=100 | Side=001 | Walk=0
Time=442575000 | Ped=0 | Highway=001 | Side=100 | Walk=0
Time=442635000 | Ped=0 | Highway=010 | Side=100 | Walk=0
Time=442665000 | Ped=0 | Highway=100 | Side=001 | Walk=0
Time=442725000 | Ped=0 | Highway=001 | Side=100 | Walk=0
Time=442785000 | Ped=0 | Highway=010 | Side=100 | Walk=0
Time=442815000 | Ped=0 | Highway=100 | Side=001 | Walk=0
Time=442875000 | Ped=0 | Highway=001 | Side=100 | Walk=0
Time=442935000 | Ped=0 | Highway=010 | Side=100 | Walk=0
Time=442965000 | Ped=0 | Highway=100 | Side=001 | Walk=0
Time=443025000 | Ped=0 | Highway=001 | Side=100 | Walk=0
Time=443085000 | Ped=0 | Highway=010 | Side=100 | Walk=0
Time=443115000 | Ped=0 | Highway=100 | Side=001 | Walk=0
Time=443175000 | Ped=0 | Highway=001 | Side=100 | Walk=0
Time=443235000 | Ped=0 | Highway=010 | Side=100 | Walk=0
Time=443265000 | Ped=0 | Highway=100 | Side=001 | Walk=0
Time=443325000 | Ped=0 | Highway=001 | Side=100 | Walk=0
Time=443385000 | Ped=0 | Highway=010 | Side=100 | Walk=0
Time=443415000 | Ped=0 | Highway=100 | Side=001 | Walk=0
Time=443475000 | Ped=0 | Highway=001 | Side=100 | Walk=0
Time=443535000 | Ped=0 | Highway=010 | Side=100 | Walk=0
Time=443565000 | Ped=0 | Highway=100 | Side=001 | Walk=0
Time=443625000 | Ped=0 | Highway=001 | Side=100 | Walk=0
Time=443685000 | Ped=0 | Highway=010 | Side=100 | Walk=0
Time=443715000 | Ped=0 | Highway=100 | Side=001 | Walk=0
Time=443775000 | Ped=0 | Highway=001 | Side=100 | Walk=0
Time=443835000 | Ped=0 | Highway=010 | Side=100 | Walk=0
Time=443865000 | Ped=0 | Highway=100 | Side=001 | Walk=0
Time=443925000 | Ped=0 | Highway=001 | Side=100 | Walk=0
Time=443985000 | Ped=0 | Highway=010 | Side=100 | Walk=0
Time=444015000 | Ped=0 | Highway=100 | Side=001 | Walk=0
Time=444075000 | Ped=0 | Highway=001 | Side=100 | Walk=0
Time=444135000 | Ped=0 | Highway=010 | Side=100 | Walk=0
Time=444165000 | Ped=0 | Highway=100 | Side=001 | Walk=0
Time=444225000 | Ped=0 | Highway=001 | Side=100 | Walk=0
Time=444285000 | Ped=0 | Highway=010 | Side=100 | Walk=0
Time=444315000 | Ped=0 | Highway=100 | Side=001 | Walk=0
Time=444375000 | Ped=0 | Highway=001 | Side=100 | Walk=0
Time=444435000 | Ped=0 | Highway=010 | Side=100 | Walk=0
Time=444465000 | Ped=0 | Highway=100 | Side=001 | Walk=0
Time=444525000 | Ped=0 | Highway=001 | Side=100 | Walk=0
Time=444585000 | Ped=0 | Highway=010 | Side=100 | Walk=0
Time=444615000 | Ped=0 | Highway=100 | Side=001 | Walk=0
Time=444675000 | Ped=0 | Highway=001 | Side=100 | Walk=0
Time=444735000 | Ped=0 | Highway=010 | Side=100 | Walk=0
Time=444765000 | Ped=0 | Highway=100 | Side=001 | Walk=0
Time=444825000 | Ped=0 | Highway=001 | Side=100 | Walk=0
Time=444885000 | Ped=0 | Highway=010 | Side=100 | Walk=0
Time=444915000 | Ped=0 | Highway=100 | Side=001 | Walk=0
Time=444975000 | Ped=0 | Highway=001 | Side=100 | Walk=0
Time=445035000 | Ped=0 | Highway=010 | Side=100 | Walk=0
Time=445065000 | Ped=0 | Highway=100 | Side=001 | Walk=0
Time=445125000 | Ped=0 | Highway=001 | Side=100 | Walk=0
Time=445185000 | Ped=0 | Highway=010 | Side=100 | Walk=0
Time=445215000 | Ped=0 | Highway=100 | Side=001 | Walk=0
Time=445275000 | Ped=0 | Highway=001 | Side=100 | Walk=0
Time=445335000 | Ped=0 | Highway=010 | Side=100 | Walk=0
Time=445365000 | Ped=0 | Highway=100 | Side=001 | Walk=0
Time=445425000 | Ped=0 | Highway=001 | Side=100 | Walk=0
Time=445485000 | Ped=0 | Highway=010 | Side=100 | Walk=0
Time=445515000 | Ped=0 | Highway=100 | Side=001 | Walk=0
Time=445575000 | Ped=0 | Highway=001 | Side=100 | Walk=0
Time=445635000 | Ped=0 | Highway=010 | Side=100 | Walk=0
Time=445665000 | Ped=0 | Highway=100 | Side=001 | Walk=0
Time=445725000 | Ped=0 | Highway=001 | Side=100 | Walk=0
Time=445785000 | Ped=0 | Highway=010 | Side=100 | Walk=0
Time=445815000 | Ped=0 | Highway=100 | Side=001 | Walk=0
Time=445875000 | Ped=0 | Highway=001 | Side=100 | Walk=0
Time=445935000 | Ped=0 | Highway=010 | Side=100 | Walk=0
Time=445965000 | Ped=0 | Highway=100 | Side=001 | Walk=0
Time=446025000 | Ped=0 | Highway=001 | Side=100 | Walk=0
Time=446085000 | Ped=0 | Highway=010 | Side=100 | Walk=0
Time=446115000 | Ped=0 | Highway=100 | Side=001 | Walk=0
Time=446175000 | Ped=0 | Highway=001 | Side=100 | Walk=0
Time=446235000 | Ped=0 | Highway=010 | Side=100 | Walk=0
Time=446265000 | Ped=0 | Highway=100 | Side=001 | Walk=0
Time=446325000 | Ped=0 | Highway=001 | Side=100 | Walk=0
Time=446385000 | Ped=0 | Highway=010 | Side=100 | Walk=0
Time=446415000 | Ped=0 | Highway=100 | Side=001 | Walk=0
Time=446475000 | Ped=0 | Highway=001 | Side=100 | Walk=0
Time=446535000 | Ped=0 | Highway=010 | Side=100 | Walk=0
Time=446565000 | Ped=0 | Highway=100 | Side=001 | Walk=0
Time=446625000 | Ped=0 | Highway=001 | Side=100 | Walk=0
Time=446685000 | Ped=0 | Highway=010 | Side=100 | Walk=0
Time=446715000 | Ped=0 | Highway=100 | Side=001 | Walk=0
Time=446775000 | Ped=0 | Highway=001 | Side=100 | Walk=0
Time=446835000 | Ped=0 | Highway=010 | Side=100 | Walk=0
Time=446865000 | Ped=0 | Highway=100 | Side=001 | Walk=0
Time=446925000 | Ped=0 | Highway=001 | Side=100 | Walk=0
Time=446985000 | Ped=0 | Highway=010 | Side=100 | Walk=0
Time=447015000 | Ped=0 | Highway=100 | Side=001 | Walk=0
Time=447075000 | Ped=0 | Highway=001 | Side=100 | Walk=0
Time=447135000 | Ped=0 | Highway=010 | Side=100 | Walk=0
Time=447165000 | Ped=0 | Highway=100 | Side=001 | Walk=0
Time=447225000 | Ped=0 | Highway=001 | Side=100 | Walk=0
Time=447285000 | Ped=0 | Highway=010 | Side=100 | Walk=0
Time=447315000 | Ped=0 | Highway=100 | Side=001 | Walk=0
Time=447375000 | Ped=0 | Highway=001 | Side=100 | Walk=0
Time=447435000 | Ped=0 | Highway=010 | Side=100 | Walk=0
Time=447465000 | Ped=0 | Highway=100 | Side=001 | Walk=0
Time=447525000 | Ped=0 | Highway=001 | Side=100 | Walk=0
Time=447585000 | Ped=0 | Highway=010 | Side=100 | Walk=0
Time=447615000 | Ped=0 | Highway=100 | Side=001 | Walk=0
Time=447675000 | Ped=0 | Highway=001 | Side=100 | Walk=0
Time=447735000 | Ped=0 | Highway=010 | Side=100 | Walk=0
Time=447765000 | Ped=0 | Highway=100 | Side=001 | Walk=0
Time=447825000 | Ped=0 | Highway=001 | Side=100 | Walk=0
Time=447885000 | Ped=0 | Highway=010 | Side=100 | Walk=0
Time=447915000 | Ped=0 | Highway=100 | Side=001 | Walk=0
Time=447975000 | Ped=0 | Highway=001 | Side=100 | Walk=0
Time=448035000 | Ped=0 | Highway=010 | Side=100 | Walk=0
Time=448065000 | Ped=0 | Highway=100 | Side=001 | Walk=0
Time=448125000 | Ped=0 | Highway=001 | Side=100 | Walk=0
Time=448185000 | Ped=0 | Highway=010 | Side=100 | Walk=0
Time=448215000 | Ped=0 | Highway=100 | Side=001 | Walk=0
Time=448275000 | Ped=0 | Highway=001 | Side=100 | Walk=0
Time=448335000 | Ped=0 | Highway=010 | Side=100 | Walk=0
Time=448365000 | Ped=0 | Highway=100 | Side=001 | Walk=0
Time=448425000 | Ped=0 | Highway=001 | Side=100 | Walk=0
Time=448485000 | Ped=0 | Highway=010 | Side=100 | Walk=0
Time=448515000 | Ped=0 | Highway=100 | Side=001 | Walk=0
Time=448575000 | Ped=0 | Highway=001 | Side=100 | Walk=0
Time=448635000 | Ped=0 | Highway=010 | Side=100 | Walk=0
Time=448665000 | Ped=0 | Highway=100 | Side=001 | Walk=0
Time=448725000 | Ped=0 | Highway=001 | Side=100 | Walk=0
Time=448785000 | Ped=0 | Highway=010 | Side=100 | Walk=0
Time=448815000 | Ped=0 | Highway=100 | Side=001 | Walk=0
Time=448875000 | Ped=0 | Highway=001 | Side=100 | Walk=0
Time=448935000 | Ped=0 | Highway=010 | Side=100 | Walk=0
Time=448965000 | Ped=0 | Highway=100 | Side=001 | Walk=0
Time=449025000 | Ped=0 | Highway=001 | Side=100 | Walk=0
Time=449085000 | Ped=0 | Highway=010 | Side=100 | Walk=0
Time=449115000 | Ped=0 | Highway=100 | Side=001 | Walk=0
Time=449175000 | Ped=0 | Highway=001 | Side=100 | Walk=0
Time=449235000 | Ped=0 | Highway=010 | Side=100 | Walk=0
Time=449265000 | Ped=0 | Highway=100 | Side=001 | Walk=0
Time=449325000 | Ped=0 | Highway=001 | Side=100 | Walk=0
Time=449385000 | Ped=0 | Highway=010 | Side=100 | Walk=0
Time=449415000 | Ped=0 | Highway=100 | Side=001 | Walk=0
Time=449475000 | Ped=0 | Highway=001 | Side=100 | Walk=0
Time=449535000 | Ped=0 | Highway=010 | Side=100 | Walk=0
Time=449565000 | Ped=0 | Highway=100 | Side=001 | Walk=0
Time=449625000 | Ped=0 | Highway=001 | Side=100 | Walk=0
Time=449685000 | Ped=0 | Highway=010 | Side=100 | Walk=0
Time=449715000 | Ped=0 | Highway=100 | Side=001 | Walk=0
Time=449775000 | Ped=0 | Highway=001 | Side=100 | Walk=0
Time=449835000 | Ped=0 | Highway=010 | Side=100 | Walk=0
Time=449865000 | Ped=0 | Highway=100 | Side=001 | Walk=0
Time=449925000 | Ped=0 | Highway=001 | Side=100 | Walk=0
Time=449985000 | Ped=0 | Highway=010 | Side=100 | Walk=0
Time=450015000 | Ped=0 | Highway=100 | Side=001 | Walk=0
Time=450075000 | Ped=0 | Highway=001 | Side=100 | Walk=0
Time=450135000 | Ped=0 | Highway=010 | Side=100 | Walk=0
Time=450165000 | Ped=0 | Highway=100 | Side=001 | Walk=0
Time=450225000 | Ped=0 | Highway=001 | Side=100 | Walk=0
Time=450285000 | Ped=0 | Highway=010 | Side=100 | Walk=0
Time=450315000 | Ped=0 | Highway=100 | Side=001 | Walk=0
Time=450375000 | Ped=0 | Highway=001 | Side=100 | Walk=0
Time=450435000 | Ped=0 | Highway=010 | Side=100 | Walk=0
Time=450465000 | Ped=0 | Highway=100 | Side=001 | Walk=0
Time=450525000 | Ped=0 | Highway=001 | Side=100 | Walk=0
Time=450585000 | Ped=0 | Highway=010 | Side=100 | Walk=0
Time=450615000 | Ped=0 | Highway=100 | Side=001 | Walk=0
Time=450675000 | Ped=0 | Highway=001 | Side=100 | Walk=0
Time=450735000 | Ped=0 | Highway=010 | Side=100 | Walk=0
Time=450765000 | Ped=0 | Highway=100 | Side=001 | Walk=0
Time=450825000 | Ped=0 | Highway=001 | Side=100 | Walk=0
Time=450885000 | Ped=0 | Highway=010 | Side=100 | Walk=0
Time=450915000 | Ped=0 | Highway=100 | Side=001 | Walk=0
Time=450975000 | Ped=0 | Highway=001 | Side=100 | Walk=0
Time=451035000 | Ped=0 | Highway=010 | Side=100 | Walk=0
Time=451065000 | Ped=0 | Highway=100 | Side=001 | Walk=0
Time=451125000 | Ped=0 | Highway=001 | Side=100 | Walk=0
Time=451185000 | Ped=0 | Highway=010 | Side=100 | Walk=0
Time=451215000 | Ped=0 | Highway=100 | Side=001 | Walk=0
Time=451275000 | Ped=0 | Highway=001 | Side=100 | Walk=0
Time=451335000 | Ped=0 | Highway=010 | Side=100 | Walk=0
Time=451365000 | Ped=0 | Highway=100 | Side=001 | Walk=0
Time=451425000 | Ped=0 | Highway=001 | Side=100 | Walk=0
Time=451485000 | Ped=0 | Highway=010 | Side=100 | Walk=0
Time=451515000 | Ped=0 | Highway=100 | Side=001 | Walk=0
Time=451575000 | Ped=0 | Highway=001 | Side=100 | Walk=0
Time=451635000 | Ped=0 | Highway=010 | Side=100 | Walk=0
Time=451665000 | Ped=0 | Highway=100 | Side=001 | Walk=0
Time=451725000 | Ped=0 | Highway=001 | Side=100 | Walk=0
Time=451785000 | Ped=0 | Highway=010 | Side=100 | Walk=0
Time=451815000 | Ped=0 | Highway=100 | Side=001 | Walk=0
Time=451875000 | Ped=0 | Highway=001 | Side=100 | Walk=0
Time=451935000 | Ped=0 | Highway=010 | Side=100 | Walk=0
Time=451965000 | Ped=0 | Highway=100 | Side=001 | Walk=0
Time=452025000 | Ped=0 | Highway=001 | Side=100 | Walk=0
Time=452085000 | Ped=0 | Highway=010 | Side=100 | Walk=0
Time=452115000 | Ped=0 | Highway=100 | Side=001 | Walk=0
Time=452175000 | Ped=0 | Highway=001 | Side=100 | Walk=0
Time=452235000 | Ped=0 | Highway=010 | Side=100 | Walk=0
Time=452265000 | Ped=0 | Highway=100 | Side=001 | Walk=0
Time=452325000 | Ped=0 | Highway=001 | Side=100 | Walk=0
Time=452385000 | Ped=0 | Highway=010 | Side=100 | Walk=0
Time=452415000 | Ped=0 | Highway=100 | Side=001 | Walk=0
Time=452475000 | Ped=0 | Highway=001 | Side=100 | Walk=0
Time=452535000 | Ped=0 | Highway=010 | Side=100 | Walk=0
Time=452565000 | Ped=0 | Highway=100 | Side=001 | Walk=0
Time=452625000 | Ped=0 | Highway=001 | Side=100 | Walk=0
Time=452685000 | Ped=0 | Highway=010 | Side=100 | Walk=0
Time=452715000 | Ped=0 | Highway=100 | Side=001 | Walk=0
Time=452775000 | Ped=0 | Highway=001 | Side=100 | Walk=0
Time=452835000 | Ped=0 | Highway=010 | Side=100 | Walk=0
Time=452865000 | Ped=0 | Highway=100 | Side=001 | Walk=0
Time=452925000 | Ped=0 | Highway=001 | Side=100 | Walk=0
Time=452985000 | Ped=0 | Highway=010 | Side=100 | Walk=0
Time=453015000 | Ped=0 | Highway=100 | Side=001 | Walk=0
Time=453075000 | Ped=0 | Highway=001 | Side=100 | Walk=0
Time=453135000 | Ped=0 | Highway=010 | Side=100 | Walk=0
Time=453165000 | Ped=0 | Highway=100 | Side=001 | Walk=0
Time=453225000 | Ped=0 | Highway=001 | Side=100 | Walk=0
Time=453285000 | Ped=0 | Highway=010 | Side=100 | Walk=0
Time=453315000 | Ped=0 | Highway=100 | Side=001 | Walk=0
Time=453375000 | Ped=0 | Highway=001 | Side=100 | Walk=0
Time=453435000 | Ped=0 | Highway=010 | Side=100 | Walk=0
Time=453465000 | Ped=0 | Highway=100 | Side=001 | Walk=0
Time=453525000 | Ped=0 | Highway=001 | Side=100 | Walk=0
Time=453585000 | Ped=0 | Highway=010 | Side=100 | Walk=0
Time=453615000 | Ped=0 | Highway=100 | Side=001 | Walk=0
Time=453675000 | Ped=0 | Highway=001 | Side=100 | Walk=0
Time=453735000 | Ped=0 | Highway=010 | Side=100 | Walk=0
Time=453765000 | Ped=0 | Highway=100 | Side=001 | Walk=0
Time=453825000 | Ped=0 | Highway=001 | Side=100 | Walk=0
Time=453885000 | Ped=0 | Highway=010 | Side=100 | Walk=0
Time=453915000 | Ped=0 | Highway=100 | Side=001 | Walk=0
Time=453975000 | Ped=0 | Highway=001 | Side=100 | Walk=0
Time=454035000 | Ped=0 | Highway=010 | Side=100 | Walk=0
Time=454065000 | Ped=0 | Highway=100 | Side=001 | Walk=0
Time=454125000 | Ped=0 | Highway=001 | Side=100 | Walk=0
Time=454185000 | Ped=0 | Highway=010 | Side=100 | Walk=0
Time=454215000 | Ped=0 | Highway=100 | Side=001 | Walk=0
Time=454275000 | Ped=0 | Highway=001 | Side=100 | Walk=0
Time=454335000 | Ped=0 | Highway=010 | Side=100 | Walk=0
Time=454365000 | Ped=0 | Highway=100 | Side=001 | Walk=0
Time=454425000 | Ped=0 | Highway=001 | Side=100 | Walk=0
Time=454485000 | Ped=0 | Highway=010 | Side=100 | Walk=0
Time=454515000 | Ped=0 | Highway=100 | Side=001 | Walk=0
Time=454575000 | Ped=0 | Highway=001 | Side=100 | Walk=0
Time=454635000 | Ped=0 | Highway=010 | Side=100 | Walk=0
Time=454665000 | Ped=0 | Highway=100 | Side=001 | Walk=0
Time=454725000 | Ped=0 | Highway=001 | Side=100 | Walk=0
Time=454785000 | Ped=0 | Highway=010 | Side=100 | Walk=0
Time=454815000 | Ped=0 | Highway=100 | Side=001 | Walk=0
Time=454875000 | Ped=0 | Highway=001 | Side=100 | Walk=0
Time=454935000 | Ped=0 | Highway=010 | Side=100 | Walk=0
Time=454965000 | Ped=0 | Highway=100 | Side=001 | Walk=0
Time=455025000 | Ped=0 | Highway=001 | Side=100 | Walk=0
Time=455085000 | Ped=0 | Highway=010 | Side=100 | Walk=0
Time=455115000 | Ped=0 | Highway=100 | Side=001 | Walk=0
Time=455175000 | Ped=0 | Highway=001 | Side=100 | Walk=0
Time=455235000 | Ped=0 | Highway=010 | Side=100 | Walk=0
Time=455265000 | Ped=0 | Highway=100 | Side=001 | Walk=0
Time=455325000 | Ped=0 | Highway=001 | Side=100 | Walk=0
Time=455385000 | Ped=0 | Highway=010 | Side=100 | Walk=0
Time=455415000 | Ped=0 | Highway=100 | Side=001 | Walk=0
Time=455475000 | Ped=0 | Highway=001 | Side=100 | Walk=0
Time=455535000 | Ped=0 | Highway=010 | Side=100 | Walk=0
Time=455565000 | Ped=0 | Highway=100 | Side=001 | Walk=0
Time=455625000 | Ped=0 | Highway=001 | Side=100 | Walk=0
Time=455685000 | Ped=0 | Highway=010 | Side=100 | Walk=0
Time=455715000 | Ped=0 | Highway=100 | Side=001 | Walk=0
Time=455775000 | Ped=0 | Highway=001 | Side=100 | Walk=0
Time=455835000 | Ped=0 | Highway=010 | Side=100 | Walk=0
Time=455865000 | Ped=0 | Highway=100 | Side=001 | Walk=0
Time=455925000 | Ped=0 | Highway=001 | Side=100 | Walk=0
Time=455985000 | Ped=0 | Highway=010 | Side=100 | Walk=0
Time=456015000 | Ped=0 | Highway=100 | Side=001 | Walk=0
Time=456075000 | Ped=0 | Highway=001 | Side=100 | Walk=0
Time=456135000 | Ped=0 | Highway=010 | Side=100 | Walk=0
Time=456165000 | Ped=0 | Highway=100 | Side=001 | Walk=0
Time=456225000 | Ped=0 | Highway=001 | Side=100 | Walk=0
Time=456285000 | Ped=0 | Highway=010 | Side=100 | Walk=0
Time=456315000 | Ped=0 | Highway=100 | Side=001 | Walk=0
Time=456375000 | Ped=0 | Highway=001 | Side=100 | Walk=0
Time=456435000 | Ped=0 | Highway=010 | Side=100 | Walk=0
Time=456465000 | Ped=0 | Highway=100 | Side=001 | Walk=0
Time=456525000 | Ped=0 | Highway=001 | Side=100 | Walk=0
Time=456585000 | Ped=0 | Highway=010 | Side=100 | Walk=0
Time=456615000 | Ped=0 | Highway=100 | Side=001 | Walk=0
Time=456675000 | Ped=0 | Highway=001 | Side=100 | Walk=0
Time=456735000 | Ped=0 | Highway=010 | Side=100 | Walk=0
Time=456765000 | Ped=0 | Highway=100 | Side=001 | Walk=0
Time=456825000 | Ped=0 | Highway=001 | Side=100 | Walk=0
Time=456885000 | Ped=0 | Highway=010 | Side=100 | Walk=0
Time=456915000 | Ped=0 | Highway=100 | Side=001 | Walk=0
Time=456975000 | Ped=0 | Highway=001 | Side=100 | Walk=0
Time=457035000 | Ped=0 | Highway=010 | Side=100 | Walk=0
Time=457065000 | Ped=0 | Highway=100 | Side=001 | Walk=0
Time=457125000 | Ped=0 | Highway=001 | Side=100 | Walk=0
Time=457185000 | Ped=0 | Highway=010 | Side=100 | Walk=0
Time=457215000 | Ped=0 | Highway=100 | Side=001 | Walk=0
Time=457275000 | Ped=0 | Highway=001 | Side=100 | Walk=0
Time=457335000 | Ped=0 | Highway=010 | Side=100 | Walk=0
Time=457365000 | Ped=0 | Highway=100 | Side=001 | Walk=0
Time=457425000 | Ped=0 | Highway=001 | Side=100 | Walk=0
Time=457485000 | Ped=0 | Highway=010 | Side=100 | Walk=0
Time=457515000 | Ped=0 | Highway=100 | Side=001 | Walk=0
Time=457575000 | Ped=0 | Highway=001 | Side=100 | Walk=0
Time=457635000 | Ped=0 | Highway=010 | Side=100 | Walk=0
Time=457665000 | Ped=0 | Highway=100 | Side=001 | Walk=0
Time=457725000 | Ped=0 | Highway=001 | Side=100 | Walk=0
Time=457785000 | Ped=0 | Highway=010 | Side=100 | Walk=0
Time=457815000 | Ped=0 | Highway=100 | Side=001 | Walk=0
Time=457875000 | Ped=0 | Highway=001 | Side=100 | Walk=0
Time=457935000 | Ped=0 | Highway=010 | Side=100 | Walk=0
Time=457965000 | Ped=0 | Highway=100 | Side=001 | Walk=0
Time=458025000 | Ped=0 | Highway=001 | Side=100 | Walk=0
Time=458085000 | Ped=0 | Highway=010 | Side=100 | Walk=0
Time=458115000 | Ped=0 | Highway=100 | Side=001 | Walk=0
Time=458175000 | Ped=0 | Highway=001 | Side=100 | Walk=0
Time=458235000 | Ped=0 | Highway=010 | Side=100 | Walk=0
Time=458265000 | Ped=0 | Highway=100 | Side=001 | Walk=0
Time=458325000 | Ped=0 | Highway=001 | Side=100 | Walk=0
Time=458385000 | Ped=0 | Highway=010 | Side=100 | Walk=0
Time=458415000 | Ped=0 | Highway=100 | Side=001 | Walk=0
Time=458475000 | Ped=0 | Highway=001 | Side=100 | Walk=0
Time=458535000 | Ped=0 | Highway=010 | Side=100 | Walk=0
Time=458565000 | Ped=0 | Highway=100 | Side=001 | Walk=0
Time=458625000 | Ped=0 | Highway=001 | Side=100 | Walk=0
Time=458685000 | Ped=0 | Highway=010 | Side=100 | Walk=0
Time=458715000 | Ped=0 | Highway=100 | Side=001 | Walk=0
Time=458775000 | Ped=0 | Highway=001 | Side=100 | Walk=0
Time=458835000 | Ped=0 | Highway=010 | Side=100 | Walk=0
Time=458865000 | Ped=0 | Highway=100 | Side=001 | Walk=0
Time=458925000 | Ped=0 | Highway=001 | Side=100 | Walk=0
Time=458985000 | Ped=0 | Highway=010 | Side=100 | Walk=0
Time=459015000 | Ped=0 | Highway=100 | Side=001 | Walk=0
Time=459075000 | Ped=0 | Highway=001 | Side=100 | Walk=0
Time=459135000 | Ped=0 | Highway=010 | Side=100 | Walk=0
Time=459165000 | Ped=0 | Highway=100 | Side=001 | Walk=0
Time=459225000 | Ped=0 | Highway=001 | Side=100 | Walk=0
Time=459285000 | Ped=0 | Highway=010 | Side=100 | Walk=0
Time=459315000 | Ped=0 | Highway=100 | Side=001 | Walk=0
Time=459375000 | Ped=0 | Highway=001 | Side=100 | Walk=0
Time=459435000 | Ped=0 | Highway=010 | Side=100 | Walk=0
Time=459465000 | Ped=0 | Highway=100 | Side=001 | Walk=0
Time=459525000 | Ped=0 | Highway=001 | Side=100 | Walk=0
Time=459585000 | Ped=0 | Highway=010 | Side=100 | Walk=0
Time=459615000 | Ped=0 | Highway=100 | Side=001 | Walk=0
Time=459675000 | Ped=0 | Highway=001 | Side=100 | Walk=0
Time=459735000 | Ped=0 | Highway=010 | Side=100 | Walk=0
Time=459765000 | Ped=0 | Highway=100 | Side=001 | Walk=0
Time=459825000 | Ped=0 | Highway=001 | Side=100 | Walk=0
Time=459885000 | Ped=0 | Highway=010 | Side=100 | Walk=0
Time=459915000 | Ped=0 | Highway=100 | Side=001 | Walk=0
Time=459975000 | Ped=0 | Highway=001 | Side=100 | Walk=0
Time=460035000 | Ped=0 | Highway=010 | Side=100 | Walk=0
Time=460065000 | Ped=0 | Highway=100 | Side=001 | Walk=0
Time=460125000 | Ped=0 | Highway=001 | Side=100 | Walk=0
Time=460185000 | Ped=0 | Highway=010 | Side=100 | Walk=0
Time=460215000 | Ped=0 | Highway=100 | Side=001 | Walk=0
Time=460275000 | Ped=0 | Highway=001 | Side=100 | Walk=0
Time=460335000 | Ped=0 | Highway=010 | Side=100 | Walk=0
Time=460365000 | Ped=0 | Highway=100 | Side=001 | Walk=0
Time=460425000 | Ped=0 | Highway=001 | Side=100 | Walk=0
Time=460485000 | Ped=0 | Highway=010 | Side=100 | Walk=0
Time=460515000 | Ped=0 | Highway=100 | Side=001 | Walk=0
Time=460575000 | Ped=0 | Highway=001 | Side=100 | Walk=0
Time=460635000 | Ped=0 | Highway=010 | Side=100 | Walk=0
Time=460665000 | Ped=0 | Highway=100 | Side=001 | Walk=0
Time=460725000 | Ped=0 | Highway=001 | Side=100 | Walk=0
Time=460785000 | Ped=0 | Highway=010 | Side=100 | Walk=0
Time=460815000 | Ped=0 | Highway=100 | Side=001 | Walk=0
Time=460875000 | Ped=0 | Highway=001 | Side=100 | Walk=0
Time=460935000 | Ped=0 | Highway=010 | Side=100 | Walk=0
Time=460965000 | Ped=0 | Highway=100 | Side=001 | Walk=0
Time=461025000 | Ped=0 | Highway=001 | Side=100 | Walk=0
Time=461085000 | Ped=0 | Highway=010 | Side=100 | Walk=0
Time=461115000 | Ped=0 | Highway=100 | Side=001 | Walk=0
Time=461175000 | Ped=0 | Highway=001 | Side=100 | Walk=0
Time=461235000 | Ped=0 | Highway=010 | Side=100 | Walk=0
Time=461265000 | Ped=0 | Highway=100 | Side=001 | Walk=0
Time=461325000 | Ped=0 | Highway=001 | Side=100 | Walk=0
Time=461385000 | Ped=0 | Highway=010 | Side=100 | Walk=0
Time=461415000 | Ped=0 | Highway=100 | Side=001 | Walk=0
Time=461475000 | Ped=0 | Highway=001 | Side=100 | Walk=0
Time=461535000 | Ped=0 | Highway=010 | Side=100 | Walk=0
Time=461565000 | Ped=0 | Highway=100 | Side=001 | Walk=0
Time=461625000 | Ped=0 | Highway=001 | Side=100 | Walk=0
Time=461685000 | Ped=0 | Highway=010 | Side=100 | Walk=0
Time=461715000 | Ped=0 | Highway=100 | Side=001 | Walk=0
Time=461775000 | Ped=0 | Highway=001 | Side=100 | Walk=0
Time=461835000 | Ped=0 | Highway=010 | Side=100 | Walk=0
Time=461865000 | Ped=0 | Highway=100 | Side=001 | Walk=0
Time=461925000 | Ped=0 | Highway=001 | Side=100 | Walk=0
Time=461985000 | Ped=0 | Highway=010 | Side=100 | Walk=0
Time=462015000 | Ped=0 | Highway=100 | Side=001 | Walk=0
Time=462075000 | Ped=0 | Highway=001 | Side=100 | Walk=0
Time=462135000 | Ped=0 | Highway=010 | Side=100 | Walk=0
Time=462165000 | Ped=0 | Highway=100 | Side=001 | Walk=0
Time=462225000 | Ped=0 | Highway=001 | Side=100 | Walk=0
Time=462285000 | Ped=0 | Highway=010 | Side=100 | Walk=0
Time=462315000 | Ped=0 | Highway=100 | Side=001 | Walk=0
Time=462375000 | Ped=0 | Highway=001 | Side=100 | Walk=0
Time=462435000 | Ped=0 | Highway=010 | Side=100 | Walk=0
Time=462465000 | Ped=0 | Highway=100 | Side=001 | Walk=0
Time=462525000 | Ped=0 | Highway=001 | Side=100 | Walk=0
Time=462585000 | Ped=0 | Highway=010 | Side=100 | Walk=0
Time=462615000 | Ped=0 | Highway=100 | Side=001 | Walk=0
Time=462675000 | Ped=0 | Highway=001 | Side=100 | Walk=0
Time=462735000 | Ped=0 | Highway=010 | Side=100 | Walk=0
Time=462765000 | Ped=0 | Highway=100 | Side=001 | Walk=0
Time=462825000 | Ped=0 | Highway=001 | Side=100 | Walk=0
Time=462885000 | Ped=0 | Highway=010 | Side=100 | Walk=0
Time=462915000 | Ped=0 | Highway=100 | Side=001 | Walk=0
Time=462975000 | Ped=0 | Highway=001 | Side=100 | Walk=0
Time=463035000 | Ped=0 | Highway=010 | Side=100 | Walk=0
Time=463065000 | Ped=0 | Highway=100 | Side=001 | Walk=0
Time=463125000 | Ped=0 | Highway=001 | Side=100 | Walk=0
Time=463185000 | Ped=0 | Highway=010 | Side=100 | Walk=0
Time=463215000 | Ped=0 | Highway=100 | Side=001 | Walk=0
Time=463275000 | Ped=0 | Highway=001 | Side=100 | Walk=0
Time=463335000 | Ped=0 | Highway=010 | Side=100 | Walk=0
Time=463365000 | Ped=0 | Highway=100 | Side=001 | Walk=0
Time=463425000 | Ped=0 | Highway=001 | Side=100 | Walk=0
Time=463485000 | Ped=0 | Highway=010 | Side=100 | Walk=0
Time=463515000 | Ped=0 | Highway=100 | Side=001 | Walk=0
Time=463575000 | Ped=0 | Highway=001 | Side=100 | Walk=0
Time=463635000 | Ped=0 | Highway=010 | Side=100 | Walk=0
Time=463665000 | Ped=0 | Highway=100 | Side=001 | Walk=0
Time=463725000 | Ped=0 | Highway=001 | Side=100 | Walk=0
Time=463785000 | Ped=0 | Highway=010 | Side=100 | Walk=0
Time=463815000 | Ped=0 | Highway=100 | Side=001 | Walk=0
Time=463875000 | Ped=0 | Highway=001 | Side=100 | Walk=0
Time=463935000 | Ped=0 | Highway=010 | Side=100 | Walk=0
Time=463965000 | Ped=0 | Highway=100 | Side=001 | Walk=0
Time=464025000 | Ped=0 | Highway=001 | Side=100 | Walk=0
Time=464085000 | Ped=0 | Highway=010 | Side=100 | Walk=0
Time=464115000 | Ped=0 | Highway=100 | Side=001 | Walk=0
Time=464175000 | Ped=0 | Highway=001 | Side=100 | Walk=0
Time=464235000 | Ped=0 | Highway=010 | Side=100 | Walk=0
Time=464265000 | Ped=0 | Highway=100 | Side=001 | Walk=0
Time=464325000 | Ped=0 | Highway=001 | Side=100 | Walk=0
Time=464385000 | Ped=0 | Highway=010 | Side=100 | Walk=0
Time=464415000 | Ped=0 | Highway=100 | Side=001 | Walk=0
Time=464475000 | Ped=0 | Highway=001 | Side=100 | Walk=0
Time=464535000 | Ped=0 | Highway=010 | Side=100 | Walk=0
Time=464565000 | Ped=0 | Highway=100 | Side=001 | Walk=0
Time=464625000 | Ped=0 | Highway=001 | Side=100 | Walk=0
Time=464685000 | Ped=0 | Highway=010 | Side=100 | Walk=0
Time=464715000 | Ped=0 | Highway=100 | Side=001 | Walk=0
Time=464775000 | Ped=0 | Highway=001 | Side=100 | Walk=0
Time=464835000 | Ped=0 | Highway=010 | Side=100 | Walk=0
Time=464865000 | Ped=0 | Highway=100 | Side=001 | Walk=0
Time=464925000 | Ped=0 | Highway=001 | Side=100 | Walk=0
Time=464985000 | Ped=0 | Highway=010 | Side=100 | Walk=0
Time=465015000 | Ped=0 | Highway=100 | Side=001 | Walk=0
Time=465075000 | Ped=0 | Highway=001 | Side=100 | Walk=0
Time=465135000 | Ped=0 | Highway=010 | Side=100 | Walk=0
Time=465165000 | Ped=0 | Highway=100 | Side=001 | Walk=0
Time=465225000 | Ped=0 | Highway=001 | Side=100 | Walk=0
Time=465285000 | Ped=0 | Highway=010 | Side=100 | Walk=0
Time=465315000 | Ped=0 | Highway=100 | Side=001 | Walk=0
Time=465375000 | Ped=0 | Highway=001 | Side=100 | Walk=0
Time=465435000 | Ped=0 | Highway=010 | Side=100 | Walk=0
Time=465465000 | Ped=0 | Highway=100 | Side=001 | Walk=0
Time=465525000 | Ped=0 | Highway=001 | Side=100 | Walk=0
Time=465585000 | Ped=0 | Highway=010 | Side=100 | Walk=0
Time=465615000 | Ped=0 | Highway=100 | Side=001 | Walk=0
Time=465675000 | Ped=0 | Highway=001 | Side=100 | Walk=0
Time=465735000 | Ped=0 | Highway=010 | Side=100 | Walk=0
Time=465765000 | Ped=0 | Highway=100 | Side=001 | Walk=0
Time=465825000 | Ped=0 | Highway=001 | Side=100 | Walk=0
Time=465885000 | Ped=0 | Highway=010 | Side=100 | Walk=0
Time=465915000 | Ped=0 | Highway=100 | Side=001 | Walk=0
Time=465975000 | Ped=0 | Highway=001 | Side=100 | Walk=0
Time=466035000 | Ped=0 | Highway=010 | Side=100 | Walk=0
Time=466065000 | Ped=0 | Highway=100 | Side=001 | Walk=0
Time=466125000 | Ped=0 | Highway=001 | Side=100 | Walk=0
Time=466185000 | Ped=0 | Highway=010 | Side=100 | Walk=0
Time=466215000 | Ped=0 | Highway=100 | Side=001 | Walk=0
Time=466275000 | Ped=0 | Highway=001 | Side=100 | Walk=0
Time=466335000 | Ped=0 | Highway=010 | Side=100 | Walk=0
Time=466365000 | Ped=0 | Highway=100 | Side=001 | Walk=0
Time=466425000 | Ped=0 | Highway=001 | Side=100 | Walk=0
Time=466485000 | Ped=0 | Highway=010 | Side=100 | Walk=0
Time=466515000 | Ped=0 | Highway=100 | Side=001 | Walk=0
Time=466575000 | Ped=0 | Highway=001 | Side=100 | Walk=0
Time=466635000 | Ped=0 | Highway=010 | Side=100 | Walk=0
Time=466665000 | Ped=0 | Highway=100 | Side=001 | Walk=0
Time=466725000 | Ped=0 | Highway=001 | Side=100 | Walk=0
Time=466785000 | Ped=0 | Highway=010 | Side=100 | Walk=0
Time=466815000 | Ped=0 | Highway=100 | Side=001 | Walk=0
Time=466875000 | Ped=0 | Highway=001 | Side=100 | Walk=0
Time=466935000 | Ped=0 | Highway=010 | Side=100 | Walk=0
Time=466965000 | Ped=0 | Highway=100 | Side=001 | Walk=0
Time=467025000 | Ped=0 | Highway=001 | Side=100 | Walk=0
Time=467085000 | Ped=0 | Highway=010 | Side=100 | Walk=0
Time=467115000 | Ped=0 | Highway=100 | Side=001 | Walk=0
Time=467175000 | Ped=0 | Highway=001 | Side=100 | Walk=0
Time=467235000 | Ped=0 | Highway=010 | Side=100 | Walk=0
Time=467265000 | Ped=0 | Highway=100 | Side=001 | Walk=0
Time=467325000 | Ped=0 | Highway=001 | Side=100 | Walk=0
Time=467385000 | Ped=0 | Highway=010 | Side=100 | Walk=0
Time=467415000 | Ped=0 | Highway=100 | Side=001 | Walk=0
Time=467475000 | Ped=0 | Highway=001 | Side=100 | Walk=0
Time=467535000 | Ped=0 | Highway=010 | Side=100 | Walk=0
Time=467565000 | Ped=0 | Highway=100 | Side=001 | Walk=0
Time=467625000 | Ped=0 | Highway=001 | Side=100 | Walk=0
Time=467685000 | Ped=0 | Highway=010 | Side=100 | Walk=0
Time=467715000 | Ped=0 | Highway=100 | Side=001 | Walk=0
Time=467775000 | Ped=0 | Highway=001 | Side=100 | Walk=0
Time=467835000 | Ped=0 | Highway=010 | Side=100 | Walk=0
Time=467865000 | Ped=0 | Highway=100 | Side=001 | Walk=0
Time=467925000 | Ped=0 | Highway=001 | Side=100 | Walk=0
Time=467985000 | Ped=0 | Highway=010 | Side=100 | Walk=0
Time=468015000 | Ped=0 | Highway=100 | Side=001 | Walk=0
Time=468075000 | Ped=0 | Highway=001 | Side=100 | Walk=0
Time=468135000 | Ped=0 | Highway=010 | Side=100 | Walk=0
Time=468165000 | Ped=0 | Highway=100 | Side=001 | Walk=0
Time=468225000 | Ped=0 | Highway=001 | Side=100 | Walk=0
Time=468285000 | Ped=0 | Highway=010 | Side=100 | Walk=0
Time=468315000 | Ped=0 | Highway=100 | Side=001 | Walk=0
Time=468375000 | Ped=0 | Highway=001 | Side=100 | Walk=0
Time=468435000 | Ped=0 | Highway=010 | Side=100 | Walk=0
Time=468465000 | Ped=0 | Highway=100 | Side=001 | Walk=0
Time=468525000 | Ped=0 | Highway=001 | Side=100 | Walk=0
Time=468585000 | Ped=0 | Highway=010 | Side=100 | Walk=0
Time=468615000 | Ped=0 | Highway=100 | Side=001 | Walk=0
Time=468675000 | Ped=0 | Highway=001 | Side=100 | Walk=0
Time=468735000 | Ped=0 | Highway=010 | Side=100 | Walk=0
Time=468765000 | Ped=0 | Highway=100 | Side=001 | Walk=0
Time=468825000 | Ped=0 | Highway=001 | Side=100 | Walk=0
Time=468885000 | Ped=0 | Highway=010 | Side=100 | Walk=0
Time=468915000 | Ped=0 | Highway=100 | Side=001 | Walk=0
Time=468975000 | Ped=0 | Highway=001 | Side=100 | Walk=0
Time=469035000 | Ped=0 | Highway=010 | Side=100 | Walk=0
Time=469065000 | Ped=0 | Highway=100 | Side=001 | Walk=0
Time=469125000 | Ped=0 | Highway=001 | Side=100 | Walk=0
Time=469185000 | Ped=0 | Highway=010 | Side=100 | Walk=0
Time=469215000 | Ped=0 | Highway=100 | Side=001 | Walk=0
Time=469275000 | Ped=0 | Highway=001 | Side=100 | Walk=0
Time=469335000 | Ped=0 | Highway=010 | Side=100 | Walk=0
Time=469365000 | Ped=0 | Highway=100 | Side=001 | Walk=0
Time=469425000 | Ped=0 | Highway=001 | Side=100 | Walk=0
Time=469485000 | Ped=0 | Highway=010 | Side=100 | Walk=0
Time=469515000 | Ped=0 | Highway=100 | Side=001 | Walk=0
Time=469575000 | Ped=0 | Highway=001 | Side=100 | Walk=0
Time=469635000 | Ped=0 | Highway=010 | Side=100 | Walk=0
Time=469665000 | Ped=0 | Highway=100 | Side=001 | Walk=0
Time=469725000 | Ped=0 | Highway=001 | Side=100 | Walk=0
Time=469785000 | Ped=0 | Highway=010 | Side=100 | Walk=0
Time=469815000 | Ped=0 | Highway=100 | Side=001 | Walk=0
Time=469875000 | Ped=0 | Highway=001 | Side=100 | Walk=0
Time=469935000 | Ped=0 | Highway=010 | Side=100 | Walk=0
Time=469965000 | Ped=0 | Highway=100 | Side=001 | Walk=0
Time=470025000 | Ped=0 | Highway=001 | Side=100 | Walk=0
Time=470085000 | Ped=0 | Highway=010 | Side=100 | Walk=0
Time=470115000 | Ped=0 | Highway=100 | Side=001 | Walk=0
Time=470175000 | Ped=0 | Highway=001 | Side=100 | Walk=0
Time=470235000 | Ped=0 | Highway=010 | Side=100 | Walk=0
Time=470265000 | Ped=0 | Highway=100 | Side=001 | Walk=0
Time=470325000 | Ped=0 | Highway=001 | Side=100 | Walk=0
Time=470385000 | Ped=0 | Highway=010 | Side=100 | Walk=0
Time=470415000 | Ped=0 | Highway=100 | Side=001 | Walk=0
Time=470475000 | Ped=0 | Highway=001 | Side=100 | Walk=0
Time=470535000 | Ped=0 | Highway=010 | Side=100 | Walk=0
Time=470565000 | Ped=0 | Highway=100 | Side=001 | Walk=0
Time=470625000 | Ped=0 | Highway=001 | Side=100 | Walk=0
Time=470685000 | Ped=0 | Highway=010 | Side=100 | Walk=0
Time=470715000 | Ped=0 | Highway=100 | Side=001 | Walk=0
Time=470775000 | Ped=0 | Highway=001 | Side=100 | Walk=0
Time=470835000 | Ped=0 | Highway=010 | Side=100 | Walk=0
Time=470865000 | Ped=0 | Highway=100 | Side=001 | Walk=0
Time=470925000 | Ped=0 | Highway=001 | Side=100 | Walk=0
Time=470985000 | Ped=0 | Highway=010 | Side=100 | Walk=0
Time=471015000 | Ped=0 | Highway=100 | Side=001 | Walk=0
Time=471075000 | Ped=0 | Highway=001 | Side=100 | Walk=0
Time=471135000 | Ped=0 | Highway=010 | Side=100 | Walk=0
Time=471165000 | Ped=0 | Highway=100 | Side=001 | Walk=0
Time=471225000 | Ped=0 | Highway=001 | Side=100 | Walk=0
Time=471285000 | Ped=0 | Highway=010 | Side=100 | Walk=0
Time=471315000 | Ped=0 | Highway=100 | Side=001 | Walk=0
Time=471375000 | Ped=0 | Highway=001 | Side=100 | Walk=0
Time=471435000 | Ped=0 | Highway=010 | Side=100 | Walk=0
Time=471465000 | Ped=0 | Highway=100 | Side=001 | Walk=0
Time=471525000 | Ped=0 | Highway=001 | Side=100 | Walk=0
Time=471585000 | Ped=0 | Highway=010 | Side=100 | Walk=0
Time=471615000 | Ped=0 | Highway=100 | Side=001 | Walk=0
Time=471675000 | Ped=0 | Highway=001 | Side=100 | Walk=0
Time=471735000 | Ped=0 | Highway=010 | Side=100 | Walk=0
Time=471765000 | Ped=0 | Highway=100 | Side=001 | Walk=0
Time=471825000 | Ped=0 | Highway=001 | Side=100 | Walk=0
Time=471885000 | Ped=0 | Highway=010 | Side=100 | Walk=0
Time=471915000 | Ped=0 | Highway=100 | Side=001 | Walk=0
Time=471975000 | Ped=0 | Highway=001 | Side=100 | Walk=0
Time=472035000 | Ped=0 | Highway=010 | Side=100 | Walk=0
Time=472065000 | Ped=0 | Highway=100 | Side=001 | Walk=0
Time=472125000 | Ped=0 | Highway=001 | Side=100 | Walk=0
Time=472185000 | Ped=0 | Highway=010 | Side=100 | Walk=0
Time=472215000 | Ped=0 | Highway=100 | Side=001 | Walk=0
Time=472275000 | Ped=0 | Highway=001 | Side=100 | Walk=0
Time=472335000 | Ped=0 | Highway=010 | Side=100 | Walk=0
Time=472365000 | Ped=0 | Highway=100 | Side=001 | Walk=0
Time=472425000 | Ped=0 | Highway=001 | Side=100 | Walk=0
Time=472485000 | Ped=0 | Highway=010 | Side=100 | Walk=0
Time=472515000 | Ped=0 | Highway=100 | Side=001 | Walk=0
Time=472575000 | Ped=0 | Highway=001 | Side=100 | Walk=0
Time=472635000 | Ped=0 | Highway=010 | Side=100 | Walk=0
Time=472665000 | Ped=0 | Highway=100 | Side=001 | Walk=0
Time=472725000 | Ped=0 | Highway=001 | Side=100 | Walk=0
Time=472785000 | Ped=0 | Highway=010 | Side=100 | Walk=0
Time=472815000 | Ped=0 | Highway=100 | Side=001 | Walk=0
Time=472875000 | Ped=0 | Highway=001 | Side=100 | Walk=0
Time=472935000 | Ped=0 | Highway=010 | Side=100 | Walk=0
Time=472965000 | Ped=0 | Highway=100 | Side=001 | Walk=0
Time=473025000 | Ped=0 | Highway=001 | Side=100 | Walk=0
Time=473085000 | Ped=0 | Highway=010 | Side=100 | Walk=0
Time=473115000 | Ped=0 | Highway=100 | Side=001 | Walk=0
Time=473175000 | Ped=0 | Highway=001 | Side=100 | Walk=0
Time=473235000 | Ped=0 | Highway=010 | Side=100 | Walk=0
Time=473265000 | Ped=0 | Highway=100 | Side=001 | Walk=0
Time=473325000 | Ped=0 | Highway=001 | Side=100 | Walk=0
Time=473385000 | Ped=0 | Highway=010 | Side=100 | Walk=0
Time=473415000 | Ped=0 | Highway=100 | Side=001 | Walk=0
Time=473475000 | Ped=0 | Highway=001 | Side=100 | Walk=0
Time=473535000 | Ped=0 | Highway=010 | Side=100 | Walk=0
Time=473565000 | Ped=0 | Highway=100 | Side=001 | Walk=0
Time=473625000 | Ped=0 | Highway=001 | Side=100 | Walk=0
Time=473685000 | Ped=0 | Highway=010 | Side=100 | Walk=0
Time=473715000 | Ped=0 | Highway=100 | Side=001 | Walk=0
Time=473775000 | Ped=0 | Highway=001 | Side=100 | Walk=0
Time=473835000 | Ped=0 | Highway=010 | Side=100 | Walk=0
Time=473865000 | Ped=0 | Highway=100 | Side=001 | Walk=0
Time=473925000 | Ped=0 | Highway=001 | Side=100 | Walk=0
Time=473985000 | Ped=0 | Highway=010 | Side=100 | Walk=0
Time=474015000 | Ped=0 | Highway=100 | Side=001 | Walk=0
Time=474075000 | Ped=0 | Highway=001 | Side=100 | Walk=0
Time=474135000 | Ped=0 | Highway=010 | Side=100 | Walk=0
Time=474165000 | Ped=0 | Highway=100 | Side=001 | Walk=0
Time=474225000 | Ped=0 | Highway=001 | Side=100 | Walk=0
Time=474285000 | Ped=0 | Highway=010 | Side=100 | Walk=0
Time=474315000 | Ped=0 | Highway=100 | Side=001 | Walk=0
Time=474375000 | Ped=0 | Highway=001 | Side=100 | Walk=0
Time=474435000 | Ped=0 | Highway=010 | Side=100 | Walk=0
Time=474465000 | Ped=0 | Highway=100 | Side=001 | Walk=0
Time=474525000 | Ped=0 | Highway=001 | Side=100 | Walk=0
Time=474585000 | Ped=0 | Highway=010 | Side=100 | Walk=0
Time=474615000 | Ped=0 | Highway=100 | Side=001 | Walk=0
Time=474675000 | Ped=0 | Highway=001 | Side=100 | Walk=0
Time=474735000 | Ped=0 | Highway=010 | Side=100 | Walk=0
Time=474765000 | Ped=0 | Highway=100 | Side=001 | Walk=0
Time=474825000 | Ped=0 | Highway=001 | Side=100 | Walk=0
Time=474885000 | Ped=0 | Highway=010 | Side=100 | Walk=0
Time=474915000 | Ped=0 | Highway=100 | Side=001 | Walk=0
Time=474975000 | Ped=0 | Highway=001 | Side=100 | Walk=0
Time=475035000 | Ped=0 | Highway=010 | Side=100 | Walk=0
Time=475065000 | Ped=0 | Highway=100 | Side=001 | Walk=0
Time=475125000 | Ped=0 | Highway=001 | Side=100 | Walk=0
Time=475185000 | Ped=0 | Highway=010 | Side=100 | Walk=0
Time=475215000 | Ped=0 | Highway=100 | Side=001 | Walk=0
Time=475275000 | Ped=0 | Highway=001 | Side=100 | Walk=0
Time=475335000 | Ped=0 | Highway=010 | Side=100 | Walk=0
Time=475365000 | Ped=0 | Highway=100 | Side=001 | Walk=0
Time=475425000 | Ped=0 | Highway=001 | Side=100 | Walk=0
Time=475485000 | Ped=0 | Highway=010 | Side=100 | Walk=0
Time=475515000 | Ped=0 | Highway=100 | Side=001 | Walk=0
Time=475575000 | Ped=0 | Highway=001 | Side=100 | Walk=0
Time=475635000 | Ped=0 | Highway=010 | Side=100 | Walk=0
Time=475665000 | Ped=0 | Highway=100 | Side=001 | Walk=0
Time=475725000 | Ped=0 | Highway=001 | Side=100 | Walk=0
Time=475785000 | Ped=0 | Highway=010 | Side=100 | Walk=0
Time=475815000 | Ped=0 | Highway=100 | Side=001 | Walk=0
Time=475875000 | Ped=0 | Highway=001 | Side=100 | Walk=0
Time=475935000 | Ped=0 | Highway=010 | Side=100 | Walk=0
Time=475965000 | Ped=0 | Highway=100 | Side=001 | Walk=0
Time=476025000 | Ped=0 | Highway=001 | Side=100 | Walk=0
Time=476085000 | Ped=0 | Highway=010 | Side=100 | Walk=0
Time=476115000 | Ped=0 | Highway=100 | Side=001 | Walk=0
Time=476175000 | Ped=0 | Highway=001 | Side=100 | Walk=0
Time=476235000 | Ped=0 | Highway=010 | Side=100 | Walk=0
Time=476265000 | Ped=0 | Highway=100 | Side=001 | Walk=0
Time=476325000 | Ped=0 | Highway=001 | Side=100 | Walk=0
Time=476385000 | Ped=0 | Highway=010 | Side=100 | Walk=0
Time=476415000 | Ped=0 | Highway=100 | Side=001 | Walk=0
Time=476475000 | Ped=0 | Highway=001 | Side=100 | Walk=0
Time=476535000 | Ped=0 | Highway=010 | Side=100 | Walk=0
Time=476565000 | Ped=0 | Highway=100 | Side=001 | Walk=0
Time=476625000 | Ped=0 | Highway=001 | Side=100 | Walk=0
Time=476685000 | Ped=0 | Highway=010 | Side=100 | Walk=0
Time=476715000 | Ped=0 | Highway=100 | Side=001 | Walk=0
Time=476775000 | Ped=0 | Highway=001 | Side=100 | Walk=0
Time=476835000 | Ped=0 | Highway=010 | Side=100 | Walk=0
Time=476865000 | Ped=0 | Highway=100 | Side=001 | Walk=0
Time=476925000 | Ped=0 | Highway=001 | Side=100 | Walk=0
Time=476985000 | Ped=0 | Highway=010 | Side=100 | Walk=0
Time=477015000 | Ped=0 | Highway=100 | Side=001 | Walk=0
Time=477075000 | Ped=0 | Highway=001 | Side=100 | Walk=0
Time=477135000 | Ped=0 | Highway=010 | Side=100 | Walk=0
Time=477165000 | Ped=0 | Highway=100 | Side=001 | Walk=0
Time=477225000 | Ped=0 | Highway=001 | Side=100 | Walk=0
Time=477285000 | Ped=0 | Highway=010 | Side=100 | Walk=0
Time=477315000 | Ped=0 | Highway=100 | Side=001 | Walk=0
Time=477375000 | Ped=0 | Highway=001 | Side=100 | Walk=0
Time=477435000 | Ped=0 | Highway=010 | Side=100 | Walk=0
Time=477465000 | Ped=0 | Highway=100 | Side=001 | Walk=0
Time=477525000 | Ped=0 | Highway=001 | Side=100 | Walk=0
Time=477585000 | Ped=0 | Highway=010 | Side=100 | Walk=0
Time=477615000 | Ped=0 | Highway=100 | Side=001 | Walk=0
Time=477675000 | Ped=0 | Highway=001 | Side=100 | Walk=0
Time=477735000 | Ped=0 | Highway=010 | Side=100 | Walk=0
Time=477765000 | Ped=0 | Highway=100 | Side=001 | Walk=0
Time=477825000 | Ped=0 | Highway=001 | Side=100 | Walk=0
Time=477885000 | Ped=0 | Highway=010 | Side=100 | Walk=0
Time=477915000 | Ped=0 | Highway=100 | Side=001 | Walk=0
Time=477975000 | Ped=0 | Highway=001 | Side=100 | Walk=0
Time=478035000 | Ped=0 | Highway=010 | Side=100 | Walk=0
Time=478065000 | Ped=0 | Highway=100 | Side=001 | Walk=0
Time=478125000 | Ped=0 | Highway=001 | Side=100 | Walk=0
Time=478185000 | Ped=0 | Highway=010 | Side=100 | Walk=0
Time=478215000 | Ped=0 | Highway=100 | Side=001 | Walk=0
Time=478275000 | Ped=0 | Highway=001 | Side=100 | Walk=0
Time=478335000 | Ped=0 | Highway=010 | Side=100 | Walk=0
Time=478365000 | Ped=0 | Highway=100 | Side=001 | Walk=0
Time=478425000 | Ped=0 | Highway=001 | Side=100 | Walk=0
Time=478485000 | Ped=0 | Highway=010 | Side=100 | Walk=0
Time=478515000 | Ped=0 | Highway=100 | Side=001 | Walk=0
Time=478575000 | Ped=0 | Highway=001 | Side=100 | Walk=0
Time=478635000 | Ped=0 | Highway=010 | Side=100 | Walk=0
Time=478665000 | Ped=0 | Highway=100 | Side=001 | Walk=0
Time=478725000 | Ped=0 | Highway=001 | Side=100 | Walk=0
Time=478785000 | Ped=0 | Highway=010 | Side=100 | Walk=0
Time=478815000 | Ped=0 | Highway=100 | Side=001 | Walk=0
Time=478875000 | Ped=0 | Highway=001 | Side=100 | Walk=0
Time=478935000 | Ped=0 | Highway=010 | Side=100 | Walk=0
Time=478965000 | Ped=0 | Highway=100 | Side=001 | Walk=0
Time=479025000 | Ped=0 | Highway=001 | Side=100 | Walk=0
Time=479085000 | Ped=0 | Highway=010 | Side=100 | Walk=0
Time=479115000 | Ped=0 | Highway=100 | Side=001 | Walk=0
Time=479175000 | Ped=0 | Highway=001 | Side=100 | Walk=0
Time=479235000 | Ped=0 | Highway=010 | Side=100 | Walk=0
Time=479265000 | Ped=0 | Highway=100 | Side=001 | Walk=0
Time=479325000 | Ped=0 | Highway=001 | Side=100 | Walk=0
Time=479385000 | Ped=0 | Highway=010 | Side=100 | Walk=0
Time=479415000 | Ped=0 | Highway=100 | Side=001 | Walk=0
Time=479475000 | Ped=0 | Highway=001 | Side=100 | Walk=0
Time=479535000 | Ped=0 | Highway=010 | Side=100 | Walk=0
Time=479565000 | Ped=0 | Highway=100 | Side=001 | Walk=0
Time=479625000 | Ped=0 | Highway=001 | Side=100 | Walk=0
Time=479685000 | Ped=0 | Highway=010 | Side=100 | Walk=0
Time=479715000 | Ped=0 | Highway=100 | Side=001 | Walk=0
Time=479775000 | Ped=0 | Highway=001 | Side=100 | Walk=0
Time=479835000 | Ped=0 | Highway=010 | Side=100 | Walk=0
Time=479865000 | Ped=0 | Highway=100 | Side=001 | Walk=0
Time=479925000 | Ped=0 | Highway=001 | Side=100 | Walk=0
Time=479985000 | Ped=0 | Highway=010 | Side=100 | Walk=0
Time=480015000 | Ped=0 | Highway=100 | Side=001 | Walk=0
Time=480075000 | Ped=0 | Highway=001 | Side=100 | Walk=0
Time=480135000 | Ped=0 | Highway=010 | Side=100 | Walk=0
Time=480165000 | Ped=0 | Highway=100 | Side=001 | Walk=0
Time=480225000 | Ped=0 | Highway=001 | Side=100 | Walk=0
Time=480285000 | Ped=0 | Highway=010 | Side=100 | Walk=0
Time=480315000 | Ped=0 | Highway=100 | Side=001 | Walk=0
Time=480375000 | Ped=0 | Highway=001 | Side=100 | Walk=0
Time=480435000 | Ped=0 | Highway=010 | Side=100 | Walk=0
Time=480465000 | Ped=0 | Highway=100 | Side=001 | Walk=0
Time=480525000 | Ped=0 | Highway=001 | Side=100 | Walk=0
Time=480585000 | Ped=0 | Highway=010 | Side=100 | Walk=0
Time=480615000 | Ped=0 | Highway=100 | Side=001 | Walk=0
Time=480675000 | Ped=0 | Highway=001 | Side=100 | Walk=0
Time=480735000 | Ped=0 | Highway=010 | Side=100 | Walk=0
Time=480765000 | Ped=0 | Highway=100 | Side=001 | Walk=0
Time=480825000 | Ped=0 | Highway=001 | Side=100 | Walk=0
Time=480885000 | Ped=0 | Highway=010 | Side=100 | Walk=0
Time=480915000 | Ped=0 | Highway=100 | Side=001 | Walk=0
Time=480975000 | Ped=0 | Highway=001 | Side=100 | Walk=0
Time=481035000 | Ped=0 | Highway=010 | Side=100 | Walk=0
Time=481065000 | Ped=0 | Highway=100 | Side=001 | Walk=0
Time=481125000 | Ped=0 | Highway=001 | Side=100 | Walk=0
Time=481185000 | Ped=0 | Highway=010 | Side=100 | Walk=0
Time=481215000 | Ped=0 | Highway=100 | Side=001 | Walk=0
Time=481275000 | Ped=0 | Highway=001 | Side=100 | Walk=0
Time=481335000 | Ped=0 | Highway=010 | Side=100 | Walk=0
Time=481365000 | Ped=0 | Highway=100 | Side=001 | Walk=0
Time=481425000 | Ped=0 | Highway=001 | Side=100 | Walk=0
Time=481485000 | Ped=0 | Highway=010 | Side=100 | Walk=0
Time=481515000 | Ped=0 | Highway=100 | Side=001 | Walk=0
Time=481575000 | Ped=0 | Highway=001 | Side=100 | Walk=0
Time=481635000 | Ped=0 | Highway=010 | Side=100 | Walk=0
Time=481665000 | Ped=0 | Highway=100 | Side=001 | Walk=0
Time=481725000 | Ped=0 | Highway=001 | Side=100 | Walk=0
Time=481785000 | Ped=0 | Highway=010 | Side=100 | Walk=0
Time=481815000 | Ped=0 | Highway=100 | Side=001 | Walk=0
Time=481875000 | Ped=0 | Highway=001 | Side=100 | Walk=0
Time=481935000 | Ped=0 | Highway=010 | Side=100 | Walk=0
Time=481965000 | Ped=0 | Highway=100 | Side=001 | Walk=0
Time=482025000 | Ped=0 | Highway=001 | Side=100 | Walk=0
Time=482085000 | Ped=0 | Highway=010 | Side=100 | Walk=0
Time=482115000 | Ped=0 | Highway=100 | Side=001 | Walk=0
Time=482175000 | Ped=0 | Highway=001 | Side=100 | Walk=0
Time=482235000 | Ped=0 | Highway=010 | Side=100 | Walk=0
Time=482265000 | Ped=0 | Highway=100 | Side=001 | Walk=0
Time=482325000 | Ped=0 | Highway=001 | Side=100 | Walk=0
Time=482385000 | Ped=0 | Highway=010 | Side=100 | Walk=0
Time=482415000 | Ped=0 | Highway=100 | Side=001 | Walk=0
Time=482475000 | Ped=0 | Highway=001 | Side=100 | Walk=0
Time=482535000 | Ped=0 | Highway=010 | Side=100 | Walk=0
Time=482565000 | Ped=0 | Highway=100 | Side=001 | Walk=0
Time=482625000 | Ped=0 | Highway=001 | Side=100 | Walk=0
Time=482685000 | Ped=0 | Highway=010 | Side=100 | Walk=0
Time=482715000 | Ped=0 | Highway=100 | Side=001 | Walk=0
Time=482775000 | Ped=0 | Highway=001 | Side=100 | Walk=0
Time=482835000 | Ped=0 | Highway=010 | Side=100 | Walk=0
Time=482865000 | Ped=0 | Highway=100 | Side=001 | Walk=0
Time=482925000 | Ped=0 | Highway=001 | Side=100 | Walk=0
Time=482985000 | Ped=0 | Highway=010 | Side=100 | Walk=0
Time=483015000 | Ped=0 | Highway=100 | Side=001 | Walk=0
Time=483075000 | Ped=0 | Highway=001 | Side=100 | Walk=0
Time=483135000 | Ped=0 | Highway=010 | Side=100 | Walk=0
Time=483165000 | Ped=0 | Highway=100 | Side=001 | Walk=0
Time=483225000 | Ped=0 | Highway=001 | Side=100 | Walk=0
Time=483285000 | Ped=0 | Highway=010 | Side=100 | Walk=0
Time=483315000 | Ped=0 | Highway=100 | Side=001 | Walk=0
Time=483375000 | Ped=0 | Highway=001 | Side=100 | Walk=0
Time=483435000 | Ped=0 | Highway=010 | Side=100 | Walk=0
Time=483465000 | Ped=0 | Highway=100 | Side=001 | Walk=0
Time=483525000 | Ped=0 | Highway=001 | Side=100 | Walk=0
Time=483585000 | Ped=0 | Highway=010 | Side=100 | Walk=0
Time=483615000 | Ped=0 | Highway=100 | Side=001 | Walk=0
Time=483675000 | Ped=0 | Highway=001 | Side=100 | Walk=0
Time=483735000 | Ped=0 | Highway=010 | Side=100 | Walk=0
Time=483765000 | Ped=0 | Highway=100 | Side=001 | Walk=0
Time=483825000 | Ped=0 | Highway=001 | Side=100 | Walk=0
Time=483885000 | Ped=0 | Highway=010 | Side=100 | Walk=0
Time=483915000 | Ped=0 | Highway=100 | Side=001 | Walk=0
Time=483975000 | Ped=0 | Highway=001 | Side=100 | Walk=0
Time=484035000 | Ped=0 | Highway=010 | Side=100 | Walk=0
Time=484065000 | Ped=0 | Highway=100 | Side=001 | Walk=0
Time=484125000 | Ped=0 | Highway=001 | Side=100 | Walk=0
Time=484185000 | Ped=0 | Highway=010 | Side=100 | Walk=0
Time=484215000 | Ped=0 | Highway=100 | Side=001 | Walk=0
Time=484275000 | Ped=0 | Highway=001 | Side=100 | Walk=0
Time=484335000 | Ped=0 | Highway=010 | Side=100 | Walk=0
Time=484365000 | Ped=0 | Highway=100 | Side=001 | Walk=0
Time=484425000 | Ped=0 | Highway=001 | Side=100 | Walk=0
Time=484485000 | Ped=0 | Highway=010 | Side=100 | Walk=0
Time=484515000 | Ped=0 | Highway=100 | Side=001 | Walk=0
Time=484575000 | Ped=0 | Highway=001 | Side=100 | Walk=0
Time=484635000 | Ped=0 | Highway=010 | Side=100 | Walk=0
Time=484665000 | Ped=0 | Highway=100 | Side=001 | Walk=0
Time=484725000 | Ped=0 | Highway=001 | Side=100 | Walk=0
Time=484785000 | Ped=0 | Highway=010 | Side=100 | Walk=0
Time=484815000 | Ped=0 | Highway=100 | Side=001 | Walk=0
Time=484875000 | Ped=0 | Highway=001 | Side=100 | Walk=0
Time=484935000 | Ped=0 | Highway=010 | Side=100 | Walk=0
Time=484965000 | Ped=0 | Highway=100 | Side=001 | Walk=0
Time=485025000 | Ped=0 | Highway=001 | Side=100 | Walk=0
Time=485085000 | Ped=0 | Highway=010 | Side=100 | Walk=0
Time=485115000 | Ped=0 | Highway=100 | Side=001 | Walk=0
Time=485175000 | Ped=0 | Highway=001 | Side=100 | Walk=0
Time=485235000 | Ped=0 | Highway=010 | Side=100 | Walk=0
Time=485265000 | Ped=0 | Highway=100 | Side=001 | Walk=0
Time=485325000 | Ped=0 | Highway=001 | Side=100 | Walk=0
Time=485385000 | Ped=0 | Highway=010 | Side=100 | Walk=0
Time=485415000 | Ped=0 | Highway=100 | Side=001 | Walk=0
Time=485475000 | Ped=0 | Highway=001 | Side=100 | Walk=0
Time=485535000 | Ped=0 | Highway=010 | Side=100 | Walk=0
Time=485565000 | Ped=0 | Highway=100 | Side=001 | Walk=0
Time=485625000 | Ped=0 | Highway=001 | Side=100 | Walk=0
Time=485685000 | Ped=0 | Highway=010 | Side=100 | Walk=0
Time=485715000 | Ped=0 | Highway=100 | Side=001 | Walk=0
Time=485775000 | Ped=0 | Highway=001 | Side=100 | Walk=0
Time=485835000 | Ped=0 | Highway=010 | Side=100 | Walk=0
Time=485865000 | Ped=0 | Highway=100 | Side=001 | Walk=0
Time=485925000 | Ped=0 | Highway=001 | Side=100 | Walk=0
Time=485985000 | Ped=0 | Highway=010 | Side=100 | Walk=0
Time=486015000 | Ped=0 | Highway=100 | Side=001 | Walk=0
Time=486075000 | Ped=0 | Highway=001 | Side=100 | Walk=0
Time=486135000 | Ped=0 | Highway=010 | Side=100 | Walk=0
Time=486165000 | Ped=0 | Highway=100 | Side=001 | Walk=0
Time=486225000 | Ped=0 | Highway=001 | Side=100 | Walk=0
Time=486285000 | Ped=0 | Highway=010 | Side=100 | Walk=0
Time=486315000 | Ped=0 | Highway=100 | Side=001 | Walk=0
Time=486375000 | Ped=0 | Highway=001 | Side=100 | Walk=0
Time=486435000 | Ped=0 | Highway=010 | Side=100 | Walk=0
Time=486465000 | Ped=0 | Highway=100 | Side=001 | Walk=0
Time=486525000 | Ped=0 | Highway=001 | Side=100 | Walk=0
Time=486585000 | Ped=0 | Highway=010 | Side=100 | Walk=0
Time=486615000 | Ped=0 | Highway=100 | Side=001 | Walk=0
Time=486675000 | Ped=0 | Highway=001 | Side=100 | Walk=0
Time=486735000 | Ped=0 | Highway=010 | Side=100 | Walk=0
Time=486765000 | Ped=0 | Highway=100 | Side=001 | Walk=0
Time=486825000 | Ped=0 | Highway=001 | Side=100 | Walk=0
Time=486885000 | Ped=0 | Highway=010 | Side=100 | Walk=0
Time=486915000 | Ped=0 | Highway=100 | Side=001 | Walk=0
Time=486975000 | Ped=0 | Highway=001 | Side=100 | Walk=0
Time=487035000 | Ped=0 | Highway=010 | Side=100 | Walk=0
Time=487065000 | Ped=0 | Highway=100 | Side=001 | Walk=0
Time=487125000 | Ped=0 | Highway=001 | Side=100 | Walk=0
Time=487185000 | Ped=0 | Highway=010 | Side=100 | Walk=0
Time=487215000 | Ped=0 | Highway=100 | Side=001 | Walk=0
Time=487275000 | Ped=0 | Highway=001 | Side=100 | Walk=0
Time=487335000 | Ped=0 | Highway=010 | Side=100 | Walk=0
Time=487365000 | Ped=0 | Highway=100 | Side=001 | Walk=0
Time=487425000 | Ped=0 | Highway=001 | Side=100 | Walk=0
Time=487485000 | Ped=0 | Highway=010 | Side=100 | Walk=0
Time=487515000 | Ped=0 | Highway=100 | Side=001 | Walk=0
Time=487575000 | Ped=0 | Highway=001 | Side=100 | Walk=0
Time=487635000 | Ped=0 | Highway=010 | Side=100 | Walk=0
Time=487665000 | Ped=0 | Highway=100 | Side=001 | Walk=0
Time=487725000 | Ped=0 | Highway=001 | Side=100 | Walk=0
Time=487785000 | Ped=0 | Highway=010 | Side=100 | Walk=0
Time=487815000 | Ped=0 | Highway=100 | Side=001 | Walk=0
Time=487875000 | Ped=0 | Highway=001 | Side=100 | Walk=0
Time=487935000 | Ped=0 | Highway=010 | Side=100 | Walk=0
Time=487965000 | Ped=0 | Highway=100 | Side=001 | Walk=0
Time=488025000 | Ped=0 | Highway=001 | Side=100 | Walk=0
Time=488085000 | Ped=0 | Highway=010 | Side=100 | Walk=0
Time=488115000 | Ped=0 | Highway=100 | Side=001 | Walk=0
Time=488175000 | Ped=0 | Highway=001 | Side=100 | Walk=0
Time=488235000 | Ped=0 | Highway=010 | Side=100 | Walk=0
Time=488265000 | Ped=0 | Highway=100 | Side=001 | Walk=0
Time=488325000 | Ped=0 | Highway=001 | Side=100 | Walk=0
Time=488385000 | Ped=0 | Highway=010 | Side=100 | Walk=0
Time=488415000 | Ped=0 | Highway=100 | Side=001 | Walk=0
Time=488475000 | Ped=0 | Highway=001 | Side=100 | Walk=0
Time=488535000 | Ped=0 | Highway=010 | Side=100 | Walk=0
Time=488565000 | Ped=0 | Highway=100 | Side=001 | Walk=0
Time=488625000 | Ped=0 | Highway=001 | Side=100 | Walk=0
Time=488685000 | Ped=0 | Highway=010 | Side=100 | Walk=0
Time=488715000 | Ped=0 | Highway=100 | Side=001 | Walk=0
Time=488775000 | Ped=0 | Highway=001 | Side=100 | Walk=0
Time=488835000 | Ped=0 | Highway=010 | Side=100 | Walk=0
Time=488865000 | Ped=0 | Highway=100 | Side=001 | Walk=0
Time=488925000 | Ped=0 | Highway=001 | Side=100 | Walk=0
Time=488985000 | Ped=0 | Highway=010 | Side=100 | Walk=0
Time=489015000 | Ped=0 | Highway=100 | Side=001 | Walk=0
Time=489075000 | Ped=0 | Highway=001 | Side=100 | Walk=0
Time=489135000 | Ped=0 | Highway=010 | Side=100 | Walk=0
Time=489165000 | Ped=0 | Highway=100 | Side=001 | Walk=0
Time=489225000 | Ped=0 | Highway=001 | Side=100 | Walk=0
Time=489285000 | Ped=0 | Highway=010 | Side=100 | Walk=0
Time=489315000 | Ped=0 | Highway=100 | Side=001 | Walk=0
Time=489375000 | Ped=0 | Highway=001 | Side=100 | Walk=0
Time=489435000 | Ped=0 | Highway=010 | Side=100 | Walk=0
Time=489465000 | Ped=0 | Highway=100 | Side=001 | Walk=0
Time=489525000 | Ped=0 | Highway=001 | Side=100 | Walk=0
Time=489585000 | Ped=0 | Highway=010 | Side=100 | Walk=0
Time=489615000 | Ped=0 | Highway=100 | Side=001 | Walk=0
Time=489675000 | Ped=0 | Highway=001 | Side=100 | Walk=0
Time=489735000 | Ped=0 | Highway=010 | Side=100 | Walk=0
Time=489765000 | Ped=0 | Highway=100 | Side=001 | Walk=0
Time=489825000 | Ped=0 | Highway=001 | Side=100 | Walk=0
Time=489885000 | Ped=0 | Highway=010 | Side=100 | Walk=0
Time=489915000 | Ped=0 | Highway=100 | Side=001 | Walk=0
Time=489975000 | Ped=0 | Highway=001 | Side=100 | Walk=0
Time=490035000 | Ped=0 | Highway=010 | Side=100 | Walk=0
Time=490065000 | Ped=0 | Highway=100 | Side=001 | Walk=0
Time=490125000 | Ped=0 | Highway=001 | Side=100 | Walk=0
Time=490185000 | Ped=0 | Highway=010 | Side=100 | Walk=0
Time=490215000 | Ped=0 | Highway=100 | Side=001 | Walk=0
Time=490275000 | Ped=0 | Highway=001 | Side=100 | Walk=0
Time=490335000 | Ped=0 | Highway=010 | Side=100 | Walk=0
Time=490365000 | Ped=0 | Highway=100 | Side=001 | Walk=0
Time=490425000 | Ped=0 | Highway=001 | Side=100 | Walk=0
Time=490485000 | Ped=0 | Highway=010 | Side=100 | Walk=0
Time=490515000 | Ped=0 | Highway=100 | Side=001 | Walk=0
Time=490575000 | Ped=0 | Highway=001 | Side=100 | Walk=0
Time=490635000 | Ped=0 | Highway=010 | Side=100 | Walk=0
Time=490665000 | Ped=0 | Highway=100 | Side=001 | Walk=0
Time=490725000 | Ped=0 | Highway=001 | Side=100 | Walk=0
Time=490785000 | Ped=0 | Highway=010 | Side=100 | Walk=0
Time=490815000 | Ped=0 | Highway=100 | Side=001 | Walk=0
Time=490875000 | Ped=0 | Highway=001 | Side=100 | Walk=0
Time=490935000 | Ped=0 | Highway=010 | Side=100 | Walk=0
Time=490965000 | Ped=0 | Highway=100 | Side=001 | Walk=0
Time=491025000 | Ped=0 | Highway=001 | Side=100 | Walk=0
Time=491085000 | Ped=0 | Highway=010 | Side=100 | Walk=0
Time=491115000 | Ped=0 | Highway=100 | Side=001 | Walk=0
Time=491175000 | Ped=0 | Highway=001 | Side=100 | Walk=0
Time=491235000 | Ped=0 | Highway=010 | Side=100 | Walk=0
Time=491265000 | Ped=0 | Highway=100 | Side=001 | Walk=0
Time=491325000 | Ped=0 | Highway=001 | Side=100 | Walk=0
Time=491385000 | Ped=0 | Highway=010 | Side=100 | Walk=0
Time=491415000 | Ped=0 | Highway=100 | Side=001 | Walk=0
Time=491475000 | Ped=0 | Highway=001 | Side=100 | Walk=0
Time=491535000 | Ped=0 | Highway=010 | Side=100 | Walk=0
Time=491565000 | Ped=0 | Highway=100 | Side=001 | Walk=0
Time=491625000 | Ped=0 | Highway=001 | Side=100 | Walk=0
Time=491685000 | Ped=0 | Highway=010 | Side=100 | Walk=0
Time=491715000 | Ped=0 | Highway=100 | Side=001 | Walk=0
Time=491775000 | Ped=0 | Highway=001 | Side=100 | Walk=0
Time=491835000 | Ped=0 | Highway=010 | Side=100 | Walk=0
Time=491865000 | Ped=0 | Highway=100 | Side=001 | Walk=0
Time=491925000 | Ped=0 | Highway=001 | Side=100 | Walk=0
Time=491985000 | Ped=0 | Highway=010 | Side=100 | Walk=0
Time=492015000 | Ped=0 | Highway=100 | Side=001 | Walk=0
Time=492075000 | Ped=0 | Highway=001 | Side=100 | Walk=0
Time=492135000 | Ped=0 | Highway=010 | Side=100 | Walk=0
Time=492165000 | Ped=0 | Highway=100 | Side=001 | Walk=0
Time=492225000 | Ped=0 | Highway=001 | Side=100 | Walk=0
Time=492285000 | Ped=0 | Highway=010 | Side=100 | Walk=0
Time=492315000 | Ped=0 | Highway=100 | Side=001 | Walk=0
Time=492375000 | Ped=0 | Highway=001 | Side=100 | Walk=0
Time=492435000 | Ped=0 | Highway=010 | Side=100 | Walk=0
Time=492465000 | Ped=0 | Highway=100 | Side=001 | Walk=0
Time=492525000 | Ped=0 | Highway=001 | Side=100 | Walk=0
Time=492585000 | Ped=0 | Highway=010 | Side=100 | Walk=0
Time=492615000 | Ped=0 | Highway=100 | Side=001 | Walk=0
Time=492675000 | Ped=0 | Highway=001 | Side=100 | Walk=0
Time=492735000 | Ped=0 | Highway=010 | Side=100 | Walk=0
Time=492765000 | Ped=0 | Highway=100 | Side=001 | Walk=0
Time=492825000 | Ped=0 | Highway=001 | Side=100 | Walk=0
Time=492885000 | Ped=0 | Highway=010 | Side=100 | Walk=0
Time=492915000 | Ped=0 | Highway=100 | Side=001 | Walk=0
Time=492975000 | Ped=0 | Highway=001 | Side=100 | Walk=0
Time=493035000 | Ped=0 | Highway=010 | Side=100 | Walk=0
Time=493065000 | Ped=0 | Highway=100 | Side=001 | Walk=0
Time=493125000 | Ped=0 | Highway=001 | Side=100 | Walk=0
Time=493185000 | Ped=0 | Highway=010 | Side=100 | Walk=0
Time=493215000 | Ped=0 | Highway=100 | Side=001 | Walk=0
Time=493275000 | Ped=0 | Highway=001 | Side=100 | Walk=0
Time=493335000 | Ped=0 | Highway=010 | Side=100 | Walk=0
Time=493365000 | Ped=0 | Highway=100 | Side=001 | Walk=0
Time=493425000 | Ped=0 | Highway=001 | Side=100 | Walk=0
Time=493485000 | Ped=0 | Highway=010 | Side=100 | Walk=0
Time=493515000 | Ped=0 | Highway=100 | Side=001 | Walk=0
Time=493575000 | Ped=0 | Highway=001 | Side=100 | Walk=0
Time=493635000 | Ped=0 | Highway=010 | Side=100 | Walk=0
Time=493665000 | Ped=0 | Highway=100 | Side=001 | Walk=0
Time=493725000 | Ped=0 | Highway=001 | Side=100 | Walk=0
Time=493785000 | Ped=0 | Highway=010 | Side=100 | Walk=0
Time=493815000 | Ped=0 | Highway=100 | Side=001 | Walk=0
Time=493875000 | Ped=0 | Highway=001 | Side=100 | Walk=0
Time=493935000 | Ped=0 | Highway=010 | Side=100 | Walk=0
Time=493965000 | Ped=0 | Highway=100 | Side=001 | Walk=0
Time=494025000 | Ped=0 | Highway=001 | Side=100 | Walk=0
Time=494085000 | Ped=0 | Highway=010 | Side=100 | Walk=0
Time=494115000 | Ped=0 | Highway=100 | Side=001 | Walk=0
Time=494175000 | Ped=0 | Highway=001 | Side=100 | Walk=0
Time=494235000 | Ped=0 | Highway=010 | Side=100 | Walk=0
Time=494265000 | Ped=0 | Highway=100 | Side=001 | Walk=0
Time=494325000 | Ped=0 | Highway=001 | Side=100 | Walk=0
Time=494385000 | Ped=0 | Highway=010 | Side=100 | Walk=0
Time=494415000 | Ped=0 | Highway=100 | Side=001 | Walk=0
Time=494475000 | Ped=0 | Highway=001 | Side=100 | Walk=0
Time=494535000 | Ped=0 | Highway=010 | Side=100 | Walk=0
Time=494565000 | Ped=0 | Highway=100 | Side=001 | Walk=0
Time=494625000 | Ped=0 | Highway=001 | Side=100 | Walk=0
Time=494685000 | Ped=0 | Highway=010 | Side=100 | Walk=0
Time=494715000 | Ped=0 | Highway=100 | Side=001 | Walk=0
Time=494775000 | Ped=0 | Highway=001 | Side=100 | Walk=0
Time=494835000 | Ped=0 | Highway=010 | Side=100 | Walk=0
Time=494865000 | Ped=0 | Highway=100 | Side=001 | Walk=0
Time=494925000 | Ped=0 | Highway=001 | Side=100 | Walk=0
Time=494985000 | Ped=0 | Highway=010 | Side=100 | Walk=0
Time=495015000 | Ped=0 | Highway=100 | Side=001 | Walk=0
Time=495075000 | Ped=0 | Highway=001 | Side=100 | Walk=0
Time=495135000 | Ped=0 | Highway=010 | Side=100 | Walk=0
Time=495165000 | Ped=0 | Highway=100 | Side=001 | Walk=0
Time=495225000 | Ped=0 | Highway=001 | Side=100 | Walk=0
Time=495285000 | Ped=0 | Highway=010 | Side=100 | Walk=0
Time=495315000 | Ped=0 | Highway=100 | Side=001 | Walk=0
Time=495375000 | Ped=0 | Highway=001 | Side=100 | Walk=0
Time=495435000 | Ped=0 | Highway=010 | Side=100 | Walk=0
Time=495465000 | Ped=0 | Highway=100 | Side=001 | Walk=0
Time=495525000 | Ped=0 | Highway=001 | Side=100 | Walk=0
Time=495585000 | Ped=0 | Highway=010 | Side=100 | Walk=0
Time=495615000 | Ped=0 | Highway=100 | Side=001 | Walk=0
Time=495675000 | Ped=0 | Highway=001 | Side=100 | Walk=0
Time=495735000 | Ped=0 | Highway=010 | Side=100 | Walk=0
Time=495765000 | Ped=0 | Highway=100 | Side=001 | Walk=0
Time=495825000 | Ped=0 | Highway=001 | Side=100 | Walk=0
Time=495885000 | Ped=0 | Highway=010 | Side=100 | Walk=0
Time=495915000 | Ped=0 | Highway=100 | Side=001 | Walk=0
Time=495975000 | Ped=0 | Highway=001 | Side=100 | Walk=0
Time=496035000 | Ped=0 | Highway=010 | Side=100 | Walk=0
Time=496065000 | Ped=0 | Highway=100 | Side=001 | Walk=0
Time=496125000 | Ped=0 | Highway=001 | Side=100 | Walk=0
Time=496185000 | Ped=0 | Highway=010 | Side=100 | Walk=0
Time=496215000 | Ped=0 | Highway=100 | Side=001 | Walk=0
Time=496275000 | Ped=0 | Highway=001 | Side=100 | Walk=0
Time=496335000 | Ped=0 | Highway=010 | Side=100 | Walk=0
Time=496365000 | Ped=0 | Highway=100 | Side=001 | Walk=0
Time=496425000 | Ped=0 | Highway=001 | Side=100 | Walk=0
Time=496485000 | Ped=0 | Highway=010 | Side=100 | Walk=0
Time=496515000 | Ped=0 | Highway=100 | Side=001 | Walk=0
Time=496575000 | Ped=0 | Highway=001 | Side=100 | Walk=0
Time=496635000 | Ped=0 | Highway=010 | Side=100 | Walk=0
Time=496665000 | Ped=0 | Highway=100 | Side=001 | Walk=0
Time=496725000 | Ped=0 | Highway=001 | Side=100 | Walk=0
Time=496785000 | Ped=0 | Highway=010 | Side=100 | Walk=0
Time=496815000 | Ped=0 | Highway=100 | Side=001 | Walk=0
Time=496875000 | Ped=0 | Highway=001 | Side=100 | Walk=0
Time=496935000 | Ped=0 | Highway=010 | Side=100 | Walk=0
Time=496965000 | Ped=0 | Highway=100 | Side=001 | Walk=0
Time=497025000 | Ped=0 | Highway=001 | Side=100 | Walk=0
Time=497085000 | Ped=0 | Highway=010 | Side=100 | Walk=0
Time=497115000 | Ped=0 | Highway=100 | Side=001 | Walk=0
Time=497175000 | Ped=0 | Highway=001 | Side=100 | Walk=0
Time=497235000 | Ped=0 | Highway=010 | Side=100 | Walk=0
Time=497265000 | Ped=0 | Highway=100 | Side=001 | Walk=0
Time=497325000 | Ped=0 | Highway=001 | Side=100 | Walk=0
Time=497385000 | Ped=0 | Highway=010 | Side=100 | Walk=0
Time=497415000 | Ped=0 | Highway=100 | Side=001 | Walk=0
Time=497475000 | Ped=0 | Highway=001 | Side=100 | Walk=0
Time=497535000 | Ped=0 | Highway=010 | Side=100 | Walk=0
Time=497565000 | Ped=0 | Highway=100 | Side=001 | Walk=0
Time=497625000 | Ped=0 | Highway=001 | Side=100 | Walk=0
Time=497685000 | Ped=0 | Highway=010 | Side=100 | Walk=0
Time=497715000 | Ped=0 | Highway=100 | Side=001 | Walk=0
Time=497775000 | Ped=0 | Highway=001 | Side=100 | Walk=0
Time=497835000 | Ped=0 | Highway=010 | Side=100 | Walk=0
Time=497865000 | Ped=0 | Highway=100 | Side=001 | Walk=0
Time=497925000 | Ped=0 | Highway=001 | Side=100 | Walk=0
Time=497985000 | Ped=0 | Highway=010 | Side=100 | Walk=0
Time=498015000 | Ped=0 | Highway=100 | Side=001 | Walk=0
Time=498075000 | Ped=0 | Highway=001 | Side=100 | Walk=0
Time=498135000 | Ped=0 | Highway=010 | Side=100 | Walk=0
Time=498165000 | Ped=0 | Highway=100 | Side=001 | Walk=0
Time=498225000 | Ped=0 | Highway=001 | Side=100 | Walk=0
Time=498285000 | Ped=0 | Highway=010 | Side=100 | Walk=0
Time=498315000 | Ped=0 | Highway=100 | Side=001 | Walk=0
Time=498375000 | Ped=0 | Highway=001 | Side=100 | Walk=0
Time=498435000 | Ped=0 | Highway=010 | Side=100 | Walk=0
Time=498465000 | Ped=0 | Highway=100 | Side=001 | Walk=0
Time=498525000 | Ped=0 | Highway=001 | Side=100 | Walk=0
Time=498585000 | Ped=0 | Highway=010 | Side=100 | Walk=0
Time=498615000 | Ped=0 | Highway=100 | Side=001 | Walk=0
Time=498675000 | Ped=0 | Highway=001 | Side=100 | Walk=0
Time=498735000 | Ped=0 | Highway=010 | Side=100 | Walk=0
Time=498765000 | Ped=0 | Highway=100 | Side=001 | Walk=0
Time=498825000 | Ped=0 | Highway=001 | Side=100 | Walk=0
Time=498885000 | Ped=0 | Highway=010 | Side=100 | Walk=0
Time=498915000 | Ped=0 | Highway=100 | Side=001 | Walk=0
Time=498975000 | Ped=0 | Highway=001 | Side=100 | Walk=0
Time=499035000 | Ped=0 | Highway=010 | Side=100 | Walk=0
Time=499065000 | Ped=0 | Highway=100 | Side=001 | Walk=0
Time=499125000 | Ped=0 | Highway=001 | Side=100 | Walk=0
Time=499185000 | Ped=0 | Highway=010 | Side=100 | Walk=0
Time=499215000 | Ped=0 | Highway=100 | Side=001 | Walk=0
Time=499275000 | Ped=0 | Highway=001 | Side=100 | Walk=0
Time=499335000 | Ped=0 | Highway=010 | Side=100 | Walk=0
Time=499365000 | Ped=0 | Highway=100 | Side=001 | Walk=0
Time=499425000 | Ped=0 | Highway=001 | Side=100 | Walk=0
Time=499485000 | Ped=0 | Highway=010 | Side=100 | Walk=0
Time=499515000 | Ped=0 | Highway=100 | Side=001 | Walk=0
Time=499575000 | Ped=0 | Highway=001 | Side=100 | Walk=0
Time=499635000 | Ped=0 | Highway=010 | Side=100 | Walk=0
Time=499665000 | Ped=0 | Highway=100 | Side=001 | Walk=0
Time=499725000 | Ped=0 | Highway=001 | Side=100 | Walk=0
Time=499785000 | Ped=0 | Highway=010 | Side=100 | Walk=0
Time=499815000 | Ped=0 | Highway=100 | Side=001 | Walk=0
Time=499875000 | Ped=0 | Highway=001 | Side=100 | Walk=0
Time=499935000 | Ped=0 | Highway=010 | Side=100 | Walk=0
Time=499965000 | Ped=0 | Highway=100 | Side=001 | Walk=0
Time=500025000 | Ped=0 | Highway=001 | Side=100 | Walk=0
Time=500085000 | Ped=0 | Highway=010 | Side=100 | Walk=0
Time=500115000 | Ped=0 | Highway=100 | Side=001 | Walk=0
Time=500175000 | Ped=0 | Highway=001 | Side=100 | Walk=0
Time=500235000 | Ped=0 | Highway=010 | Side=100 | Walk=0
Time=500265000 | Ped=0 | Highway=100 | Side=001 | Walk=0
Time=500325000 | Ped=0 | Highway=001 | Side=100 | Walk=0
Time=500385000 | Ped=0 | Highway=010 | Side=100 | Walk=0
Time=500415000 | Ped=0 | Highway=100 | Side=001 | Walk=0
Time=500475000 | Ped=0 | Highway=001 | Side=100 | Walk=0
Time=500535000 | Ped=0 | Highway=010 | Side=100 | Walk=0
Time=500565000 | Ped=0 | Highway=100 | Side=001 | Walk=0
Time=500625000 | Ped=0 | Highway=001 | Side=100 | Walk=0
Time=500685000 | Ped=0 | Highway=010 | Side=100 | Walk=0
Time=500715000 | Ped=0 | Highway=100 | Side=001 | Walk=0
Time=500775000 | Ped=0 | Highway=001 | Side=100 | Walk=0
Time=500835000 | Ped=0 | Highway=010 | Side=100 | Walk=0
Time=500865000 | Ped=0 | Highway=100 | Side=001 | Walk=0
Time=500925000 | Ped=0 | Highway=001 | Side=100 | Walk=0
Time=500985000 | Ped=0 | Highway=010 | Side=100 | Walk=0
Time=501015000 | Ped=0 | Highway=100 | Side=001 | Walk=0
Time=501075000 | Ped=0 | Highway=001 | Side=100 | Walk=0
Time=501135000 | Ped=0 | Highway=010 | Side=100 | Walk=0
Time=501165000 | Ped=0 | Highway=100 | Side=001 | Walk=0
Time=501225000 | Ped=0 | Highway=001 | Side=100 | Walk=0
Time=501285000 | Ped=0 | Highway=010 | Side=100 | Walk=0
Time=501315000 | Ped=0 | Highway=100 | Side=001 | Walk=0
Time=501375000 | Ped=0 | Highway=001 | Side=100 | Walk=0
Time=501435000 | Ped=0 | Highway=010 | Side=100 | Walk=0
Time=501465000 | Ped=0 | Highway=100 | Side=001 | Walk=0
Time=501525000 | Ped=0 | Highway=001 | Side=100 | Walk=0
Time=501585000 | Ped=0 | Highway=010 | Side=100 | Walk=0
Time=501615000 | Ped=0 | Highway=100 | Side=001 | Walk=0
Time=501675000 | Ped=0 | Highway=001 | Side=100 | Walk=0
Time=501735000 | Ped=0 | Highway=010 | Side=100 | Walk=0
Time=501765000 | Ped=0 | Highway=100 | Side=001 | Walk=0
Time=501825000 | Ped=0 | Highway=001 | Side=100 | Walk=0
Time=501885000 | Ped=0 | Highway=010 | Side=100 | Walk=0
Time=501915000 | Ped=0 | Highway=100 | Side=001 | Walk=0
Time=501975000 | Ped=0 | Highway=001 | Side=100 | Walk=0
Time=502035000 | Ped=0 | Highway=010 | Side=100 | Walk=0
Time=502065000 | Ped=0 | Highway=100 | Side=001 | Walk=0
Time=502125000 | Ped=0 | Highway=001 | Side=100 | Walk=0
Time=502185000 | Ped=0 | Highway=010 | Side=100 | Walk=0
Time=502215000 | Ped=0 | Highway=100 | Side=001 | Walk=0
Time=502275000 | Ped=0 | Highway=001 | Side=100 | Walk=0
Time=502335000 | Ped=0 | Highway=010 | Side=100 | Walk=0
Time=502365000 | Ped=0 | Highway=100 | Side=001 | Walk=0
Time=502425000 | Ped=0 | Highway=001 | Side=100 | Walk=0
Time=502485000 | Ped=0 | Highway=010 | Side=100 | Walk=0
Time=502515000 | Ped=0 | Highway=100 | Side=001 | Walk=0
Time=502575000 | Ped=0 | Highway=001 | Side=100 | Walk=0
Time=502635000 | Ped=0 | Highway=010 | Side=100 | Walk=0
Time=502665000 | Ped=0 | Highway=100 | Side=001 | Walk=0
Time=502725000 | Ped=0 | Highway=001 | Side=100 | Walk=0
Time=502785000 | Ped=0 | Highway=010 | Side=100 | Walk=0
Time=502815000 | Ped=0 | Highway=100 | Side=001 | Walk=0
Time=502875000 | Ped=0 | Highway=001 | Side=100 | Walk=0
Time=502935000 | Ped=0 | Highway=010 | Side=100 | Walk=0
Time=502965000 | Ped=0 | Highway=100 | Side=001 | Walk=0
Time=503025000 | Ped=0 | Highway=001 | Side=100 | Walk=0
Time=503085000 | Ped=0 | Highway=010 | Side=100 | Walk=0
Time=503115000 | Ped=0 | Highway=100 | Side=001 | Walk=0
Time=503175000 | Ped=0 | Highway=001 | Side=100 | Walk=0
Time=503235000 | Ped=0 | Highway=010 | Side=100 | Walk=0
Time=503265000 | Ped=0 | Highway=100 | Side=001 | Walk=0
Time=503325000 | Ped=0 | Highway=001 | Side=100 | Walk=0
Time=503385000 | Ped=0 | Highway=010 | Side=100 | Walk=0
Time=503415000 | Ped=0 | Highway=100 | Side=001 | Walk=0
Time=503475000 | Ped=0 | Highway=001 | Side=100 | Walk=0
Time=503535000 | Ped=0 | Highway=010 | Side=100 | Walk=0
Time=503565000 | Ped=0 | Highway=100 | Side=001 | Walk=0
Time=503625000 | Ped=0 | Highway=001 | Side=100 | Walk=0
Time=503685000 | Ped=0 | Highway=010 | Side=100 | Walk=0
Time=503715000 | Ped=0 | Highway=100 | Side=001 | Walk=0
Time=503775000 | Ped=0 | Highway=001 | Side=100 | Walk=0
Time=503835000 | Ped=0 | Highway=010 | Side=100 | Walk=0
Time=503865000 | Ped=0 | Highway=100 | Side=001 | Walk=0
Time=503925000 | Ped=0 | Highway=001 | Side=100 | Walk=0
Time=503985000 | Ped=0 | Highway=010 | Side=100 | Walk=0
Time=504015000 | Ped=0 | Highway=100 | Side=001 | Walk=0
Time=504075000 | Ped=0 | Highway=001 | Side=100 | Walk=0
Time=504135000 | Ped=0 | Highway=010 | Side=100 | Walk=0
Time=504165000 | Ped=0 | Highway=100 | Side=001 | Walk=0
Time=504225000 | Ped=0 | Highway=001 | Side=100 | Walk=0
Time=504285000 | Ped=0 | Highway=010 | Side=100 | Walk=0
Time=504315000 | Ped=0 | Highway=100 | Side=001 | Walk=0
Time=504375000 | Ped=0 | Highway=001 | Side=100 | Walk=0
Time=504435000 | Ped=0 | Highway=010 | Side=100 | Walk=0
Time=504465000 | Ped=0 | Highway=100 | Side=001 | Walk=0
Time=504525000 | Ped=0 | Highway=001 | Side=100 | Walk=0
Time=504585000 | Ped=0 | Highway=010 | Side=100 | Walk=0
Time=504615000 | Ped=0 | Highway=100 | Side=001 | Walk=0
Time=504675000 | Ped=0 | Highway=001 | Side=100 | Walk=0
Time=504735000 | Ped=0 | Highway=010 | Side=100 | Walk=0
Time=504765000 | Ped=0 | Highway=100 | Side=001 | Walk=0
Time=504825000 | Ped=0 | Highway=001 | Side=100 | Walk=0
Time=504885000 | Ped=0 | Highway=010 | Side=100 | Walk=0
Time=504915000 | Ped=0 | Highway=100 | Side=001 | Walk=0
Time=504975000 | Ped=0 | Highway=001 | Side=100 | Walk=0
Time=505035000 | Ped=0 | Highway=010 | Side=100 | Walk=0
Time=505065000 | Ped=0 | Highway=100 | Side=001 | Walk=0
Time=505125000 | Ped=0 | Highway=001 | Side=100 | Walk=0
Time=505185000 | Ped=0 | Highway=010 | Side=100 | Walk=0
Time=505215000 | Ped=0 | Highway=100 | Side=001 | Walk=0
Time=505275000 | Ped=0 | Highway=001 | Side=100 | Walk=0
Time=505335000 | Ped=0 | Highway=010 | Side=100 | Walk=0
Time=505365000 | Ped=0 | Highway=100 | Side=001 | Walk=0
Time=505425000 | Ped=0 | Highway=001 | Side=100 | Walk=0
Time=505485000 | Ped=0 | Highway=010 | Side=100 | Walk=0
Time=505515000 | Ped=0 | Highway=100 | Side=001 | Walk=0
Time=505575000 | Ped=0 | Highway=001 | Side=100 | Walk=0
Time=505635000 | Ped=0 | Highway=010 | Side=100 | Walk=0
Time=505665000 | Ped=0 | Highway=100 | Side=001 | Walk=0
Time=505725000 | Ped=0 | Highway=001 | Side=100 | Walk=0
Time=505785000 | Ped=0 | Highway=010 | Side=100 | Walk=0
Time=505815000 | Ped=0 | Highway=100 | Side=001 | Walk=0
Time=505875000 | Ped=0 | Highway=001 | Side=100 | Walk=0
Time=505935000 | Ped=0 | Highway=010 | Side=100 | Walk=0
Time=505965000 | Ped=0 | Highway=100 | Side=001 | Walk=0
Time=506025000 | Ped=0 | Highway=001 | Side=100 | Walk=0
Time=506085000 | Ped=0 | Highway=010 | Side=100 | Walk=0
Time=506115000 | Ped=0 | Highway=100 | Side=001 | Walk=0
Time=506175000 | Ped=0 | Highway=001 | Side=100 | Walk=0
Time=506235000 | Ped=0 | Highway=010 | Side=100 | Walk=0
Time=506265000 | Ped=0 | Highway=100 | Side=001 | Walk=0
Time=506325000 | Ped=0 | Highway=001 | Side=100 | Walk=0
Time=506385000 | Ped=0 | Highway=010 | Side=100 | Walk=0
Time=506415000 | Ped=0 | Highway=100 | Side=001 | Walk=0
Time=506475000 | Ped=0 | Highway=001 | Side=100 | Walk=0
Time=506535000 | Ped=0 | Highway=010 | Side=100 | Walk=0
Time=506565000 | Ped=0 | Highway=100 | Side=001 | Walk=0
Time=506625000 | Ped=0 | Highway=001 | Side=100 | Walk=0
Time=506685000 | Ped=0 | Highway=010 | Side=100 | Walk=0
Time=506715000 | Ped=0 | Highway=100 | Side=001 | Walk=0
Time=506775000 | Ped=0 | Highway=001 | Side=100 | Walk=0
Time=506835000 | Ped=0 | Highway=010 | Side=100 | Walk=0
Time=506865000 | Ped=0 | Highway=100 | Side=001 | Walk=0
Time=506925000 | Ped=0 | Highway=001 | Side=100 | Walk=0
Time=506985000 | Ped=0 | Highway=010 | Side=100 | Walk=0
Time=507015000 | Ped=0 | Highway=100 | Side=001 | Walk=0
Time=507075000 | Ped=0 | Highway=001 | Side=100 | Walk=0
Time=507135000 | Ped=0 | Highway=010 | Side=100 | Walk=0
Time=507165000 | Ped=0 | Highway=100 | Side=001 | Walk=0
Time=507225000 | Ped=0 | Highway=001 | Side=100 | Walk=0
Time=507285000 | Ped=0 | Highway=010 | Side=100 | Walk=0
Time=507315000 | Ped=0 | Highway=100 | Side=001 | Walk=0
Time=507375000 | Ped=0 | Highway=001 | Side=100 | Walk=0
Time=507435000 | Ped=0 | Highway=010 | Side=100 | Walk=0
Time=507465000 | Ped=0 | Highway=100 | Side=001 | Walk=0
Time=507525000 | Ped=0 | Highway=001 | Side=100 | Walk=0
Time=507585000 | Ped=0 | Highway=010 | Side=100 | Walk=0
Time=507615000 | Ped=0 | Highway=100 | Side=001 | Walk=0
Time=507675000 | Ped=0 | Highway=001 | Side=100 | Walk=0
Time=507735000 | Ped=0 | Highway=010 | Side=100 | Walk=0
Time=507765000 | Ped=0 | Highway=100 | Side=001 | Walk=0
Time=507825000 | Ped=0 | Highway=001 | Side=100 | Walk=0
Time=507885000 | Ped=0 | Highway=010 | Side=100 | Walk=0
Time=507915000 | Ped=0 | Highway=100 | Side=001 | Walk=0
Time=507975000 | Ped=0 | Highway=001 | Side=100 | Walk=0
Time=508035000 | Ped=0 | Highway=010 | Side=100 | Walk=0
Time=508065000 | Ped=0 | Highway=100 | Side=001 | Walk=0
Time=508125000 | Ped=0 | Highway=001 | Side=100 | Walk=0
Time=508185000 | Ped=0 | Highway=010 | Side=100 | Walk=0
Time=508215000 | Ped=0 | Highway=100 | Side=001 | Walk=0
Time=508275000 | Ped=0 | Highway=001 | Side=100 | Walk=0
Time=508335000 | Ped=0 | Highway=010 | Side=100 | Walk=0
Time=508365000 | Ped=0 | Highway=100 | Side=001 | Walk=0
Time=508425000 | Ped=0 | Highway=001 | Side=100 | Walk=0
Time=508485000 | Ped=0 | Highway=010 | Side=100 | Walk=0
Time=508515000 | Ped=0 | Highway=100 | Side=001 | Walk=0
Time=508575000 | Ped=0 | Highway=001 | Side=100 | Walk=0
Time=508635000 | Ped=0 | Highway=010 | Side=100 | Walk=0
Time=508665000 | Ped=0 | Highway=100 | Side=001 | Walk=0
Time=508725000 | Ped=0 | Highway=001 | Side=100 | Walk=0
Time=508785000 | Ped=0 | Highway=010 | Side=100 | Walk=0
Time=508815000 | Ped=0 | Highway=100 | Side=001 | Walk=0
Time=508875000 | Ped=0 | Highway=001 | Side=100 | Walk=0
Time=508935000 | Ped=0 | Highway=010 | Side=100 | Walk=0
Time=508965000 | Ped=0 | Highway=100 | Side=001 | Walk=0
Time=509025000 | Ped=0 | Highway=001 | Side=100 | Walk=0
Time=509085000 | Ped=0 | Highway=010 | Side=100 | Walk=0
Time=509115000 | Ped=0 | Highway=100 | Side=001 | Walk=0
Time=509175000 | Ped=0 | Highway=001 | Side=100 | Walk=0
Time=509235000 | Ped=0 | Highway=010 | Side=100 | Walk=0
Time=509265000 | Ped=0 | Highway=100 | Side=001 | Walk=0
Time=509325000 | Ped=0 | Highway=001 | Side=100 | Walk=0
Time=509385000 | Ped=0 | Highway=010 | Side=100 | Walk=0
Time=509415000 | Ped=0 | Highway=100 | Side=001 | Walk=0
Time=509475000 | Ped=0 | Highway=001 | Side=100 | Walk=0
Time=509535000 | Ped=0 | Highway=010 | Side=100 | Walk=0
Time=509565000 | Ped=0 | Highway=100 | Side=001 | Walk=0
Time=509625000 | Ped=0 | Highway=001 | Side=100 | Walk=0
Time=509685000 | Ped=0 | Highway=010 | Side=100 | Walk=0
Time=509715000 | Ped=0 | Highway=100 | Side=001 | Walk=0
Time=509775000 | Ped=0 | Highway=001 | Side=100 | Walk=0
Time=509835000 | Ped=0 | Highway=010 | Side=100 | Walk=0
Time=509865000 | Ped=0 | Highway=100 | Side=001 | Walk=0
Time=509925000 | Ped=0 | Highway=001 | Side=100 | Walk=0
Time=509985000 | Ped=0 | Highway=010 | Side=100 | Walk=0
Time=510015000 | Ped=0 | Highway=100 | Side=001 | Walk=0
Time=510075000 | Ped=0 | Highway=001 | Side=100 | Walk=0
Time=510135000 | Ped=0 | Highway=010 | Side=100 | Walk=0
Time=510165000 | Ped=0 | Highway=100 | Side=001 | Walk=0
Time=510225000 | Ped=0 | Highway=001 | Side=100 | Walk=0
Time=510285000 | Ped=0 | Highway=010 | Side=100 | Walk=0
Time=510315000 | Ped=0 | Highway=100 | Side=001 | Walk=0
Time=510375000 | Ped=0 | Highway=001 | Side=100 | Walk=0
Time=510435000 | Ped=0 | Highway=010 | Side=100 | Walk=0
Time=510465000 | Ped=0 | Highway=100 | Side=001 | Walk=0
Time=510525000 | Ped=0 | Highway=001 | Side=100 | Walk=0
Time=510585000 | Ped=0 | Highway=010 | Side=100 | Walk=0
Time=510615000 | Ped=0 | Highway=100 | Side=001 | Walk=0
Time=510675000 | Ped=0 | Highway=001 | Side=100 | Walk=0
Time=510735000 | Ped=0 | Highway=010 | Side=100 | Walk=0
Time=510765000 | Ped=0 | Highway=100 | Side=001 | Walk=0
Time=510825000 | Ped=0 | Highway=001 | Side=100 | Walk=0
Time=510885000 | Ped=0 | Highway=010 | Side=100 | Walk=0
Time=510915000 | Ped=0 | Highway=100 | Side=001 | Walk=0
Time=510975000 | Ped=0 | Highway=001 | Side=100 | Walk=0
Time=511035000 | Ped=0 | Highway=010 | Side=100 | Walk=0
Time=511065000 | Ped=0 | Highway=100 | Side=001 | Walk=0
Time=511125000 | Ped=0 | Highway=001 | Side=100 | Walk=0
Time=511185000 | Ped=0 | Highway=010 | Side=100 | Walk=0
Time=511215000 | Ped=0 | Highway=100 | Side=001 | Walk=0
Time=511275000 | Ped=0 | Highway=001 | Side=100 | Walk=0
Time=511335000 | Ped=0 | Highway=010 | Side=100 | Walk=0
Time=511365000 | Ped=0 | Highway=100 | Side=001 | Walk=0
Time=511425000 | Ped=0 | Highway=001 | Side=100 | Walk=0
Time=511485000 | Ped=0 | Highway=010 | Side=100 | Walk=0
Time=511515000 | Ped=0 | Highway=100 | Side=001 | Walk=0
Time=511575000 | Ped=0 | Highway=001 | Side=100 | Walk=0
Time=511635000 | Ped=0 | Highway=010 | Side=100 | Walk=0
Time=511665000 | Ped=0 | Highway=100 | Side=001 | Walk=0
Time=511725000 | Ped=0 | Highway=001 | Side=100 | Walk=0
Time=511785000 | Ped=0 | Highway=010 | Side=100 | Walk=0
Time=511815000 | Ped=0 | Highway=100 | Side=001 | Walk=0
Time=511875000 | Ped=0 | Highway=001 | Side=100 | Walk=0
Time=511935000 | Ped=0 | Highway=010 | Side=100 | Walk=0
Time=511965000 | Ped=0 | Highway=100 | Side=001 | Walk=0
Time=512025000 | Ped=0 | Highway=001 | Side=100 | Walk=0
Time=512085000 | Ped=0 | Highway=010 | Side=100 | Walk=0
Time=512115000 | Ped=0 | Highway=100 | Side=001 | Walk=0
Time=512175000 | Ped=0 | Highway=001 | Side=100 | Walk=0
Time=512235000 | Ped=0 | Highway=010 | Side=100 | Walk=0
Time=512265000 | Ped=0 | Highway=100 | Side=001 | Walk=0
Time=512325000 | Ped=0 | Highway=001 | Side=100 | Walk=0
Time=512385000 | Ped=0 | Highway=010 | Side=100 | Walk=0
Time=512415000 | Ped=0 | Highway=100 | Side=001 | Walk=0
Time=512475000 | Ped=0 | Highway=001 | Side=100 | Walk=0
Time=512535000 | Ped=0 | Highway=010 | Side=100 | Walk=0
Time=512565000 | Ped=0 | Highway=100 | Side=001 | Walk=0
Time=512625000 | Ped=0 | Highway=001 | Side=100 | Walk=0
Time=512685000 | Ped=0 | Highway=010 | Side=100 | Walk=0
Time=512715000 | Ped=0 | Highway=100 | Side=001 | Walk=0
Time=512775000 | Ped=0 | Highway=001 | Side=100 | Walk=0
Time=512835000 | Ped=0 | Highway=010 | Side=100 | Walk=0
Time=512865000 | Ped=0 | Highway=100 | Side=001 | Walk=0
Time=512925000 | Ped=0 | Highway=001 | Side=100 | Walk=0
Time=512985000 | Ped=0 | Highway=010 | Side=100 | Walk=0
Time=513015000 | Ped=0 | Highway=100 | Side=001 | Walk=0
Time=513075000 | Ped=0 | Highway=001 | Side=100 | Walk=0
Time=513135000 | Ped=0 | Highway=010 | Side=100 | Walk=0
Time=513165000 | Ped=0 | Highway=100 | Side=001 | Walk=0
Time=513225000 | Ped=0 | Highway=001 | Side=100 | Walk=0
Time=513285000 | Ped=0 | Highway=010 | Side=100 | Walk=0
Time=513315000 | Ped=0 | Highway=100 | Side=001 | Walk=0
Time=513375000 | Ped=0 | Highway=001 | Side=100 | Walk=0
Time=513435000 | Ped=0 | Highway=010 | Side=100 | Walk=0
Time=513465000 | Ped=0 | Highway=100 | Side=001 | Walk=0
Time=513525000 | Ped=0 | Highway=001 | Side=100 | Walk=0
Time=513585000 | Ped=0 | Highway=010 | Side=100 | Walk=0
Time=513615000 | Ped=0 | Highway=100 | Side=001 | Walk=0
Time=513675000 | Ped=0 | Highway=001 | Side=100 | Walk=0
Time=513735000 | Ped=0 | Highway=010 | Side=100 | Walk=0
Time=513765000 | Ped=0 | Highway=100 | Side=001 | Walk=0
Time=513825000 | Ped=0 | Highway=001 | Side=100 | Walk=0
Time=513885000 | Ped=0 | Highway=010 | Side=100 | Walk=0
Time=513915000 | Ped=0 | Highway=100 | Side=001 | Walk=0
Time=513975000 | Ped=0 | Highway=001 | Side=100 | Walk=0
Time=514035000 | Ped=0 | Highway=010 | Side=100 | Walk=0
Time=514065000 | Ped=0 | Highway=100 | Side=001 | Walk=0
Time=514125000 | Ped=0 | Highway=001 | Side=100 | Walk=0
Time=514185000 | Ped=0 | Highway=010 | Side=100 | Walk=0
Time=514215000 | Ped=0 | Highway=100 | Side=001 | Walk=0
Time=514275000 | Ped=0 | Highway=001 | Side=100 | Walk=0
Time=514335000 | Ped=0 | Highway=010 | Side=100 | Walk=0
Time=514365000 | Ped=0 | Highway=100 | Side=001 | Walk=0
Time=514425000 | Ped=0 | Highway=001 | Side=100 | Walk=0
Time=514485000 | Ped=0 | Highway=010 | Side=100 | Walk=0
Time=514515000 | Ped=0 | Highway=100 | Side=001 | Walk=0
Time=514575000 | Ped=0 | Highway=001 | Side=100 | Walk=0
Time=514635000 | Ped=0 | Highway=010 | Side=100 | Walk=0
Time=514665000 | Ped=0 | Highway=100 | Side=001 | Walk=0
Time=514725000 | Ped=0 | Highway=001 | Side=100 | Walk=0
Time=514785000 | Ped=0 | Highway=010 | Side=100 | Walk=0
Time=514815000 | Ped=0 | Highway=100 | Side=001 | Walk=0
Time=514875000 | Ped=0 | Highway=001 | Side=100 | Walk=0
Time=514935000 | Ped=0 | Highway=010 | Side=100 | Walk=0
Time=514965000 | Ped=0 | Highway=100 | Side=001 | Walk=0
Time=515025000 | Ped=0 | Highway=001 | Side=100 | Walk=0
Time=515085000 | Ped=0 | Highway=010 | Side=100 | Walk=0
Time=515115000 | Ped=0 | Highway=100 | Side=001 | Walk=0
Time=515175000 | Ped=0 | Highway=001 | Side=100 | Walk=0
Time=515235000 | Ped=0 | Highway=010 | Side=100 | Walk=0
Time=515265000 | Ped=0 | Highway=100 | Side=001 | Walk=0
Time=515325000 | Ped=0 | Highway=001 | Side=100 | Walk=0
Time=515385000 | Ped=0 | Highway=010 | Side=100 | Walk=0
Time=515415000 | Ped=0 | Highway=100 | Side=001 | Walk=0
Time=515475000 | Ped=0 | Highway=001 | Side=100 | Walk=0
Time=515535000 | Ped=0 | Highway=010 | Side=100 | Walk=0
Time=515565000 | Ped=0 | Highway=100 | Side=001 | Walk=0
Time=515625000 | Ped=0 | Highway=001 | Side=100 | Walk=0
Time=515685000 | Ped=0 | Highway=010 | Side=100 | Walk=0
Time=515715000 | Ped=0 | Highway=100 | Side=001 | Walk=0
Time=515775000 | Ped=0 | Highway=001 | Side=100 | Walk=0
Time=515835000 | Ped=0 | Highway=010 | Side=100 | Walk=0
Time=515865000 | Ped=0 | Highway=100 | Side=001 | Walk=0
Time=515925000 | Ped=0 | Highway=001 | Side=100 | Walk=0
Time=515985000 | Ped=0 | Highway=010 | Side=100 | Walk=0
Time=516015000 | Ped=0 | Highway=100 | Side=001 | Walk=0
Time=516075000 | Ped=0 | Highway=001 | Side=100 | Walk=0
Time=516135000 | Ped=0 | Highway=010 | Side=100 | Walk=0
Time=516165000 | Ped=0 | Highway=100 | Side=001 | Walk=0
Time=516225000 | Ped=0 | Highway=001 | Side=100 | Walk=0
Time=516285000 | Ped=0 | Highway=010 | Side=100 | Walk=0
Time=516315000 | Ped=0 | Highway=100 | Side=001 | Walk=0
Time=516375000 | Ped=0 | Highway=001 | Side=100 | Walk=0
Time=516435000 | Ped=0 | Highway=010 | Side=100 | Walk=0
Time=516465000 | Ped=0 | Highway=100 | Side=001 | Walk=0
Time=516525000 | Ped=0 | Highway=001 | Side=100 | Walk=0
Time=516585000 | Ped=0 | Highway=010 | Side=100 | Walk=0
Time=516615000 | Ped=0 | Highway=100 | Side=001 | Walk=0
Time=516675000 | Ped=0 | Highway=001 | Side=100 | Walk=0
Time=516735000 | Ped=0 | Highway=010 | Side=100 | Walk=0
Time=516765000 | Ped=0 | Highway=100 | Side=001 | Walk=0
Time=516825000 | Ped=0 | Highway=001 | Side=100 | Walk=0
Time=516885000 | Ped=0 | Highway=010 | Side=100 | Walk=0
Time=516915000 | Ped=0 | Highway=100 | Side=001 | Walk=0
Time=516975000 | Ped=0 | Highway=001 | Side=100 | Walk=0
Time=517035000 | Ped=0 | Highway=010 | Side=100 | Walk=0
Time=517065000 | Ped=0 | Highway=100 | Side=001 | Walk=0
Time=517125000 | Ped=0 | Highway=001 | Side=100 | Walk=0
Time=517185000 | Ped=0 | Highway=010 | Side=100 | Walk=0
Time=517215000 | Ped=0 | Highway=100 | Side=001 | Walk=0
Time=517275000 | Ped=0 | Highway=001 | Side=100 | Walk=0
Time=517335000 | Ped=0 | Highway=010 | Side=100 | Walk=0
Time=517365000 | Ped=0 | Highway=100 | Side=001 | Walk=0
Time=517425000 | Ped=0 | Highway=001 | Side=100 | Walk=0
Time=517485000 | Ped=0 | Highway=010 | Side=100 | Walk=0
Time=517515000 | Ped=0 | Highway=100 | Side=001 | Walk=0
Time=517575000 | Ped=0 | Highway=001 | Side=100 | Walk=0
Time=517635000 | Ped=0 | Highway=010 | Side=100 | Walk=0
Time=517665000 | Ped=0 | Highway=100 | Side=001 | Walk=0
Time=517725000 | Ped=0 | Highway=001 | Side=100 | Walk=0
Time=517785000 | Ped=0 | Highway=010 | Side=100 | Walk=0
Time=517815000 | Ped=0 | Highway=100 | Side=001 | Walk=0
Time=517875000 | Ped=0 | Highway=001 | Side=100 | Walk=0
Time=517935000 | Ped=0 | Highway=010 | Side=100 | Walk=0
Time=517965000 | Ped=0 | Highway=100 | Side=001 | Walk=0
Time=518025000 | Ped=0 | Highway=001 | Side=100 | Walk=0
Time=518085000 | Ped=0 | Highway=010 | Side=100 | Walk=0
Time=518115000 | Ped=0 | Highway=100 | Side=001 | Walk=0
Time=518175000 | Ped=0 | Highway=001 | Side=100 | Walk=0
Time=518235000 | Ped=0 | Highway=010 | Side=100 | Walk=0
Time=518265000 | Ped=0 | Highway=100 | Side=001 | Walk=0
Time=518325000 | Ped=0 | Highway=001 | Side=100 | Walk=0
Time=518385000 | Ped=0 | Highway=010 | Side=100 | Walk=0
Time=518415000 | Ped=0 | Highway=100 | Side=001 | Walk=0
Time=518475000 | Ped=0 | Highway=001 | Side=100 | Walk=0
Time=518535000 | Ped=0 | Highway=010 | Side=100 | Walk=0
Time=518565000 | Ped=0 | Highway=100 | Side=001 | Walk=0
Time=518625000 | Ped=0 | Highway=001 | Side=100 | Walk=0
Time=518685000 | Ped=0 | Highway=010 | Side=100 | Walk=0
Time=518715000 | Ped=0 | Highway=100 | Side=001 | Walk=0
Time=518775000 | Ped=0 | Highway=001 | Side=100 | Walk=0
Time=518835000 | Ped=0 | Highway=010 | Side=100 | Walk=0
Time=518865000 | Ped=0 | Highway=100 | Side=001 | Walk=0
Time=518925000 | Ped=0 | Highway=001 | Side=100 | Walk=0
Time=518985000 | Ped=0 | Highway=010 | Side=100 | Walk=0
Time=519015000 | Ped=0 | Highway=100 | Side=001 | Walk=0
Time=519075000 | Ped=0 | Highway=001 | Side=100 | Walk=0
Time=519135000 | Ped=0 | Highway=010 | Side=100 | Walk=0
Time=519165000 | Ped=0 | Highway=100 | Side=001 | Walk=0
Time=519225000 | Ped=0 | Highway=001 | Side=100 | Walk=0
Time=519285000 | Ped=0 | Highway=010 | Side=100 | Walk=0
Time=519315000 | Ped=0 | Highway=100 | Side=001 | Walk=0
Time=519375000 | Ped=0 | Highway=001 | Side=100 | Walk=0
Time=519435000 | Ped=0 | Highway=010 | Side=100 | Walk=0
Time=519465000 | Ped=0 | Highway=100 | Side=001 | Walk=0
Time=519525000 | Ped=0 | Highway=001 | Side=100 | Walk=0
Time=519585000 | Ped=0 | Highway=010 | Side=100 | Walk=0
Time=519615000 | Ped=0 | Highway=100 | Side=001 | Walk=0
Time=519675000 | Ped=0 | Highway=001 | Side=100 | Walk=0
Time=519735000 | Ped=0 | Highway=010 | Side=100 | Walk=0
Time=519765000 | Ped=0 | Highway=100 | Side=001 | Walk=0
Time=519825000 | Ped=0 | Highway=001 | Side=100 | Walk=0
Time=519885000 | Ped=0 | Highway=010 | Side=100 | Walk=0
Time=519915000 | Ped=0 | Highway=100 | Side=001 | Walk=0
Time=519975000 | Ped=0 | Highway=001 | Side=100 | Walk=0
Time=520035000 | Ped=0 | Highway=010 | Side=100 | Walk=0
Time=520065000 | Ped=0 | Highway=100 | Side=001 | Walk=0
Time=520125000 | Ped=0 | Highway=001 | Side=100 | Walk=0
Time=520185000 | Ped=0 | Highway=010 | Side=100 | Walk=0
Time=520215000 | Ped=0 | Highway=100 | Side=001 | Walk=0
Time=520275000 | Ped=0 | Highway=001 | Side=100 | Walk=0
Time=520335000 | Ped=0 | Highway=010 | Side=100 | Walk=0
Time=520365000 | Ped=0 | Highway=100 | Side=001 | Walk=0
Time=520425000 | Ped=0 | Highway=001 | Side=100 | Walk=0
Time=520485000 | Ped=0 | Highway=010 | Side=100 | Walk=0
Time=520515000 | Ped=0 | Highway=100 | Side=001 | Walk=0
Time=520575000 | Ped=0 | Highway=001 | Side=100 | Walk=0
Time=520635000 | Ped=0 | Highway=010 | Side=100 | Walk=0
Time=520665000 | Ped=0 | Highway=100 | Side=001 | Walk=0
Time=520725000 | Ped=0 | Highway=001 | Side=100 | Walk=0
Time=520785000 | Ped=0 | Highway=010 | Side=100 | Walk=0
Time=520815000 | Ped=0 | Highway=100 | Side=001 | Walk=0
Time=520875000 | Ped=0 | Highway=001 | Side=100 | Walk=0
Time=520935000 | Ped=0 | Highway=010 | Side=100 | Walk=0
Time=520965000 | Ped=0 | Highway=100 | Side=001 | Walk=0
Time=521025000 | Ped=0 | Highway=001 | Side=100 | Walk=0
Time=521085000 | Ped=0 | Highway=010 | Side=100 | Walk=0
Time=521115000 | Ped=0 | Highway=100 | Side=001 | Walk=0
Time=521175000 | Ped=0 | Highway=001 | Side=100 | Walk=0
Time=521235000 | Ped=0 | Highway=010 | Side=100 | Walk=0
Time=521265000 | Ped=0 | Highway=100 | Side=001 | Walk=0
Time=521325000 | Ped=0 | Highway=001 | Side=100 | Walk=0
Time=521385000 | Ped=0 | Highway=010 | Side=100 | Walk=0
Time=521415000 | Ped=0 | Highway=100 | Side=001 | Walk=0
Time=521475000 | Ped=0 | Highway=001 | Side=100 | Walk=0
Time=521535000 | Ped=0 | Highway=010 | Side=100 | Walk=0
Time=521565000 | Ped=0 | Highway=100 | Side=001 | Walk=0
Time=521625000 | Ped=0 | Highway=001 | Side=100 | Walk=0
Time=521685000 | Ped=0 | Highway=010 | Side=100 | Walk=0
Time=521715000 | Ped=0 | Highway=100 | Side=001 | Walk=0
Time=521775000 | Ped=0 | Highway=001 | Side=100 | Walk=0
Time=521835000 | Ped=0 | Highway=010 | Side=100 | Walk=0
Time=521865000 | Ped=0 | Highway=100 | Side=001 | Walk=0
Time=521925000 | Ped=0 | Highway=001 | Side=100 | Walk=0
Time=521985000 | Ped=0 | Highway=010 | Side=100 | Walk=0
Time=522015000 | Ped=0 | Highway=100 | Side=001 | Walk=0
Time=522075000 | Ped=0 | Highway=001 | Side=100 | Walk=0
Time=522135000 | Ped=0 | Highway=010 | Side=100 | Walk=0
Time=522165000 | Ped=0 | Highway=100 | Side=001 | Walk=0
Time=522225000 | Ped=0 | Highway=001 | Side=100 | Walk=0
Time=522285000 | Ped=0 | Highway=010 | Side=100 | Walk=0
Time=522315000 | Ped=0 | Highway=100 | Side=001 | Walk=0
Time=522375000 | Ped=0 | Highway=001 | Side=100 | Walk=0
Time=522435000 | Ped=0 | Highway=010 | Side=100 | Walk=0
Time=522465000 | Ped=0 | Highway=100 | Side=001 | Walk=0
Time=522525000 | Ped=0 | Highway=001 | Side=100 | Walk=0
Time=522585000 | Ped=0 | Highway=010 | Side=100 | Walk=0
Time=522615000 | Ped=0 | Highway=100 | Side=001 | Walk=0
Time=522675000 | Ped=0 | Highway=001 | Side=100 | Walk=0
Time=522735000 | Ped=0 | Highway=010 | Side=100 | Walk=0
Time=522765000 | Ped=0 | Highway=100 | Side=001 | Walk=0
Time=522825000 | Ped=0 | Highway=001 | Side=100 | Walk=0
Time=522885000 | Ped=0 | Highway=010 | Side=100 | Walk=0
Time=522915000 | Ped=0 | Highway=100 | Side=001 | Walk=0
Time=522975000 | Ped=0 | Highway=001 | Side=100 | Walk=0
Time=523035000 | Ped=0 | Highway=010 | Side=100 | Walk=0
Time=523065000 | Ped=0 | Highway=100 | Side=001 | Walk=0
Time=523125000 | Ped=0 | Highway=001 | Side=100 | Walk=0
Time=523185000 | Ped=0 | Highway=010 | Side=100 | Walk=0
Time=523215000 | Ped=0 | Highway=100 | Side=001 | Walk=0
Time=523275000 | Ped=0 | Highway=001 | Side=100 | Walk=0
Time=523335000 | Ped=0 | Highway=010 | Side=100 | Walk=0
Time=523365000 | Ped=0 | Highway=100 | Side=001 | Walk=0
Time=523425000 | Ped=0 | Highway=001 | Side=100 | Walk=0
Time=523485000 | Ped=0 | Highway=010 | Side=100 | Walk=0
Time=523515000 | Ped=0 | Highway=100 | Side=001 | Walk=0
Time=523575000 | Ped=0 | Highway=001 | Side=100 | Walk=0
Time=523635000 | Ped=0 | Highway=010 | Side=100 | Walk=0
Time=523665000 | Ped=0 | Highway=100 | Side=001 | Walk=0
Time=523725000 | Ped=0 | Highway=001 | Side=100 | Walk=0
Time=523785000 | Ped=0 | Highway=010 | Side=100 | Walk=0
Time=523815000 | Ped=0 | Highway=100 | Side=001 | Walk=0
Time=523875000 | Ped=0 | Highway=001 | Side=100 | Walk=0
Time=523935000 | Ped=0 | Highway=010 | Side=100 | Walk=0
Time=523965000 | Ped=0 | Highway=100 | Side=001 | Walk=0
Time=524025000 | Ped=0 | Highway=001 | Side=100 | Walk=0
Time=524085000 | Ped=0 | Highway=010 | Side=100 | Walk=0
Time=524115000 | Ped=0 | Highway=100 | Side=001 | Walk=0
Time=524175000 | Ped=0 | Highway=001 | Side=100 | Walk=0
Time=524235000 | Ped=0 | Highway=010 | Side=100 | Walk=0
Time=524265000 | Ped=0 | Highway=100 | Side=001 | Walk=0
Time=524325000 | Ped=0 | Highway=001 | Side=100 | Walk=0
Time=524385000 | Ped=0 | Highway=010 | Side=100 | Walk=0
Time=524415000 | Ped=0 | Highway=100 | Side=001 | Walk=0
Time=524475000 | Ped=0 | Highway=001 | Side=100 | Walk=0
Time=524535000 | Ped=0 | Highway=010 | Side=100 | Walk=0
Time=524565000 | Ped=0 | Highway=100 | Side=001 | Walk=0
Time=524625000 | Ped=0 | Highway=001 | Side=100 | Walk=0
Time=524685000 | Ped=0 | Highway=010 | Side=100 | Walk=0
Time=524715000 | Ped=0 | Highway=100 | Side=001 | Walk=0
Time=524775000 | Ped=0 | Highway=001 | Side=100 | Walk=0
Time=524835000 | Ped=0 | Highway=010 | Side=100 | Walk=0
Time=524865000 | Ped=0 | Highway=100 | Side=001 | Walk=0
Time=524925000 | Ped=0 | Highway=001 | Side=100 | Walk=0
Time=524985000 | Ped=0 | Highway=010 | Side=100 | Walk=0
Time=525015000 | Ped=0 | Highway=100 | Side=001 | Walk=0
Time=525075000 | Ped=0 | Highway=001 | Side=100 | Walk=0
Time=525135000 | Ped=0 | Highway=010 | Side=100 | Walk=0
Time=525165000 | Ped=0 | Highway=100 | Side=001 | Walk=0
Time=525225000 | Ped=0 | Highway=001 | Side=100 | Walk=0
Time=525285000 | Ped=0 | Highway=010 | Side=100 | Walk=0
Time=525315000 | Ped=0 | Highway=100 | Side=001 | Walk=0
Time=525375000 | Ped=0 | Highway=001 | Side=100 | Walk=0
Time=525435000 | Ped=0 | Highway=010 | Side=100 | Walk=0
Time=525465000 | Ped=0 | Highway=100 | Side=001 | Walk=0
Time=525525000 | Ped=0 | Highway=001 | Side=100 | Walk=0
Time=525585000 | Ped=0 | Highway=010 | Side=100 | Walk=0
Time=525615000 | Ped=0 | Highway=100 | Side=001 | Walk=0
Time=525675000 | Ped=0 | Highway=001 | Side=100 | Walk=0
Time=525735000 | Ped=0 | Highway=010 | Side=100 | Walk=0
Time=525765000 | Ped=0 | Highway=100 | Side=001 | Walk=0
Time=525825000 | Ped=0 | Highway=001 | Side=100 | Walk=0
Time=525885000 | Ped=0 | Highway=010 | Side=100 | Walk=0
Time=525915000 | Ped=0 | Highway=100 | Side=001 | Walk=0
Time=525975000 | Ped=0 | Highway=001 | Side=100 | Walk=0
Time=526035000 | Ped=0 | Highway=010 | Side=100 | Walk=0
Time=526065000 | Ped=0 | Highway=100 | Side=001 | Walk=0
Time=526125000 | Ped=0 | Highway=001 | Side=100 | Walk=0
Time=526185000 | Ped=0 | Highway=010 | Side=100 | Walk=0
Time=526215000 | Ped=0 | Highway=100 | Side=001 | Walk=0
Time=526275000 | Ped=0 | Highway=001 | Side=100 | Walk=0
Time=526335000 | Ped=0 | Highway=010 | Side=100 | Walk=0
Time=526365000 | Ped=0 | Highway=100 | Side=001 | Walk=0
Time=526425000 | Ped=0 | Highway=001 | Side=100 | Walk=0
Time=526485000 | Ped=0 | Highway=010 | Side=100 | Walk=0
Time=526515000 | Ped=0 | Highway=100 | Side=001 | Walk=0
Time=526575000 | Ped=0 | Highway=001 | Side=100 | Walk=0
Time=526635000 | Ped=0 | Highway=010 | Side=100 | Walk=0
Time=526665000 | Ped=0 | Highway=100 | Side=001 | Walk=0
Time=526725000 | Ped=0 | Highway=001 | Side=100 | Walk=0
Time=526785000 | Ped=0 | Highway=010 | Side=100 | Walk=0
Time=526815000 | Ped=0 | Highway=100 | Side=001 | Walk=0
Time=526875000 | Ped=0 | Highway=001 | Side=100 | Walk=0
Time=526935000 | Ped=0 | Highway=010 | Side=100 | Walk=0
Time=526965000 | Ped=0 | Highway=100 | Side=001 | Walk=0
Time=527025000 | Ped=0 | Highway=001 | Side=100 | Walk=0
Time=527085000 | Ped=0 | Highway=010 | Side=100 | Walk=0
Time=527115000 | Ped=0 | Highway=100 | Side=001 | Walk=0
Time=527175000 | Ped=0 | Highway=001 | Side=100 | Walk=0
Time=527235000 | Ped=0 | Highway=010 | Side=100 | Walk=0
Time=527265000 | Ped=0 | Highway=100 | Side=001 | Walk=0
Time=527325000 | Ped=0 | Highway=001 | Side=100 | Walk=0
Time=527385000 | Ped=0 | Highway=010 | Side=100 | Walk=0
Time=527415000 | Ped=0 | Highway=100 | Side=001 | Walk=0
Time=527475000 | Ped=0 | Highway=001 | Side=100 | Walk=0
Time=527535000 | Ped=0 | Highway=010 | Side=100 | Walk=0
Time=527565000 | Ped=0 | Highway=100 | Side=001 | Walk=0
Time=527625000 | Ped=0 | Highway=001 | Side=100 | Walk=0
Time=527685000 | Ped=0 | Highway=010 | Side=100 | Walk=0
Time=527715000 | Ped=0 | Highway=100 | Side=001 | Walk=0
Time=527775000 | Ped=0 | Highway=001 | Side=100 | Walk=0
Time=527835000 | Ped=0 | Highway=010 | Side=100 | Walk=0
Time=527865000 | Ped=0 | Highway=100 | Side=001 | Walk=0
Time=527925000 | Ped=0 | Highway=001 | Side=100 | Walk=0
Time=527985000 | Ped=0 | Highway=010 | Side=100 | Walk=0
Time=528015000 | Ped=0 | Highway=100 | Side=001 | Walk=0
Time=528075000 | Ped=0 | Highway=001 | Side=100 | Walk=0
Time=528135000 | Ped=0 | Highway=010 | Side=100 | Walk=0
Time=528165000 | Ped=0 | Highway=100 | Side=001 | Walk=0
Time=528225000 | Ped=0 | Highway=001 | Side=100 | Walk=0
Time=528285000 | Ped=0 | Highway=010 | Side=100 | Walk=0
Time=528315000 | Ped=0 | Highway=100 | Side=001 | Walk=0
Time=528375000 | Ped=0 | Highway=001 | Side=100 | Walk=0
Time=528435000 | Ped=0 | Highway=010 | Side=100 | Walk=0
Time=528465000 | Ped=0 | Highway=100 | Side=001 | Walk=0
Time=528525000 | Ped=0 | Highway=001 | Side=100 | Walk=0
Time=528585000 | Ped=0 | Highway=010 | Side=100 | Walk=0
Time=528615000 | Ped=0 | Highway=100 | Side=001 | Walk=0
Time=528675000 | Ped=0 | Highway=001 | Side=100 | Walk=0
Time=528735000 | Ped=0 | Highway=010 | Side=100 | Walk=0
Time=528765000 | Ped=0 | Highway=100 | Side=001 | Walk=0
Time=528825000 | Ped=0 | Highway=001 | Side=100 | Walk=0
Time=528885000 | Ped=0 | Highway=010 | Side=100 | Walk=0
Time=528915000 | Ped=0 | Highway=100 | Side=001 | Walk=0
Time=528975000 | Ped=0 | Highway=001 | Side=100 | Walk=0
Time=529035000 | Ped=0 | Highway=010 | Side=100 | Walk=0
Time=529065000 | Ped=0 | Highway=100 | Side=001 | Walk=0
Time=529125000 | Ped=0 | Highway=001 | Side=100 | Walk=0
Time=529185000 | Ped=0 | Highway=010 | Side=100 | Walk=0
Time=529215000 | Ped=0 | Highway=100 | Side=001 | Walk=0
Time=529275000 | Ped=0 | Highway=001 | Side=100 | Walk=0
Time=529335000 | Ped=0 | Highway=010 | Side=100 | Walk=0
Time=529365000 | Ped=0 | Highway=100 | Side=001 | Walk=0
Time=529425000 | Ped=0 | Highway=001 | Side=100 | Walk=0
Time=529485000 | Ped=0 | Highway=010 | Side=100 | Walk=0
Time=529515000 | Ped=0 | Highway=100 | Side=001 | Walk=0
Time=529575000 | Ped=0 | Highway=001 | Side=100 | Walk=0
Time=529635000 | Ped=0 | Highway=010 | Side=100 | Walk=0
Time=529665000 | Ped=0 | Highway=100 | Side=001 | Walk=0
Time=529725000 | Ped=0 | Highway=001 | Side=100 | Walk=0
Time=529785000 | Ped=0 | Highway=010 | Side=100 | Walk=0
Time=529815000 | Ped=0 | Highway=100 | Side=001 | Walk=0
Time=529875000 | Ped=0 | Highway=001 | Side=100 | Walk=0
Time=529935000 | Ped=0 | Highway=010 | Side=100 | Walk=0
Time=529965000 | Ped=0 | Highway=100 | Side=001 | Walk=0
Time=530025000 | Ped=0 | Highway=001 | Side=100 | Walk=0
Time=530085000 | Ped=0 | Highway=010 | Side=100 | Walk=0
Time=530115000 | Ped=0 | Highway=100 | Side=001 | Walk=0
Time=530175000 | Ped=0 | Highway=001 | Side=100 | Walk=0
Time=530235000 | Ped=0 | Highway=010 | Side=100 | Walk=0
Time=530265000 | Ped=0 | Highway=100 | Side=001 | Walk=0
Time=530325000 | Ped=0 | Highway=001 | Side=100 | Walk=0
Time=530385000 | Ped=0 | Highway=010 | Side=100 | Walk=0
Time=530415000 | Ped=0 | Highway=100 | Side=001 | Walk=0
Time=530475000 | Ped=0 | Highway=001 | Side=100 | Walk=0
Time=530535000 | Ped=0 | Highway=010 | Side=100 | Walk=0
Time=530565000 | Ped=0 | Highway=100 | Side=001 | Walk=0
Time=530625000 | Ped=0 | Highway=001 | Side=100 | Walk=0
Time=530685000 | Ped=0 | Highway=010 | Side=100 | Walk=0
Time=530715000 | Ped=0 | Highway=100 | Side=001 | Walk=0
Time=530775000 | Ped=0 | Highway=001 | Side=100 | Walk=0
Time=530835000 | Ped=0 | Highway=010 | Side=100 | Walk=0
Time=530865000 | Ped=0 | Highway=100 | Side=001 | Walk=0
Time=530925000 | Ped=0 | Highway=001 | Side=100 | Walk=0
Time=530985000 | Ped=0 | Highway=010 | Side=100 | Walk=0
Time=531015000 | Ped=0 | Highway=100 | Side=001 | Walk=0
Time=531075000 | Ped=0 | Highway=001 | Side=100 | Walk=0
Time=531135000 | Ped=0 | Highway=010 | Side=100 | Walk=0
Time=531165000 | Ped=0 | Highway=100 | Side=001 | Walk=0
Time=531225000 | Ped=0 | Highway=001 | Side=100 | Walk=0
Time=531285000 | Ped=0 | Highway=010 | Side=100 | Walk=0
Time=531315000 | Ped=0 | Highway=100 | Side=001 | Walk=0
Time=531375000 | Ped=0 | Highway=001 | Side=100 | Walk=0
Time=531435000 | Ped=0 | Highway=010 | Side=100 | Walk=0
Time=531465000 | Ped=0 | Highway=100 | Side=001 | Walk=0
Time=531525000 | Ped=0 | Highway=001 | Side=100 | Walk=0
Time=531585000 | Ped=0 | Highway=010 | Side=100 | Walk=0
Time=531615000 | Ped=0 | Highway=100 | Side=001 | Walk=0
Time=531675000 | Ped=0 | Highway=001 | Side=100 | Walk=0
Time=531735000 | Ped=0 | Highway=010 | Side=100 | Walk=0
Time=531765000 | Ped=0 | Highway=100 | Side=001 | Walk=0
Time=531825000 | Ped=0 | Highway=001 | Side=100 | Walk=0
Time=531885000 | Ped=0 | Highway=010 | Side=100 | Walk=0
Time=531915000 | Ped=0 | Highway=100 | Side=001 | Walk=0
Time=531975000 | Ped=0 | Highway=001 | Side=100 | Walk=0
Time=532035000 | Ped=0 | Highway=010 | Side=100 | Walk=0
Time=532065000 | Ped=0 | Highway=100 | Side=001 | Walk=0
Time=532125000 | Ped=0 | Highway=001 | Side=100 | Walk=0
Time=532185000 | Ped=0 | Highway=010 | Side=100 | Walk=0
Time=532215000 | Ped=0 | Highway=100 | Side=001 | Walk=0
Time=532275000 | Ped=0 | Highway=001 | Side=100 | Walk=0
Time=532335000 | Ped=0 | Highway=010 | Side=100 | Walk=0
Time=532365000 | Ped=0 | Highway=100 | Side=001 | Walk=0
Time=532425000 | Ped=0 | Highway=001 | Side=100 | Walk=0
Time=532485000 | Ped=0 | Highway=010 | Side=100 | Walk=0
Time=532515000 | Ped=0 | Highway=100 | Side=001 | Walk=0
Time=532575000 | Ped=0 | Highway=001 | Side=100 | Walk=0
Time=532635000 | Ped=0 | Highway=010 | Side=100 | Walk=0
Time=532665000 | Ped=0 | Highway=100 | Side=001 | Walk=0
Time=532725000 | Ped=0 | Highway=001 | Side=100 | Walk=0
Time=532785000 | Ped=0 | Highway=010 | Side=100 | Walk=0
Time=532815000 | Ped=0 | Highway=100 | Side=001 | Walk=0
Time=532875000 | Ped=0 | Highway=001 | Side=100 | Walk=0
Time=532935000 | Ped=0 | Highway=010 | Side=100 | Walk=0
Time=532965000 | Ped=0 | Highway=100 | Side=001 | Walk=0
Time=533025000 | Ped=0 | Highway=001 | Side=100 | Walk=0
Time=533085000 | Ped=0 | Highway=010 | Side=100 | Walk=0
Time=533115000 | Ped=0 | Highway=100 | Side=001 | Walk=0
Time=533175000 | Ped=0 | Highway=001 | Side=100 | Walk=0
Time=533235000 | Ped=0 | Highway=010 | Side=100 | Walk=0
Time=533265000 | Ped=0 | Highway=100 | Side=001 | Walk=0
Time=533325000 | Ped=0 | Highway=001 | Side=100 | Walk=0
Time=533385000 | Ped=0 | Highway=010 | Side=100 | Walk=0
Time=533415000 | Ped=0 | Highway=100 | Side=001 | Walk=0
Time=533475000 | Ped=0 | Highway=001 | Side=100 | Walk=0
Time=533535000 | Ped=0 | Highway=010 | Side=100 | Walk=0
Time=533565000 | Ped=0 | Highway=100 | Side=001 | Walk=0
Time=533625000 | Ped=0 | Highway=001 | Side=100 | Walk=0
Time=533685000 | Ped=0 | Highway=010 | Side=100 | Walk=0
Time=533715000 | Ped=0 | Highway=100 | Side=001 | Walk=0
Time=533775000 | Ped=0 | Highway=001 | Side=100 | Walk=0
Time=533835000 | Ped=0 | Highway=010 | Side=100 | Walk=0
Time=533865000 | Ped=0 | Highway=100 | Side=001 | Walk=0
Time=533925000 | Ped=0 | Highway=001 | Side=100 | Walk=0
Time=533985000 | Ped=0 | Highway=010 | Side=100 | Walk=0
Time=534015000 | Ped=0 | Highway=100 | Side=001 | Walk=0
Time=534075000 | Ped=0 | Highway=001 | Side=100 | Walk=0
Time=534135000 | Ped=0 | Highway=010 | Side=100 | Walk=0
Time=534165000 | Ped=0 | Highway=100 | Side=001 | Walk=0
Time=534225000 | Ped=0 | Highway=001 | Side=100 | Walk=0
Time=534285000 | Ped=0 | Highway=010 | Side=100 | Walk=0
Time=534315000 | Ped=0 | Highway=100 | Side=001 | Walk=0
Time=534375000 | Ped=0 | Highway=001 | Side=100 | Walk=0
Time=534435000 | Ped=0 | Highway=010 | Side=100 | Walk=0
Time=534465000 | Ped=0 | Highway=100 | Side=001 | Walk=0
Time=534525000 | Ped=0 | Highway=001 | Side=100 | Walk=0
Time=534585000 | Ped=0 | Highway=010 | Side=100 | Walk=0
Time=534615000 | Ped=0 | Highway=100 | Side=001 | Walk=0
Time=534675000 | Ped=0 | Highway=001 | Side=100 | Walk=0
Time=534735000 | Ped=0 | Highway=010 | Side=100 | Walk=0
Time=534765000 | Ped=0 | Highway=100 | Side=001 | Walk=0
Time=534825000 | Ped=0 | Highway=001 | Side=100 | Walk=0
Time=534885000 | Ped=0 | Highway=010 | Side=100 | Walk=0
Time=534915000 | Ped=0 | Highway=100 | Side=001 | Walk=0
Time=534975000 | Ped=0 | Highway=001 | Side=100 | Walk=0
Time=535035000 | Ped=0 | Highway=010 | Side=100 | Walk=0
Time=535065000 | Ped=0 | Highway=100 | Side=001 | Walk=0
Time=535125000 | Ped=0 | Highway=001 | Side=100 | Walk=0
Time=535185000 | Ped=0 | Highway=010 | Side=100 | Walk=0
Time=535215000 | Ped=0 | Highway=100 | Side=001 | Walk=0
Time=535275000 | Ped=0 | Highway=001 | Side=100 | Walk=0
Time=535335000 | Ped=0 | Highway=010 | Side=100 | Walk=0
Time=535365000 | Ped=0 | Highway=100 | Side=001 | Walk=0
Time=535425000 | Ped=0 | Highway=001 | Side=100 | Walk=0
Time=535485000 | Ped=0 | Highway=010 | Side=100 | Walk=0
Time=535515000 | Ped=0 | Highway=100 | Side=001 | Walk=0
Time=535575000 | Ped=0 | Highway=001 | Side=100 | Walk=0
Time=535635000 | Ped=0 | Highway=010 | Side=100 | Walk=0
Time=535665000 | Ped=0 | Highway=100 | Side=001 | Walk=0
Time=535725000 | Ped=0 | Highway=001 | Side=100 | Walk=0
Time=535785000 | Ped=0 | Highway=010 | Side=100 | Walk=0
Time=535815000 | Ped=0 | Highway=100 | Side=001 | Walk=0
Time=535875000 | Ped=0 | Highway=001 | Side=100 | Walk=0
Time=535935000 | Ped=0 | Highway=010 | Side=100 | Walk=0
Time=535965000 | Ped=0 | Highway=100 | Side=001 | Walk=0
Time=536025000 | Ped=0 | Highway=001 | Side=100 | Walk=0
Time=536085000 | Ped=0 | Highway=010 | Side=100 | Walk=0
Time=536115000 | Ped=0 | Highway=100 | Side=001 | Walk=0
Time=536175000 | Ped=0 | Highway=001 | Side=100 | Walk=0
Time=536235000 | Ped=0 | Highway=010 | Side=100 | Walk=0
Time=536265000 | Ped=0 | Highway=100 | Side=001 | Walk=0
Time=536325000 | Ped=0 | Highway=001 | Side=100 | Walk=0
Time=536385000 | Ped=0 | Highway=010 | Side=100 | Walk=0
Time=536415000 | Ped=0 | Highway=100 | Side=001 | Walk=0
Time=536475000 | Ped=0 | Highway=001 | Side=100 | Walk=0
Time=536535000 | Ped=0 | Highway=010 | Side=100 | Walk=0
Time=536565000 | Ped=0 | Highway=100 | Side=001 | Walk=0
Time=536625000 | Ped=0 | Highway=001 | Side=100 | Walk=0
Time=536685000 | Ped=0 | Highway=010 | Side=100 | Walk=0
Time=536715000 | Ped=0 | Highway=100 | Side=001 | Walk=0
Time=536775000 | Ped=0 | Highway=001 | Side=100 | Walk=0
Time=536835000 | Ped=0 | Highway=010 | Side=100 | Walk=0
Time=536865000 | Ped=0 | Highway=100 | Side=001 | Walk=0
Time=536925000 | Ped=0 | Highway=001 | Side=100 | Walk=0
Time=536985000 | Ped=0 | Highway=010 | Side=100 | Walk=0
Time=537015000 | Ped=0 | Highway=100 | Side=001 | Walk=0
Time=537075000 | Ped=0 | Highway=001 | Side=100 | Walk=0
Time=537135000 | Ped=0 | Highway=010 | Side=100 | Walk=0
Time=537165000 | Ped=0 | Highway=100 | Side=001 | Walk=0
Time=537225000 | Ped=0 | Highway=001 | Side=100 | Walk=0
Time=537285000 | Ped=0 | Highway=010 | Side=100 | Walk=0
Time=537315000 | Ped=0 | Highway=100 | Side=001 | Walk=0
Time=537375000 | Ped=0 | Highway=001 | Side=100 | Walk=0
Time=537435000 | Ped=0 | Highway=010 | Side=100 | Walk=0
Time=537465000 | Ped=0 | Highway=100 | Side=001 | Walk=0
Time=537525000 | Ped=0 | Highway=001 | Side=100 | Walk=0
Time=537585000 | Ped=0 | Highway=010 | Side=100 | Walk=0
Time=537615000 | Ped=0 | Highway=100 | Side=001 | Walk=0
Time=537675000 | Ped=0 | Highway=001 | Side=100 | Walk=0
Time=537735000 | Ped=0 | Highway=010 | Side=100 | Walk=0
Time=537765000 | Ped=0 | Highway=100 | Side=001 | Walk=0
Time=537825000 | Ped=0 | Highway=001 | Side=100 | Walk=0
Time=537885000 | Ped=0 | Highway=010 | Side=100 | Walk=0
Time=537915000 | Ped=0 | Highway=100 | Side=001 | Walk=0
Time=537975000 | Ped=0 | Highway=001 | Side=100 | Walk=0
Time=538035000 | Ped=0 | Highway=010 | Side=100 | Walk=0
Time=538065000 | Ped=0 | Highway=100 | Side=001 | Walk=0
Time=538125000 | Ped=0 | Highway=001 | Side=100 | Walk=0
Time=538185000 | Ped=0 | Highway=010 | Side=100 | Walk=0
Time=538215000 | Ped=0 | Highway=100 | Side=001 | Walk=0
Time=538275000 | Ped=0 | Highway=001 | Side=100 | Walk=0
Time=538335000 | Ped=0 | Highway=010 | Side=100 | Walk=0
Time=538365000 | Ped=0 | Highway=100 | Side=001 | Walk=0
Time=538425000 | Ped=0 | Highway=001 | Side=100 | Walk=0
Time=538485000 | Ped=0 | Highway=010 | Side=100 | Walk=0
Time=538515000 | Ped=0 | Highway=100 | Side=001 | Walk=0
Time=538575000 | Ped=0 | Highway=001 | Side=100 | Walk=0
Time=538635000 | Ped=0 | Highway=010 | Side=100 | Walk=0
Time=538665000 | Ped=0 | Highway=100 | Side=001 | Walk=0
Time=538725000 | Ped=0 | Highway=001 | Side=100 | Walk=0
Time=538785000 | Ped=0 | Highway=010 | Side=100 | Walk=0
Time=538815000 | Ped=0 | Highway=100 | Side=001 | Walk=0
Time=538875000 | Ped=0 | Highway=001 | Side=100 | Walk=0
Time=538935000 | Ped=0 | Highway=010 | Side=100 | Walk=0
Time=538965000 | Ped=0 | Highway=100 | Side=001 | Walk=0
Time=539025000 | Ped=0 | Highway=001 | Side=100 | Walk=0
Time=539085000 | Ped=0 | Highway=010 | Side=100 | Walk=0
Time=539115000 | Ped=0 | Highway=100 | Side=001 | Walk=0
Time=539175000 | Ped=0 | Highway=001 | Side=100 | Walk=0
Time=539235000 | Ped=0 | Highway=010 | Side=100 | Walk=0
Time=539265000 | Ped=0 | Highway=100 | Side=001 | Walk=0
Time=539325000 | Ped=0 | Highway=001 | Side=100 | Walk=0
Time=539385000 | Ped=0 | Highway=010 | Side=100 | Walk=0
Time=539415000 | Ped=0 | Highway=100 | Side=001 | Walk=0
Time=539475000 | Ped=0 | Highway=001 | Side=100 | Walk=0
Time=539535000 | Ped=0 | Highway=010 | Side=100 | Walk=0
Time=539565000 | Ped=0 | Highway=100 | Side=001 | Walk=0
Time=539625000 | Ped=0 | Highway=001 | Side=100 | Walk=0
Time=539685000 | Ped=0 | Highway=010 | Side=100 | Walk=0
Time=539715000 | Ped=0 | Highway=100 | Side=001 | Walk=0
Time=539775000 | Ped=0 | Highway=001 | Side=100 | Walk=0
Time=539835000 | Ped=0 | Highway=010 | Side=100 | Walk=0
Time=539865000 | Ped=0 | Highway=100 | Side=001 | Walk=0
Time=539925000 | Ped=0 | Highway=001 | Side=100 | Walk=0
Time=539985000 | Ped=0 | Highway=010 | Side=100 | Walk=0
Time=540015000 | Ped=0 | Highway=100 | Side=001 | Walk=0
Time=540075000 | Ped=0 | Highway=001 | Side=100 | Walk=0
Time=540135000 | Ped=0 | Highway=010 | Side=100 | Walk=0
Time=540165000 | Ped=0 | Highway=100 | Side=001 | Walk=0
Time=540225000 | Ped=0 | Highway=001 | Side=100 | Walk=0
Time=540285000 | Ped=0 | Highway=010 | Side=100 | Walk=0
Time=540315000 | Ped=0 | Highway=100 | Side=001 | Walk=0
Time=540375000 | Ped=0 | Highway=001 | Side=100 | Walk=0
Time=540435000 | Ped=0 | Highway=010 | Side=100 | Walk=0
Time=540465000 | Ped=0 | Highway=100 | Side=001 | Walk=0
Time=540525000 | Ped=0 | Highway=001 | Side=100 | Walk=0
Time=540585000 | Ped=0 | Highway=010 | Side=100 | Walk=0
Time=540615000 | Ped=0 | Highway=100 | Side=001 | Walk=0
Time=540675000 | Ped=0 | Highway=001 | Side=100 | Walk=0
Time=540735000 | Ped=0 | Highway=010 | Side=100 | Walk=0
Time=540765000 | Ped=0 | Highway=100 | Side=001 | Walk=0
Time=540825000 | Ped=0 | Highway=001 | Side=100 | Walk=0
Time=540885000 | Ped=0 | Highway=010 | Side=100 | Walk=0
Time=540915000 | Ped=0 | Highway=100 | Side=001 | Walk=0
Time=540975000 | Ped=0 | Highway=001 | Side=100 | Walk=0
Time=541035000 | Ped=0 | Highway=010 | Side=100 | Walk=0
Time=541065000 | Ped=0 | Highway=100 | Side=001 | Walk=0
Time=541125000 | Ped=0 | Highway=001 | Side=100 | Walk=0
Time=541185000 | Ped=0 | Highway=010 | Side=100 | Walk=0
Time=541215000 | Ped=0 | Highway=100 | Side=001 | Walk=0
Time=541275000 | Ped=0 | Highway=001 | Side=100 | Walk=0
Time=541335000 | Ped=0 | Highway=010 | Side=100 | Walk=0
Time=541365000 | Ped=0 | Highway=100 | Side=001 | Walk=0
Time=541425000 | Ped=0 | Highway=001 | Side=100 | Walk=0
Time=541485000 | Ped=0 | Highway=010 | Side=100 | Walk=0
Time=541515000 | Ped=0 | Highway=100 | Side=001 | Walk=0
Time=541575000 | Ped=0 | Highway=001 | Side=100 | Walk=0
Time=541635000 | Ped=0 | Highway=010 | Side=100 | Walk=0
Time=541665000 | Ped=0 | Highway=100 | Side=001 | Walk=0
Time=541725000 | Ped=0 | Highway=001 | Side=100 | Walk=0
Time=541785000 | Ped=0 | Highway=010 | Side=100 | Walk=0
Time=541815000 | Ped=0 | Highway=100 | Side=001 | Walk=0
Time=541875000 | Ped=0 | Highway=001 | Side=100 | Walk=0
Time=541935000 | Ped=0 | Highway=010 | Side=100 | Walk=0
Time=541965000 | Ped=0 | Highway=100 | Side=001 | Walk=0
Time=542025000 | Ped=0 | Highway=001 | Side=100 | Walk=0
Time=542085000 | Ped=0 | Highway=010 | Side=100 | Walk=0
Time=542115000 | Ped=0 | Highway=100 | Side=001 | Walk=0
Time=542175000 | Ped=0 | Highway=001 | Side=100 | Walk=0
Time=542235000 | Ped=0 | Highway=010 | Side=100 | Walk=0
Time=542265000 | Ped=0 | Highway=100 | Side=001 | Walk=0
Time=542325000 | Ped=0 | Highway=001 | Side=100 | Walk=0
Time=542385000 | Ped=0 | Highway=010 | Side=100 | Walk=0
Time=542415000 | Ped=0 | Highway=100 | Side=001 | Walk=0
Time=542475000 | Ped=0 | Highway=001 | Side=100 | Walk=0
Time=542535000 | Ped=0 | Highway=010 | Side=100 | Walk=0
Time=542565000 | Ped=0 | Highway=100 | Side=001 | Walk=0
Time=542625000 | Ped=0 | Highway=001 | Side=100 | Walk=0
Time=542685000 | Ped=0 | Highway=010 | Side=100 | Walk=0
Time=542715000 | Ped=0 | Highway=100 | Side=001 | Walk=0
Time=542775000 | Ped=0 | Highway=001 | Side=100 | Walk=0
Time=542835000 | Ped=0 | Highway=010 | Side=100 | Walk=0
Time=542865000 | Ped=0 | Highway=100 | Side=001 | Walk=0
Time=542925000 | Ped=0 | Highway=001 | Side=100 | Walk=0
Time=542985000 | Ped=0 | Highway=010 | Side=100 | Walk=0
Time=543015000 | Ped=0 | Highway=100 | Side=001 | Walk=0
Time=543075000 | Ped=0 | Highway=001 | Side=100 | Walk=0
Time=543135000 | Ped=0 | Highway=010 | Side=100 | Walk=0
Time=543165000 | Ped=0 | Highway=100 | Side=001 | Walk=0
Time=543225000 | Ped=0 | Highway=001 | Side=100 | Walk=0
Time=543285000 | Ped=0 | Highway=010 | Side=100 | Walk=0
Time=543315000 | Ped=0 | Highway=100 | Side=001 | Walk=0
Time=543375000 | Ped=0 | Highway=001 | Side=100 | Walk=0
Time=543435000 | Ped=0 | Highway=010 | Side=100 | Walk=0
Time=543465000 | Ped=0 | Highway=100 | Side=001 | Walk=0
Time=543525000 | Ped=0 | Highway=001 | Side=100 | Walk=0
Time=543585000 | Ped=0 | Highway=010 | Side=100 | Walk=0
Time=543615000 | Ped=0 | Highway=100 | Side=001 | Walk=0
Time=543675000 | Ped=0 | Highway=001 | Side=100 | Walk=0
Time=543735000 | Ped=0 | Highway=010 | Side=100 | Walk=0
Time=543765000 | Ped=0 | Highway=100 | Side=001 | Walk=0
Time=543825000 | Ped=0 | Highway=001 | Side=100 | Walk=0
Time=543885000 | Ped=0 | Highway=010 | Side=100 | Walk=0
Time=543915000 | Ped=0 | Highway=100 | Side=001 | Walk=0
Time=543975000 | Ped=0 | Highway=001 | Side=100 | Walk=0
Time=544035000 | Ped=0 | Highway=010 | Side=100 | Walk=0
Time=544065000 | Ped=0 | Highway=100 | Side=001 | Walk=0
Time=544125000 | Ped=0 | Highway=001 | Side=100 | Walk=0
Time=544185000 | Ped=0 | Highway=010 | Side=100 | Walk=0
Time=544215000 | Ped=0 | Highway=100 | Side=001 | Walk=0
Time=544275000 | Ped=0 | Highway=001 | Side=100 | Walk=0
Time=544335000 | Ped=0 | Highway=010 | Side=100 | Walk=0
Time=544365000 | Ped=0 | Highway=100 | Side=001 | Walk=0
Time=544425000 | Ped=0 | Highway=001 | Side=100 | Walk=0
Time=544485000 | Ped=0 | Highway=010 | Side=100 | Walk=0
Time=544515000 | Ped=0 | Highway=100 | Side=001 | Walk=0
Time=544575000 | Ped=0 | Highway=001 | Side=100 | Walk=0
Time=544635000 | Ped=0 | Highway=010 | Side=100 | Walk=0
Time=544665000 | Ped=0 | Highway=100 | Side=001 | Walk=0
Time=544725000 | Ped=0 | Highway=001 | Side=100 | Walk=0
Time=544785000 | Ped=0 | Highway=010 | Side=100 | Walk=0
Time=544815000 | Ped=0 | Highway=100 | Side=001 | Walk=0
Time=544875000 | Ped=0 | Highway=001 | Side=100 | Walk=0
Time=544935000 | Ped=0 | Highway=010 | Side=100 | Walk=0
Time=544965000 | Ped=0 | Highway=100 | Side=001 | Walk=0
Time=545025000 | Ped=0 | Highway=001 | Side=100 | Walk=0
Time=545085000 | Ped=0 | Highway=010 | Side=100 | Walk=0
Time=545115000 | Ped=0 | Highway=100 | Side=001 | Walk=0
Time=545175000 | Ped=0 | Highway=001 | Side=100 | Walk=0
Time=545235000 | Ped=0 | Highway=010 | Side=100 | Walk=0
Time=545265000 | Ped=0 | Highway=100 | Side=001 | Walk=0
Time=545325000 | Ped=0 | Highway=001 | Side=100 | Walk=0
Time=545385000 | Ped=0 | Highway=010 | Side=100 | Walk=0
Time=545415000 | Ped=0 | Highway=100 | Side=001 | Walk=0
Time=545475000 | Ped=0 | Highway=001 | Side=100 | Walk=0
Time=545535000 | Ped=0 | Highway=010 | Side=100 | Walk=0
Time=545565000 | Ped=0 | Highway=100 | Side=001 | Walk=0
Time=545625000 | Ped=0 | Highway=001 | Side=100 | Walk=0
Time=545685000 | Ped=0 | Highway=010 | Side=100 | Walk=0
Time=545715000 | Ped=0 | Highway=100 | Side=001 | Walk=0
Time=545775000 | Ped=0 | Highway=001 | Side=100 | Walk=0
Time=545835000 | Ped=0 | Highway=010 | Side=100 | Walk=0
Time=545865000 | Ped=0 | Highway=100 | Side=001 | Walk=0
Time=545925000 | Ped=0 | Highway=001 | Side=100 | Walk=0
Time=545985000 | Ped=0 | Highway=010 | Side=100 | Walk=0
Time=546015000 | Ped=0 | Highway=100 | Side=001 | Walk=0
Time=546075000 | Ped=0 | Highway=001 | Side=100 | Walk=0
Time=546135000 | Ped=0 | Highway=010 | Side=100 | Walk=0
Time=546165000 | Ped=0 | Highway=100 | Side=001 | Walk=0
Time=546225000 | Ped=0 | Highway=001 | Side=100 | Walk=0
Time=546285000 | Ped=0 | Highway=010 | Side=100 | Walk=0
Time=546315000 | Ped=0 | Highway=100 | Side=001 | Walk=0
Time=546375000 | Ped=0 | Highway=001 | Side=100 | Walk=0
Time=546435000 | Ped=0 | Highway=010 | Side=100 | Walk=0
Time=546465000 | Ped=0 | Highway=100 | Side=001 | Walk=0
Time=546525000 | Ped=0 | Highway=001 | Side=100 | Walk=0
Time=546585000 | Ped=0 | Highway=010 | Side=100 | Walk=0
Time=546615000 | Ped=0 | Highway=100 | Side=001 | Walk=0
Time=546675000 | Ped=0 | Highway=001 | Side=100 | Walk=0
Time=546735000 | Ped=0 | Highway=010 | Side=100 | Walk=0
Time=546765000 | Ped=0 | Highway=100 | Side=001 | Walk=0
Time=546825000 | Ped=0 | Highway=001 | Side=100 | Walk=0
Time=546885000 | Ped=0 | Highway=010 | Side=100 | Walk=0
Time=546915000 | Ped=0 | Highway=100 | Side=001 | Walk=0
Time=546975000 | Ped=0 | Highway=001 | Side=100 | Walk=0
Time=547035000 | Ped=0 | Highway=010 | Side=100 | Walk=0
Time=547065000 | Ped=0 | Highway=100 | Side=001 | Walk=0
Time=547125000 | Ped=0 | Highway=001 | Side=100 | Walk=0
Time=547185000 | Ped=0 | Highway=010 | Side=100 | Walk=0
Time=547215000 | Ped=0 | Highway=100 | Side=001 | Walk=0
Time=547275000 | Ped=0 | Highway=001 | Side=100 | Walk=0
Time=547335000 | Ped=0 | Highway=010 | Side=100 | Walk=0
Time=547365000 | Ped=0 | Highway=100 | Side=001 | Walk=0
Time=547425000 | Ped=0 | Highway=001 | Side=100 | Walk=0
Time=547485000 | Ped=0 | Highway=010 | Side=100 | Walk=0
Time=547515000 | Ped=0 | Highway=100 | Side=001 | Walk=0
Time=547575000 | Ped=0 | Highway=001 | Side=100 | Walk=0
Time=547635000 | Ped=0 | Highway=010 | Side=100 | Walk=0
Time=547665000 | Ped=0 | Highway=100 | Side=001 | Walk=0
Time=547725000 | Ped=0 | Highway=001 | Side=100 | Walk=0
Time=547785000 | Ped=0 | Highway=010 | Side=100 | Walk=0
Time=547815000 | Ped=0 | Highway=100 | Side=001 | Walk=0
Time=547875000 | Ped=0 | Highway=001 | Side=100 | Walk=0
Time=547935000 | Ped=0 | Highway=010 | Side=100 | Walk=0
Time=547965000 | Ped=0 | Highway=100 | Side=001 | Walk=0
Time=548025000 | Ped=0 | Highway=001 | Side=100 | Walk=0
Time=548085000 | Ped=0 | Highway=010 | Side=100 | Walk=0
Time=548115000 | Ped=0 | Highway=100 | Side=001 | Walk=0
Time=548175000 | Ped=0 | Highway=001 | Side=100 | Walk=0
Time=548235000 | Ped=0 | Highway=010 | Side=100 | Walk=0
Time=548265000 | Ped=0 | Highway=100 | Side=001 | Walk=0
Time=548325000 | Ped=0 | Highway=001 | Side=100 | Walk=0
Time=548385000 | Ped=0 | Highway=010 | Side=100 | Walk=0
Time=548415000 | Ped=0 | Highway=100 | Side=001 | Walk=0
Time=548475000 | Ped=0 | Highway=001 | Side=100 | Walk=0
Time=548535000 | Ped=0 | Highway=010 | Side=100 | Walk=0
Time=548565000 | Ped=0 | Highway=100 | Side=001 | Walk=0
Time=548625000 | Ped=0 | Highway=001 | Side=100 | Walk=0
Time=548685000 | Ped=0 | Highway=010 | Side=100 | Walk=0
Time=548715000 | Ped=0 | Highway=100 | Side=001 | Walk=0
Time=548775000 | Ped=0 | Highway=001 | Side=100 | Walk=0
Time=548835000 | Ped=0 | Highway=010 | Side=100 | Walk=0
Time=548865000 | Ped=0 | Highway=100 | Side=001 | Walk=0
Time=548925000 | Ped=0 | Highway=001 | Side=100 | Walk=0
Time=548985000 | Ped=0 | Highway=010 | Side=100 | Walk=0
Time=549015000 | Ped=0 | Highway=100 | Side=001 | Walk=0
Time=549075000 | Ped=0 | Highway=001 | Side=100 | Walk=0
Time=549135000 | Ped=0 | Highway=010 | Side=100 | Walk=0
Time=549165000 | Ped=0 | Highway=100 | Side=001 | Walk=0
Time=549225000 | Ped=0 | Highway=001 | Side=100 | Walk=0
Time=549285000 | Ped=0 | Highway=010 | Side=100 | Walk=0
Time=549315000 | Ped=0 | Highway=100 | Side=001 | Walk=0
Time=549375000 | Ped=0 | Highway=001 | Side=100 | Walk=0
Time=549435000 | Ped=0 | Highway=010 | Side=100 | Walk=0
Time=549465000 | Ped=0 | Highway=100 | Side=001 | Walk=0
Time=549525000 | Ped=0 | Highway=001 | Side=100 | Walk=0
Time=549585000 | Ped=0 | Highway=010 | Side=100 | Walk=0
Time=549615000 | Ped=0 | Highway=100 | Side=001 | Walk=0
Time=549675000 | Ped=0 | Highway=001 | Side=100 | Walk=0
Time=549735000 | Ped=0 | Highway=010 | Side=100 | Walk=0
Time=549765000 | Ped=0 | Highway=100 | Side=001 | Walk=0
Time=549825000 | Ped=0 | Highway=001 | Side=100 | Walk=0
Time=549885000 | Ped=0 | Highway=010 | Side=100 | Walk=0
Time=549915000 | Ped=0 | Highway=100 | Side=001 | Walk=0
Time=549975000 | Ped=0 | Highway=001 | Side=100 | Walk=0
Time=550035000 | Ped=0 | Highway=010 | Side=100 | Walk=0
Time=550065000 | Ped=0 | Highway=100 | Side=001 | Walk=0
Time=550125000 | Ped=0 | Highway=001 | Side=100 | Walk=0
Time=550185000 | Ped=0 | Highway=010 | Side=100 | Walk=0
Time=550215000 | Ped=0 | Highway=100 | Side=001 | Walk=0
Time=550275000 | Ped=0 | Highway=001 | Side=100 | Walk=0
Time=550335000 | Ped=0 | Highway=010 | Side=100 | Walk=0
Time=550365000 | Ped=0 | Highway=100 | Side=001 | Walk=0
Time=550425000 | Ped=0 | Highway=001 | Side=100 | Walk=0
Time=550485000 | Ped=0 | Highway=010 | Side=100 | Walk=0
Time=550515000 | Ped=0 | Highway=100 | Side=001 | Walk=0
Time=550575000 | Ped=0 | Highway=001 | Side=100 | Walk=0
Time=550635000 | Ped=0 | Highway=010 | Side=100 | Walk=0
Time=550665000 | Ped=0 | Highway=100 | Side=001 | Walk=0
Time=550725000 | Ped=0 | Highway=001 | Side=100 | Walk=0
Time=550785000 | Ped=0 | Highway=010 | Side=100 | Walk=0
Time=550815000 | Ped=0 | Highway=100 | Side=001 | Walk=0
Time=550875000 | Ped=0 | Highway=001 | Side=100 | Walk=0
Time=550935000 | Ped=0 | Highway=010 | Side=100 | Walk=0
Time=550965000 | Ped=0 | Highway=100 | Side=001 | Walk=0
Time=551025000 | Ped=0 | Highway=001 | Side=100 | Walk=0
Time=551085000 | Ped=0 | Highway=010 | Side=100 | Walk=0
Time=551115000 | Ped=0 | Highway=100 | Side=001 | Walk=0
Time=551175000 | Ped=0 | Highway=001 | Side=100 | Walk=0
Time=551235000 | Ped=0 | Highway=010 | Side=100 | Walk=0
Time=551265000 | Ped=0 | Highway=100 | Side=001 | Walk=0
Time=551325000 | Ped=0 | Highway=001 | Side=100 | Walk=0
Time=551385000 | Ped=0 | Highway=010 | Side=100 | Walk=0
Time=551415000 | Ped=0 | Highway=100 | Side=001 | Walk=0
Time=551475000 | Ped=0 | Highway=001 | Side=100 | Walk=0
Time=551535000 | Ped=0 | Highway=010 | Side=100 | Walk=0
Time=551565000 | Ped=0 | Highway=100 | Side=001 | Walk=0
Time=551625000 | Ped=0 | Highway=001 | Side=100 | Walk=0
Time=551685000 | Ped=0 | Highway=010 | Side=100 | Walk=0
Time=551715000 | Ped=0 | Highway=100 | Side=001 | Walk=0
Time=551775000 | Ped=0 | Highway=001 | Side=100 | Walk=0
Time=551835000 | Ped=0 | Highway=010 | Side=100 | Walk=0
Time=551865000 | Ped=0 | Highway=100 | Side=001 | Walk=0
Time=551925000 | Ped=0 | Highway=001 | Side=100 | Walk=0
Time=551985000 | Ped=0 | Highway=010 | Side=100 | Walk=0
Time=552015000 | Ped=0 | Highway=100 | Side=001 | Walk=0
Time=552075000 | Ped=0 | Highway=001 | Side=100 | Walk=0
Time=552135000 | Ped=0 | Highway=010 | Side=100 | Walk=0
Time=552165000 | Ped=0 | Highway=100 | Side=001 | Walk=0
Time=552225000 | Ped=0 | Highway=001 | Side=100 | Walk=0
Time=552285000 | Ped=0 | Highway=010 | Side=100 | Walk=0
Time=552315000 | Ped=0 | Highway=100 | Side=001 | Walk=0
Time=552375000 | Ped=0 | Highway=001 | Side=100 | Walk=0
Time=552435000 | Ped=0 | Highway=010 | Side=100 | Walk=0
Time=552465000 | Ped=0 | Highway=100 | Side=001 | Walk=0
Time=552525000 | Ped=0 | Highway=001 | Side=100 | Walk=0
Time=552585000 | Ped=0 | Highway=010 | Side=100 | Walk=0
Time=552615000 | Ped=0 | Highway=100 | Side=001 | Walk=0
Time=552675000 | Ped=0 | Highway=001 | Side=100 | Walk=0
Time=552735000 | Ped=0 | Highway=010 | Side=100 | Walk=0
Time=552765000 | Ped=0 | Highway=100 | Side=001 | Walk=0
Time=552825000 | Ped=0 | Highway=001 | Side=100 | Walk=0
Time=552885000 | Ped=0 | Highway=010 | Side=100 | Walk=0
Time=552915000 | Ped=0 | Highway=100 | Side=001 | Walk=0
Time=552975000 | Ped=0 | Highway=001 | Side=100 | Walk=0
Time=553035000 | Ped=0 | Highway=010 | Side=100 | Walk=0
Time=553065000 | Ped=0 | Highway=100 | Side=001 | Walk=0
Time=553125000 | Ped=0 | Highway=001 | Side=100 | Walk=0
Time=553185000 | Ped=0 | Highway=010 | Side=100 | Walk=0
Time=553215000 | Ped=0 | Highway=100 | Side=001 | Walk=0
Time=553275000 | Ped=0 | Highway=001 | Side=100 | Walk=0
Time=553335000 | Ped=0 | Highway=010 | Side=100 | Walk=0
Time=553365000 | Ped=0 | Highway=100 | Side=001 | Walk=0
Time=553425000 | Ped=0 | Highway=001 | Side=100 | Walk=0
Time=553485000 | Ped=0 | Highway=010 | Side=100 | Walk=0
Time=553515000 | Ped=0 | Highway=100 | Side=001 | Walk=0
Time=553575000 | Ped=0 | Highway=001 | Side=100 | Walk=0
Time=553635000 | Ped=0 | Highway=010 | Side=100 | Walk=0
Time=553665000 | Ped=0 | Highway=100 | Side=001 | Walk=0
Time=553725000 | Ped=0 | Highway=001 | Side=100 | Walk=0
Time=553785000 | Ped=0 | Highway=010 | Side=100 | Walk=0
Time=553815000 | Ped=0 | Highway=100 | Side=001 | Walk=0
Time=553875000 | Ped=0 | Highway=001 | Side=100 | Walk=0
Time=553935000 | Ped=0 | Highway=010 | Side=100 | Walk=0
Time=553965000 | Ped=0 | Highway=100 | Side=001 | Walk=0
Time=554025000 | Ped=0 | Highway=001 | Side=100 | Walk=0
Time=554085000 | Ped=0 | Highway=010 | Side=100 | Walk=0
Time=554115000 | Ped=0 | Highway=100 | Side=001 | Walk=0
Time=554175000 | Ped=0 | Highway=001 | Side=100 | Walk=0
Time=554235000 | Ped=0 | Highway=010 | Side=100 | Walk=0
Time=554265000 | Ped=0 | Highway=100 | Side=001 | Walk=0
Time=554325000 | Ped=0 | Highway=001 | Side=100 | Walk=0
Time=554385000 | Ped=0 | Highway=010 | Side=100 | Walk=0
Time=554415000 | Ped=0 | Highway=100 | Side=001 | Walk=0
Time=554475000 | Ped=0 | Highway=001 | Side=100 | Walk=0
Time=554535000 | Ped=0 | Highway=010 | Side=100 | Walk=0
Time=554565000 | Ped=0 | Highway=100 | Side=001 | Walk=0
Time=554625000 | Ped=0 | Highway=001 | Side=100 | Walk=0
Time=554685000 | Ped=0 | Highway=010 | Side=100 | Walk=0
Time=554715000 | Ped=0 | Highway=100 | Side=001 | Walk=0
Time=554775000 | Ped=0 | Highway=001 | Side=100 | Walk=0
Time=554835000 | Ped=0 | Highway=010 | Side=100 | Walk=0
Time=554865000 | Ped=0 | Highway=100 | Side=001 | Walk=0
Time=554925000 | Ped=0 | Highway=001 | Side=100 | Walk=0
Time=554985000 | Ped=0 | Highway=010 | Side=100 | Walk=0
Time=555015000 | Ped=0 | Highway=100 | Side=001 | Walk=0
Time=555075000 | Ped=0 | Highway=001 | Side=100 | Walk=0
Time=555135000 | Ped=0 | Highway=010 | Side=100 | Walk=0
Time=555165000 | Ped=0 | Highway=100 | Side=001 | Walk=0
Time=555225000 | Ped=0 | Highway=001 | Side=100 | Walk=0
Time=555285000 | Ped=0 | Highway=010 | Side=100 | Walk=0
Time=555315000 | Ped=0 | Highway=100 | Side=001 | Walk=0
Time=555375000 | Ped=0 | Highway=001 | Side=100 | Walk=0
Time=555435000 | Ped=0 | Highway=010 | Side=100 | Walk=0
Time=555465000 | Ped=0 | Highway=100 | Side=001 | Walk=0
Time=555525000 | Ped=0 | Highway=001 | Side=100 | Walk=0
Time=555585000 | Ped=0 | Highway=010 | Side=100 | Walk=0
Time=555615000 | Ped=0 | Highway=100 | Side=001 | Walk=0
Time=555675000 | Ped=0 | Highway=001 | Side=100 | Walk=0
Time=555735000 | Ped=0 | Highway=010 | Side=100 | Walk=0
Time=555765000 | Ped=0 | Highway=100 | Side=001 | Walk=0
Time=555825000 | Ped=0 | Highway=001 | Side=100 | Walk=0
Time=555885000 | Ped=0 | Highway=010 | Side=100 | Walk=0
Time=555915000 | Ped=0 | Highway=100 | Side=001 | Walk=0
Time=555975000 | Ped=0 | Highway=001 | Side=100 | Walk=0
Time=556035000 | Ped=0 | Highway=010 | Side=100 | Walk=0
Time=556065000 | Ped=0 | Highway=100 | Side=001 | Walk=0
Time=556125000 | Ped=0 | Highway=001 | Side=100 | Walk=0
Time=556185000 | Ped=0 | Highway=010 | Side=100 | Walk=0
Time=556215000 | Ped=0 | Highway=100 | Side=001 | Walk=0
Time=556275000 | Ped=0 | Highway=001 | Side=100 | Walk=0
Time=556335000 | Ped=0 | Highway=010 | Side=100 | Walk=0
Time=556365000 | Ped=0 | Highway=100 | Side=001 | Walk=0
Time=556425000 | Ped=0 | Highway=001 | Side=100 | Walk=0
Time=556485000 | Ped=0 | Highway=010 | Side=100 | Walk=0
Time=556515000 | Ped=0 | Highway=100 | Side=001 | Walk=0
Time=556575000 | Ped=0 | Highway=001 | Side=100 | Walk=0
Time=556635000 | Ped=0 | Highway=010 | Side=100 | Walk=0
Time=556665000 | Ped=0 | Highway=100 | Side=001 | Walk=0
Time=556725000 | Ped=0 | Highway=001 | Side=100 | Walk=0
Time=556785000 | Ped=0 | Highway=010 | Side=100 | Walk=0
Time=556815000 | Ped=0 | Highway=100 | Side=001 | Walk=0
Time=556875000 | Ped=0 | Highway=001 | Side=100 | Walk=0
Time=556935000 | Ped=0 | Highway=010 | Side=100 | Walk=0
Time=556965000 | Ped=0 | Highway=100 | Side=001 | Walk=0
Time=557025000 | Ped=0 | Highway=001 | Side=100 | Walk=0
Time=557085000 | Ped=0 | Highway=010 | Side=100 | Walk=0
Time=557115000 | Ped=0 | Highway=100 | Side=001 | Walk=0
Time=557175000 | Ped=0 | Highway=001 | Side=100 | Walk=0
Time=557235000 | Ped=0 | Highway=010 | Side=100 | Walk=0
Time=557265000 | Ped=0 | Highway=100 | Side=001 | Walk=0
Time=557325000 | Ped=0 | Highway=001 | Side=100 | Walk=0
Time=557385000 | Ped=0 | Highway=010 | Side=100 | Walk=0
Time=557415000 | Ped=0 | Highway=100 | Side=001 | Walk=0
Time=557475000 | Ped=0 | Highway=001 | Side=100 | Walk=0
Time=557535000 | Ped=0 | Highway=010 | Side=100 | Walk=0
Time=557565000 | Ped=0 | Highway=100 | Side=001 | Walk=0
Time=557625000 | Ped=0 | Highway=001 | Side=100 | Walk=0
Time=557685000 | Ped=0 | Highway=010 | Side=100 | Walk=0
Time=557715000 | Ped=0 | Highway=100 | Side=001 | Walk=0
Time=557775000 | Ped=0 | Highway=001 | Side=100 | Walk=0
Time=557835000 | Ped=0 | Highway=010 | Side=100 | Walk=0
Time=557865000 | Ped=0 | Highway=100 | Side=001 | Walk=0
Time=557925000 | Ped=0 | Highway=001 | Side=100 | Walk=0
Time=557985000 | Ped=0 | Highway=010 | Side=100 | Walk=0
Time=558015000 | Ped=0 | Highway=100 | Side=001 | Walk=0
Time=558075000 | Ped=0 | Highway=001 | Side=100 | Walk=0
Time=558135000 | Ped=0 | Highway=010 | Side=100 | Walk=0
Time=558165000 | Ped=0 | Highway=100 | Side=001 | Walk=0
Time=558225000 | Ped=0 | Highway=001 | Side=100 | Walk=0
Time=558285000 | Ped=0 | Highway=010 | Side=100 | Walk=0
Time=558315000 | Ped=0 | Highway=100 | Side=001 | Walk=0
Time=558375000 | Ped=0 | Highway=001 | Side=100 | Walk=0
Time=558435000 | Ped=0 | Highway=010 | Side=100 | Walk=0
Time=558465000 | Ped=0 | Highway=100 | Side=001 | Walk=0
Time=558525000 | Ped=0 | Highway=001 | Side=100 | Walk=0
Time=558585000 | Ped=0 | Highway=010 | Side=100 | Walk=0
Time=558615000 | Ped=0 | Highway=100 | Side=001 | Walk=0
Time=558675000 | Ped=0 | Highway=001 | Side=100 | Walk=0
Time=558735000 | Ped=0 | Highway=010 | Side=100 | Walk=0
Time=558765000 | Ped=0 | Highway=100 | Side=001 | Walk=0
Time=558825000 | Ped=0 | Highway=001 | Side=100 | Walk=0
Time=558885000 | Ped=0 | Highway=010 | Side=100 | Walk=0
Time=558915000 | Ped=0 | Highway=100 | Side=001 | Walk=0
Time=558975000 | Ped=0 | Highway=001 | Side=100 | Walk=0
Time=559035000 | Ped=0 | Highway=010 | Side=100 | Walk=0
Time=559065000 | Ped=0 | Highway=100 | Side=001 | Walk=0
Time=559125000 | Ped=0 | Highway=001 | Side=100 | Walk=0
Time=559185000 | Ped=0 | Highway=010 | Side=100 | Walk=0
Time=559215000 | Ped=0 | Highway=100 | Side=001 | Walk=0
Time=559275000 | Ped=0 | Highway=001 | Side=100 | Walk=0
Time=559335000 | Ped=0 | Highway=010 | Side=100 | Walk=0
Time=559365000 | Ped=0 | Highway=100 | Side=001 | Walk=0
Time=559425000 | Ped=0 | Highway=001 | Side=100 | Walk=0
Time=559485000 | Ped=0 | Highway=010 | Side=100 | Walk=0
Time=559515000 | Ped=0 | Highway=100 | Side=001 | Walk=0
Time=559575000 | Ped=0 | Highway=001 | Side=100 | Walk=0
Time=559635000 | Ped=0 | Highway=010 | Side=100 | Walk=0
Time=559665000 | Ped=0 | Highway=100 | Side=001 | Walk=0
Time=559725000 | Ped=0 | Highway=001 | Side=100 | Walk=0
Time=559785000 | Ped=0 | Highway=010 | Side=100 | Walk=0
Time=559815000 | Ped=0 | Highway=100 | Side=001 | Walk=0
Time=559875000 | Ped=0 | Highway=001 | Side=100 | Walk=0
Time=559935000 | Ped=0 | Highway=010 | Side=100 | Walk=0
Time=559965000 | Ped=0 | Highway=100 | Side=001 | Walk=0
Time=560025000 | Ped=0 | Highway=001 | Side=100 | Walk=0
Time=560085000 | Ped=0 | Highway=010 | Side=100 | Walk=0
Time=560115000 | Ped=0 | Highway=100 | Side=001 | Walk=0
Time=560175000 | Ped=0 | Highway=001 | Side=100 | Walk=0
Time=560235000 | Ped=0 | Highway=010 | Side=100 | Walk=0
Time=560265000 | Ped=0 | Highway=100 | Side=001 | Walk=0
Time=560325000 | Ped=0 | Highway=001 | Side=100 | Walk=0
Time=560385000 | Ped=0 | Highway=010 | Side=100 | Walk=0
Time=560415000 | Ped=0 | Highway=100 | Side=001 | Walk=0
Time=560475000 | Ped=0 | Highway=001 | Side=100 | Walk=0
Time=560535000 | Ped=0 | Highway=010 | Side=100 | Walk=0
Time=560565000 | Ped=0 | Highway=100 | Side=001 | Walk=0
Time=560625000 | Ped=0 | Highway=001 | Side=100 | Walk=0
Time=560685000 | Ped=0 | Highway=010 | Side=100 | Walk=0
Time=560715000 | Ped=0 | Highway=100 | Side=001 | Walk=0
Time=560775000 | Ped=0 | Highway=001 | Side=100 | Walk=0
Time=560835000 | Ped=0 | Highway=010 | Side=100 | Walk=0
Time=560865000 | Ped=0 | Highway=100 | Side=001 | Walk=0
Time=560925000 | Ped=0 | Highway=001 | Side=100 | Walk=0
Time=560985000 | Ped=0 | Highway=010 | Side=100 | Walk=0
Time=561015000 | Ped=0 | Highway=100 | Side=001 | Walk=0
Time=561075000 | Ped=0 | Highway=001 | Side=100 | Walk=0
Time=561135000 | Ped=0 | Highway=010 | Side=100 | Walk=0
Time=561165000 | Ped=0 | Highway=100 | Side=001 | Walk=0
Time=561225000 | Ped=0 | Highway=001 | Side=100 | Walk=0
Time=561285000 | Ped=0 | Highway=010 | Side=100 | Walk=0
Time=561315000 | Ped=0 | Highway=100 | Side=001 | Walk=0
Time=561375000 | Ped=0 | Highway=001 | Side=100 | Walk=0
Time=561435000 | Ped=0 | Highway=010 | Side=100 | Walk=0
Time=561465000 | Ped=0 | Highway=100 | Side=001 | Walk=0
Time=561525000 | Ped=0 | Highway=001 | Side=100 | Walk=0
Time=561585000 | Ped=0 | Highway=010 | Side=100 | Walk=0
Time=561615000 | Ped=0 | Highway=100 | Side=001 | Walk=0
Time=561675000 | Ped=0 | Highway=001 | Side=100 | Walk=0
Time=561735000 | Ped=0 | Highway=010 | Side=100 | Walk=0
Time=561765000 | Ped=0 | Highway=100 | Side=001 | Walk=0
Time=561825000 | Ped=0 | Highway=001 | Side=100 | Walk=0
Time=561885000 | Ped=0 | Highway=010 | Side=100 | Walk=0
Time=561915000 | Ped=0 | Highway=100 | Side=001 | Walk=0
Time=561975000 | Ped=0 | Highway=001 | Side=100 | Walk=0
Time=562035000 | Ped=0 | Highway=010 | Side=100 | Walk=0
Time=562065000 | Ped=0 | Highway=100 | Side=001 | Walk=0
Time=562125000 | Ped=0 | Highway=001 | Side=100 | Walk=0
Time=562185000 | Ped=0 | Highway=010 | Side=100 | Walk=0
Time=562215000 | Ped=0 | Highway=100 | Side=001 | Walk=0
Time=562275000 | Ped=0 | Highway=001 | Side=100 | Walk=0
Time=562335000 | Ped=0 | Highway=010 | Side=100 | Walk=0
Time=562365000 | Ped=0 | Highway=100 | Side=001 | Walk=0
Time=562425000 | Ped=0 | Highway=001 | Side=100 | Walk=0
Time=562485000 | Ped=0 | Highway=010 | Side=100 | Walk=0
Time=562515000 | Ped=0 | Highway=100 | Side=001 | Walk=0
Time=562575000 | Ped=0 | Highway=001 | Side=100 | Walk=0
Time=562635000 | Ped=0 | Highway=010 | Side=100 | Walk=0
Time=562665000 | Ped=0 | Highway=100 | Side=001 | Walk=0
Time=562725000 | Ped=0 | Highway=001 | Side=100 | Walk=0
Time=562785000 | Ped=0 | Highway=010 | Side=100 | Walk=0
Time=562815000 | Ped=0 | Highway=100 | Side=001 | Walk=0
Time=562875000 | Ped=0 | Highway=001 | Side=100 | Walk=0
Time=562935000 | Ped=0 | Highway=010 | Side=100 | Walk=0
Time=562965000 | Ped=0 | Highway=100 | Side=001 | Walk=0
Time=563025000 | Ped=0 | Highway=001 | Side=100 | Walk=0
Time=563085000 | Ped=0 | Highway=010 | Side=100 | Walk=0
Time=563115000 | Ped=0 | Highway=100 | Side=001 | Walk=0
Time=563175000 | Ped=0 | Highway=001 | Side=100 | Walk=0
Time=563235000 | Ped=0 | Highway=010 | Side=100 | Walk=0
Time=563265000 | Ped=0 | Highway=100 | Side=001 | Walk=0
Time=563325000 | Ped=0 | Highway=001 | Side=100 | Walk=0
Time=563385000 | Ped=0 | Highway=010 | Side=100 | Walk=0
Time=563415000 | Ped=0 | Highway=100 | Side=001 | Walk=0
Time=563475000 | Ped=0 | Highway=001 | Side=100 | Walk=0
Time=563535000 | Ped=0 | Highway=010 | Side=100 | Walk=0
Time=563565000 | Ped=0 | Highway=100 | Side=001 | Walk=0
Time=563625000 | Ped=0 | Highway=001 | Side=100 | Walk=0
Time=563685000 | Ped=0 | Highway=010 | Side=100 | Walk=0
Time=563715000 | Ped=0 | Highway=100 | Side=001 | Walk=0
Time=563775000 | Ped=0 | Highway=001 | Side=100 | Walk=0
Time=563835000 | Ped=0 | Highway=010 | Side=100 | Walk=0
Time=563865000 | Ped=0 | Highway=100 | Side=001 | Walk=0
Time=563925000 | Ped=0 | Highway=001 | Side=100 | Walk=0
Time=563985000 | Ped=0 | Highway=010 | Side=100 | Walk=0
Time=564015000 | Ped=0 | Highway=100 | Side=001 | Walk=0
Time=564075000 | Ped=0 | Highway=001 | Side=100 | Walk=0
Time=564135000 | Ped=0 | Highway=010 | Side=100 | Walk=0
Time=564165000 | Ped=0 | Highway=100 | Side=001 | Walk=0
Time=564225000 | Ped=0 | Highway=001 | Side=100 | Walk=0
Time=564285000 | Ped=0 | Highway=010 | Side=100 | Walk=0
Time=564315000 | Ped=0 | Highway=100 | Side=001 | Walk=0
Time=564375000 | Ped=0 | Highway=001 | Side=100 | Walk=0
Time=564435000 | Ped=0 | Highway=010 | Side=100 | Walk=0
Time=564465000 | Ped=0 | Highway=100 | Side=001 | Walk=0
Time=564525000 | Ped=0 | Highway=001 | Side=100 | Walk=0
Time=564585000 | Ped=0 | Highway=010 | Side=100 | Walk=0
Time=564615000 | Ped=0 | Highway=100 | Side=001 | Walk=0
Time=564675000 | Ped=0 | Highway=001 | Side=100 | Walk=0
Time=564735000 | Ped=0 | Highway=010 | Side=100 | Walk=0
Time=564765000 | Ped=0 | Highway=100 | Side=001 | Walk=0
Time=564825000 | Ped=0 | Highway=001 | Side=100 | Walk=0
Time=564885000 | Ped=0 | Highway=010 | Side=100 | Walk=0
Time=564915000 | Ped=0 | Highway=100 | Side=001 | Walk=0
Time=564975000 | Ped=0 | Highway=001 | Side=100 | Walk=0
Time=565035000 | Ped=0 | Highway=010 | Side=100 | Walk=0
Time=565065000 | Ped=0 | Highway=100 | Side=001 | Walk=0
Time=565125000 | Ped=0 | Highway=001 | Side=100 | Walk=0
Time=565185000 | Ped=0 | Highway=010 | Side=100 | Walk=0
Time=565215000 | Ped=0 | Highway=100 | Side=001 | Walk=0
Time=565275000 | Ped=0 | Highway=001 | Side=100 | Walk=0
Time=565335000 | Ped=0 | Highway=010 | Side=100 | Walk=0
Time=565365000 | Ped=0 | Highway=100 | Side=001 | Walk=0
Time=565425000 | Ped=0 | Highway=001 | Side=100 | Walk=0
Time=565485000 | Ped=0 | Highway=010 | Side=100 | Walk=0
Time=565515000 | Ped=0 | Highway=100 | Side=001 | Walk=0
Time=565575000 | Ped=0 | Highway=001 | Side=100 | Walk=0
Time=565635000 | Ped=0 | Highway=010 | Side=100 | Walk=0
Time=565665000 | Ped=0 | Highway=100 | Side=001 | Walk=0
Time=565725000 | Ped=0 | Highway=001 | Side=100 | Walk=0
Time=565785000 | Ped=0 | Highway=010 | Side=100 | Walk=0
Time=565815000 | Ped=0 | Highway=100 | Side=001 | Walk=0
Time=565875000 | Ped=0 | Highway=001 | Side=100 | Walk=0
Time=565935000 | Ped=0 | Highway=010 | Side=100 | Walk=0
Time=565965000 | Ped=0 | Highway=100 | Side=001 | Walk=0
Time=566025000 | Ped=0 | Highway=001 | Side=100 | Walk=0
Time=566085000 | Ped=0 | Highway=010 | Side=100 | Walk=0
Time=566115000 | Ped=0 | Highway=100 | Side=001 | Walk=0
Time=566175000 | Ped=0 | Highway=001 | Side=100 | Walk=0
Time=566235000 | Ped=0 | Highway=010 | Side=100 | Walk=0
Time=566265000 | Ped=0 | Highway=100 | Side=001 | Walk=0
Time=566325000 | Ped=0 | Highway=001 | Side=100 | Walk=0
Time=566385000 | Ped=0 | Highway=010 | Side=100 | Walk=0
Time=566415000 | Ped=0 | Highway=100 | Side=001 | Walk=0
Time=566475000 | Ped=0 | Highway=001 | Side=100 | Walk=0
Time=566535000 | Ped=0 | Highway=010 | Side=100 | Walk=0
Time=566565000 | Ped=0 | Highway=100 | Side=001 | Walk=0
Time=566625000 | Ped=0 | Highway=001 | Side=100 | Walk=0
Time=566685000 | Ped=0 | Highway=010 | Side=100 | Walk=0
Time=566715000 | Ped=0 | Highway=100 | Side=001 | Walk=0
Time=566775000 | Ped=0 | Highway=001 | Side=100 | Walk=0
Time=566835000 | Ped=0 | Highway=010 | Side=100 | Walk=0
Time=566865000 | Ped=0 | Highway=100 | Side=001 | Walk=0
Time=566925000 | Ped=0 | Highway=001 | Side=100 | Walk=0
Time=566985000 | Ped=0 | Highway=010 | Side=100 | Walk=0
Time=567015000 | Ped=0 | Highway=100 | Side=001 | Walk=0
Time=567075000 | Ped=0 | Highway=001 | Side=100 | Walk=0
Time=567135000 | Ped=0 | Highway=010 | Side=100 | Walk=0
Time=567165000 | Ped=0 | Highway=100 | Side=001 | Walk=0
Time=567225000 | Ped=0 | Highway=001 | Side=100 | Walk=0
Time=567285000 | Ped=0 | Highway=010 | Side=100 | Walk=0
Time=567315000 | Ped=0 | Highway=100 | Side=001 | Walk=0
Time=567375000 | Ped=0 | Highway=001 | Side=100 | Walk=0
Time=567435000 | Ped=0 | Highway=010 | Side=100 | Walk=0
Time=567465000 | Ped=0 | Highway=100 | Side=001 | Walk=0
Time=567525000 | Ped=0 | Highway=001 | Side=100 | Walk=0
Time=567585000 | Ped=0 | Highway=010 | Side=100 | Walk=0
Time=567615000 | Ped=0 | Highway=100 | Side=001 | Walk=0
Time=567675000 | Ped=0 | Highway=001 | Side=100 | Walk=0
Time=567735000 | Ped=0 | Highway=010 | Side=100 | Walk=0
Time=567765000 | Ped=0 | Highway=100 | Side=001 | Walk=0
Time=567825000 | Ped=0 | Highway=001 | Side=100 | Walk=0
Time=567885000 | Ped=0 | Highway=010 | Side=100 | Walk=0
Time=567915000 | Ped=0 | Highway=100 | Side=001 | Walk=0
Time=567975000 | Ped=0 | Highway=001 | Side=100 | Walk=0
Time=568035000 | Ped=0 | Highway=010 | Side=100 | Walk=0
Time=568065000 | Ped=0 | Highway=100 | Side=001 | Walk=0
Time=568125000 | Ped=0 | Highway=001 | Side=100 | Walk=0
Time=568185000 | Ped=0 | Highway=010 | Side=100 | Walk=0
Time=568215000 | Ped=0 | Highway=100 | Side=001 | Walk=0
Time=568275000 | Ped=0 | Highway=001 | Side=100 | Walk=0
Time=568335000 | Ped=0 | Highway=010 | Side=100 | Walk=0
Time=568365000 | Ped=0 | Highway=100 | Side=001 | Walk=0
Time=568425000 | Ped=0 | Highway=001 | Side=100 | Walk=0
Time=568485000 | Ped=0 | Highway=010 | Side=100 | Walk=0
Time=568515000 | Ped=0 | Highway=100 | Side=001 | Walk=0
Time=568575000 | Ped=0 | Highway=001 | Side=100 | Walk=0
Time=568635000 | Ped=0 | Highway=010 | Side=100 | Walk=0
Time=568665000 | Ped=0 | Highway=100 | Side=001 | Walk=0
Time=568725000 | Ped=0 | Highway=001 | Side=100 | Walk=0
Time=568785000 | Ped=0 | Highway=010 | Side=100 | Walk=0
Time=568815000 | Ped=0 | Highway=100 | Side=001 | Walk=0
Time=568875000 | Ped=0 | Highway=001 | Side=100 | Walk=0
Time=568935000 | Ped=0 | Highway=010 | Side=100 | Walk=0
Time=568965000 | Ped=0 | Highway=100 | Side=001 | Walk=0
Time=569025000 | Ped=0 | Highway=001 | Side=100 | Walk=0
Time=569085000 | Ped=0 | Highway=010 | Side=100 | Walk=0
Time=569115000 | Ped=0 | Highway=100 | Side=001 | Walk=0
Time=569175000 | Ped=0 | Highway=001 | Side=100 | Walk=0
Time=569235000 | Ped=0 | Highway=010 | Side=100 | Walk=0
Time=569265000 | Ped=0 | Highway=100 | Side=001 | Walk=0
Time=569325000 | Ped=0 | Highway=001 | Side=100 | Walk=0
Time=569385000 | Ped=0 | Highway=010 | Side=100 | Walk=0
Time=569415000 | Ped=0 | Highway=100 | Side=001 | Walk=0
Time=569475000 | Ped=0 | Highway=001 | Side=100 | Walk=0
Time=569535000 | Ped=0 | Highway=010 | Side=100 | Walk=0
Time=569565000 | Ped=0 | Highway=100 | Side=001 | Walk=0
Time=569625000 | Ped=0 | Highway=001 | Side=100 | Walk=0
Time=569685000 | Ped=0 | Highway=010 | Side=100 | Walk=0
Time=569715000 | Ped=0 | Highway=100 | Side=001 | Walk=0
Time=569775000 | Ped=0 | Highway=001 | Side=100 | Walk=0
Time=569835000 | Ped=0 | Highway=010 | Side=100 | Walk=0
Time=569865000 | Ped=0 | Highway=100 | Side=001 | Walk=0
Time=569925000 | Ped=0 | Highway=001 | Side=100 | Walk=0
Time=569985000 | Ped=0 | Highway=010 | Side=100 | Walk=0
Time=570015000 | Ped=0 | Highway=100 | Side=001 | Walk=0
Time=570075000 | Ped=0 | Highway=001 | Side=100 | Walk=0
Time=570135000 | Ped=0 | Highway=010 | Side=100 | Walk=0
Time=570165000 | Ped=0 | Highway=100 | Side=001 | Walk=0
Time=570225000 | Ped=0 | Highway=001 | Side=100 | Walk=0
Time=570285000 | Ped=0 | Highway=010 | Side=100 | Walk=0
Time=570315000 | Ped=0 | Highway=100 | Side=001 | Walk=0
Time=570375000 | Ped=0 | Highway=001 | Side=100 | Walk=0
Time=570435000 | Ped=0 | Highway=010 | Side=100 | Walk=0
Time=570465000 | Ped=0 | Highway=100 | Side=001 | Walk=0
Time=570525000 | Ped=0 | Highway=001 | Side=100 | Walk=0
Time=570585000 | Ped=0 | Highway=010 | Side=100 | Walk=0
Time=570615000 | Ped=0 | Highway=100 | Side=001 | Walk=0
Time=570675000 | Ped=0 | Highway=001 | Side=100 | Walk=0
Time=570735000 | Ped=0 | Highway=010 | Side=100 | Walk=0
Time=570765000 | Ped=0 | Highway=100 | Side=001 | Walk=0
Time=570825000 | Ped=0 | Highway=001 | Side=100 | Walk=0
Time=570885000 | Ped=0 | Highway=010 | Side=100 | Walk=0
Time=570915000 | Ped=0 | Highway=100 | Side=001 | Walk=0
Time=570975000 | Ped=0 | Highway=001 | Side=100 | Walk=0
Time=571035000 | Ped=0 | Highway=010 | Side=100 | Walk=0
Time=571065000 | Ped=0 | Highway=100 | Side=001 | Walk=0
Time=571125000 | Ped=0 | Highway=001 | Side=100 | Walk=0
Time=571185000 | Ped=0 | Highway=010 | Side=100 | Walk=0
Time=571215000 | Ped=0 | Highway=100 | Side=001 | Walk=0
Time=571275000 | Ped=0 | Highway=001 | Side=100 | Walk=0
Time=571335000 | Ped=0 | Highway=010 | Side=100 | Walk=0
Time=571365000 | Ped=0 | Highway=100 | Side=001 | Walk=0
Time=571425000 | Ped=0 | Highway=001 | Side=100 | Walk=0
Time=571485000 | Ped=0 | Highway=010 | Side=100 | Walk=0
Time=571515000 | Ped=0 | Highway=100 | Side=001 | Walk=0
Time=571575000 | Ped=0 | Highway=001 | Side=100 | Walk=0
Time=571635000 | Ped=0 | Highway=010 | Side=100 | Walk=0
Time=571665000 | Ped=0 | Highway=100 | Side=001 | Walk=0
Time=571725000 | Ped=0 | Highway=001 | Side=100 | Walk=0
Time=571785000 | Ped=0 | Highway=010 | Side=100 | Walk=0
Time=571815000 | Ped=0 | Highway=100 | Side=001 | Walk=0
Time=571875000 | Ped=0 | Highway=001 | Side=100 | Walk=0
Time=571935000 | Ped=0 | Highway=010 | Side=100 | Walk=0
Time=571965000 | Ped=0 | Highway=100 | Side=001 | Walk=0
Time=572025000 | Ped=0 | Highway=001 | Side=100 | Walk=0
Time=572085000 | Ped=0 | Highway=010 | Side=100 | Walk=0
Time=572115000 | Ped=0 | Highway=100 | Side=001 | Walk=0
Time=572175000 | Ped=0 | Highway=001 | Side=100 | Walk=0
Time=572235000 | Ped=0 | Highway=010 | Side=100 | Walk=0
Time=572265000 | Ped=0 | Highway=100 | Side=001 | Walk=0
Time=572325000 | Ped=0 | Highway=001 | Side=100 | Walk=0
Time=572385000 | Ped=0 | Highway=010 | Side=100 | Walk=0
Time=572415000 | Ped=0 | Highway=100 | Side=001 | Walk=0
Time=572475000 | Ped=0 | Highway=001 | Side=100 | Walk=0
Time=572535000 | Ped=0 | Highway=010 | Side=100 | Walk=0
Time=572565000 | Ped=0 | Highway=100 | Side=001 | Walk=0
Time=572625000 | Ped=0 | Highway=001 | Side=100 | Walk=0
Time=572685000 | Ped=0 | Highway=010 | Side=100 | Walk=0
Time=572715000 | Ped=0 | Highway=100 | Side=001 | Walk=0
Time=572775000 | Ped=0 | Highway=001 | Side=100 | Walk=0
Time=572835000 | Ped=0 | Highway=010 | Side=100 | Walk=0
Time=572865000 | Ped=0 | Highway=100 | Side=001 | Walk=0
Time=572925000 | Ped=0 | Highway=001 | Side=100 | Walk=0
Time=572985000 | Ped=0 | Highway=010 | Side=100 | Walk=0
Time=573015000 | Ped=0 | Highway=100 | Side=001 | Walk=0
Time=573075000 | Ped=0 | Highway=001 | Side=100 | Walk=0
Time=573135000 | Ped=0 | Highway=010 | Side=100 | Walk=0
Time=573165000 | Ped=0 | Highway=100 | Side=001 | Walk=0
Time=573225000 | Ped=0 | Highway=001 | Side=100 | Walk=0
Time=573285000 | Ped=0 | Highway=010 | Side=100 | Walk=0
Time=573315000 | Ped=0 | Highway=100 | Side=001 | Walk=0
Time=573375000 | Ped=0 | Highway=001 | Side=100 | Walk=0
Time=573435000 | Ped=0 | Highway=010 | Side=100 | Walk=0
Time=573465000 | Ped=0 | Highway=100 | Side=001 | Walk=0
Time=573525000 | Ped=0 | Highway=001 | Side=100 | Walk=0
Time=573585000 | Ped=0 | Highway=010 | Side=100 | Walk=0
Time=573615000 | Ped=0 | Highway=100 | Side=001 | Walk=0
Time=573675000 | Ped=0 | Highway=001 | Side=100 | Walk=0
Time=573735000 | Ped=0 | Highway=010 | Side=100 | Walk=0
Time=573765000 | Ped=0 | Highway=100 | Side=001 | Walk=0
Time=573825000 | Ped=0 | Highway=001 | Side=100 | Walk=0
Time=573885000 | Ped=0 | Highway=010 | Side=100 | Walk=0
Time=573915000 | Ped=0 | Highway=100 | Side=001 | Walk=0
Time=573975000 | Ped=0 | Highway=001 | Side=100 | Walk=0
Time=574035000 | Ped=0 | Highway=010 | Side=100 | Walk=0
Time=574065000 | Ped=0 | Highway=100 | Side=001 | Walk=0
Time=574125000 | Ped=0 | Highway=001 | Side=100 | Walk=0
Time=574185000 | Ped=0 | Highway=010 | Side=100 | Walk=0
Time=574215000 | Ped=0 | Highway=100 | Side=001 | Walk=0
Time=574275000 | Ped=0 | Highway=001 | Side=100 | Walk=0
Time=574335000 | Ped=0 | Highway=010 | Side=100 | Walk=0
Time=574365000 | Ped=0 | Highway=100 | Side=001 | Walk=0
Time=574425000 | Ped=0 | Highway=001 | Side=100 | Walk=0
Time=574485000 | Ped=0 | Highway=010 | Side=100 | Walk=0
Time=574515000 | Ped=0 | Highway=100 | Side=001 | Walk=0
Time=574575000 | Ped=0 | Highway=001 | Side=100 | Walk=0
Time=574635000 | Ped=0 | Highway=010 | Side=100 | Walk=0
Time=574665000 | Ped=0 | Highway=100 | Side=001 | Walk=0
Time=574725000 | Ped=0 | Highway=001 | Side=100 | Walk=0
Time=574785000 | Ped=0 | Highway=010 | Side=100 | Walk=0
Time=574815000 | Ped=0 | Highway=100 | Side=001 | Walk=0
Time=574875000 | Ped=0 | Highway=001 | Side=100 | Walk=0
Time=574935000 | Ped=0 | Highway=010 | Side=100 | Walk=0
Time=574965000 | Ped=0 | Highway=100 | Side=001 | Walk=0
Time=575025000 | Ped=0 | Highway=001 | Side=100 | Walk=0
Time=575085000 | Ped=0 | Highway=010 | Side=100 | Walk=0
Time=575115000 | Ped=0 | Highway=100 | Side=001 | Walk=0
Time=575175000 | Ped=0 | Highway=001 | Side=100 | Walk=0
Time=575235000 | Ped=0 | Highway=010 | Side=100 | Walk=0
Time=575265000 | Ped=0 | Highway=100 | Side=001 | Walk=0
Time=575325000 | Ped=0 | Highway=001 | Side=100 | Walk=0
Time=575385000 | Ped=0 | Highway=010 | Side=100 | Walk=0
Time=575415000 | Ped=0 | Highway=100 | Side=001 | Walk=0
Time=575475000 | Ped=0 | Highway=001 | Side=100 | Walk=0
Time=575535000 | Ped=0 | Highway=010 | Side=100 | Walk=0
Time=575565000 | Ped=0 | Highway=100 | Side=001 | Walk=0
Time=575625000 | Ped=0 | Highway=001 | Side=100 | Walk=0
Time=575685000 | Ped=0 | Highway=010 | Side=100 | Walk=0
Time=575715000 | Ped=0 | Highway=100 | Side=001 | Walk=0
Time=575775000 | Ped=0 | Highway=001 | Side=100 | Walk=0
Time=575835000 | Ped=0 | Highway=010 | Side=100 | Walk=0
Time=575865000 | Ped=0 | Highway=100 | Side=001 | Walk=0
Time=575925000 | Ped=0 | Highway=001 | Side=100 | Walk=0
Time=575985000 | Ped=0 | Highway=010 | Side=100 | Walk=0
Time=576015000 | Ped=0 | Highway=100 | Side=001 | Walk=0
Time=576075000 | Ped=0 | Highway=001 | Side=100 | Walk=0
Time=576135000 | Ped=0 | Highway=010 | Side=100 | Walk=0
Time=576165000 | Ped=0 | Highway=100 | Side=001 | Walk=0
Time=576225000 | Ped=0 | Highway=001 | Side=100 | Walk=0
Time=576285000 | Ped=0 | Highway=010 | Side=100 | Walk=0
Time=576315000 | Ped=0 | Highway=100 | Side=001 | Walk=0
Time=576375000 | Ped=0 | Highway=001 | Side=100 | Walk=0
Time=576435000 | Ped=0 | Highway=010 | Side=100 | Walk=0
Time=576465000 | Ped=0 | Highway=100 | Side=001 | Walk=0
Time=576525000 | Ped=0 | Highway=001 | Side=100 | Walk=0
Time=576585000 | Ped=0 | Highway=010 | Side=100 | Walk=0
Time=576615000 | Ped=0 | Highway=100 | Side=001 | Walk=0
Time=576675000 | Ped=0 | Highway=001 | Side=100 | Walk=0
Time=576735000 | Ped=0 | Highway=010 | Side=100 | Walk=0
Time=576765000 | Ped=0 | Highway=100 | Side=001 | Walk=0
Time=576825000 | Ped=0 | Highway=001 | Side=100 | Walk=0
Time=576885000 | Ped=0 | Highway=010 | Side=100 | Walk=0
Time=576915000 | Ped=0 | Highway=100 | Side=001 | Walk=0
Time=576975000 | Ped=0 | Highway=001 | Side=100 | Walk=0
Time=577035000 | Ped=0 | Highway=010 | Side=100 | Walk=0
Time=577065000 | Ped=0 | Highway=100 | Side=001 | Walk=0
Time=577125000 | Ped=0 | Highway=001 | Side=100 | Walk=0
Time=577185000 | Ped=0 | Highway=010 | Side=100 | Walk=0
Time=577215000 | Ped=0 | Highway=100 | Side=001 | Walk=0
Time=577275000 | Ped=0 | Highway=001 | Side=100 | Walk=0
Time=577335000 | Ped=0 | Highway=010 | Side=100 | Walk=0
Time=577365000 | Ped=0 | Highway=100 | Side=001 | Walk=0
Time=577425000 | Ped=0 | Highway=001 | Side=100 | Walk=0
Time=577485000 | Ped=0 | Highway=010 | Side=100 | Walk=0
Time=577515000 | Ped=0 | Highway=100 | Side=001 | Walk=0
Time=577575000 | Ped=0 | Highway=001 | Side=100 | Walk=0
Time=577635000 | Ped=0 | Highway=010 | Side=100 | Walk=0
Time=577665000 | Ped=0 | Highway=100 | Side=001 | Walk=0
Time=577725000 | Ped=0 | Highway=001 | Side=100 | Walk=0
Time=577785000 | Ped=0 | Highway=010 | Side=100 | Walk=0
Time=577815000 | Ped=0 | Highway=100 | Side=001 | Walk=0
Time=577875000 | Ped=0 | Highway=001 | Side=100 | Walk=0
Time=577935000 | Ped=0 | Highway=010 | Side=100 | Walk=0
Time=577965000 | Ped=0 | Highway=100 | Side=001 | Walk=0
Time=578025000 | Ped=0 | Highway=001 | Side=100 | Walk=0
Time=578085000 | Ped=0 | Highway=010 | Side=100 | Walk=0
Time=578115000 | Ped=0 | Highway=100 | Side=001 | Walk=0
Time=578175000 | Ped=0 | Highway=001 | Side=100 | Walk=0
Time=578235000 | Ped=0 | Highway=010 | Side=100 | Walk=0
Time=578265000 | Ped=0 | Highway=100 | Side=001 | Walk=0
Time=578325000 | Ped=0 | Highway=001 | Side=100 | Walk=0
Time=578385000 | Ped=0 | Highway=010 | Side=100 | Walk=0
Time=578415000 | Ped=0 | Highway=100 | Side=001 | Walk=0
Time=578475000 | Ped=0 | Highway=001 | Side=100 | Walk=0
Time=578535000 | Ped=0 | Highway=010 | Side=100 | Walk=0
Time=578565000 | Ped=0 | Highway=100 | Side=001 | Walk=0
Time=578625000 | Ped=0 | Highway=001 | Side=100 | Walk=0
Time=578685000 | Ped=0 | Highway=010 | Side=100 | Walk=0
Time=578715000 | Ped=0 | Highway=100 | Side=001 | Walk=0
Time=578775000 | Ped=0 | Highway=001 | Side=100 | Walk=0
Time=578835000 | Ped=0 | Highway=010 | Side=100 | Walk=0
Time=578865000 | Ped=0 | Highway=100 | Side=001 | Walk=0
Time=578925000 | Ped=0 | Highway=001 | Side=100 | Walk=0
Time=578985000 | Ped=0 | Highway=010 | Side=100 | Walk=0
Time=579015000 | Ped=0 | Highway=100 | Side=001 | Walk=0
Time=579075000 | Ped=0 | Highway=001 | Side=100 | Walk=0
Time=579135000 | Ped=0 | Highway=010 | Side=100 | Walk=0
Time=579165000 | Ped=0 | Highway=100 | Side=001 | Walk=0
Time=579225000 | Ped=0 | Highway=001 | Side=100 | Walk=0
Time=579285000 | Ped=0 | Highway=010 | Side=100 | Walk=0
Time=579315000 | Ped=0 | Highway=100 | Side=001 | Walk=0
Time=579375000 | Ped=0 | Highway=001 | Side=100 | Walk=0
Time=579435000 | Ped=0 | Highway=010 | Side=100 | Walk=0
Time=579465000 | Ped=0 | Highway=100 | Side=001 | Walk=0
Time=579525000 | Ped=0 | Highway=001 | Side=100 | Walk=0
Time=579585000 | Ped=0 | Highway=010 | Side=100 | Walk=0
Time=579615000 | Ped=0 | Highway=100 | Side=001 | Walk=0
Time=579675000 | Ped=0 | Highway=001 | Side=100 | Walk=0
Time=579735000 | Ped=0 | Highway=010 | Side=100 | Walk=0
Time=579765000 | Ped=0 | Highway=100 | Side=001 | Walk=0
Time=579825000 | Ped=0 | Highway=001 | Side=100 | Walk=0
Time=579885000 | Ped=0 | Highway=010 | Side=100 | Walk=0
Time=579915000 | Ped=0 | Highway=100 | Side=001 | Walk=0
Time=579975000 | Ped=0 | Highway=001 | Side=100 | Walk=0
Time=580035000 | Ped=0 | Highway=010 | Side=100 | Walk=0
Time=580065000 | Ped=0 | Highway=100 | Side=001 | Walk=0
Time=580125000 | Ped=0 | Highway=001 | Side=100 | Walk=0
Time=580185000 | Ped=0 | Highway=010 | Side=100 | Walk=0
Time=580215000 | Ped=0 | Highway=100 | Side=001 | Walk=0
Time=580275000 | Ped=0 | Highway=001 | Side=100 | Walk=0
Time=580335000 | Ped=0 | Highway=010 | Side=100 | Walk=0
Time=580365000 | Ped=0 | Highway=100 | Side=001 | Walk=0
Time=580425000 | Ped=0 | Highway=001 | Side=100 | Walk=0
Time=580485000 | Ped=0 | Highway=010 | Side=100 | Walk=0
Time=580515000 | Ped=0 | Highway=100 | Side=001 | Walk=0
Time=580575000 | Ped=0 | Highway=001 | Side=100 | Walk=0
Time=580635000 | Ped=0 | Highway=010 | Side=100 | Walk=0
Time=580665000 | Ped=0 | Highway=100 | Side=001 | Walk=0
Time=580725000 | Ped=0 | Highway=001 | Side=100 | Walk=0
Time=580785000 | Ped=0 | Highway=010 | Side=100 | Walk=0
Time=580815000 | Ped=0 | Highway=100 | Side=001 | Walk=0
Time=580875000 | Ped=0 | Highway=001 | Side=100 | Walk=0
Time=580935000 | Ped=0 | Highway=010 | Side=100 | Walk=0
Time=580965000 | Ped=0 | Highway=100 | Side=001 | Walk=0
Time=581025000 | Ped=0 | Highway=001 | Side=100 | Walk=0
Time=581085000 | Ped=0 | Highway=010 | Side=100 | Walk=0
Time=581115000 | Ped=0 | Highway=100 | Side=001 | Walk=0
Time=581175000 | Ped=0 | Highway=001 | Side=100 | Walk=0
Time=581235000 | Ped=0 | Highway=010 | Side=100 | Walk=0
Time=581265000 | Ped=0 | Highway=100 | Side=001 | Walk=0
Time=581325000 | Ped=0 | Highway=001 | Side=100 | Walk=0
Time=581385000 | Ped=0 | Highway=010 | Side=100 | Walk=0
Time=581415000 | Ped=0 | Highway=100 | Side=001 | Walk=0
Time=581475000 | Ped=0 | Highway=001 | Side=100 | Walk=0
Time=581535000 | Ped=0 | Highway=010 | Side=100 | Walk=0
Time=581565000 | Ped=0 | Highway=100 | Side=001 | Walk=0
Time=581625000 | Ped=0 | Highway=001 | Side=100 | Walk=0
Time=581685000 | Ped=0 | Highway=010 | Side=100 | Walk=0
Time=581715000 | Ped=0 | Highway=100 | Side=001 | Walk=0
Time=581775000 | Ped=0 | Highway=001 | Side=100 | Walk=0
Time=581835000 | Ped=0 | Highway=010 | Side=100 | Walk=0
Time=581865000 | Ped=0 | Highway=100 | Side=001 | Walk=0
Time=581925000 | Ped=0 | Highway=001 | Side=100 | Walk=0
Time=581985000 | Ped=0 | Highway=010 | Side=100 | Walk=0
Time=582015000 | Ped=0 | Highway=100 | Side=001 | Walk=0
Time=582075000 | Ped=0 | Highway=001 | Side=100 | Walk=0
Time=582135000 | Ped=0 | Highway=010 | Side=100 | Walk=0
Time=582165000 | Ped=0 | Highway=100 | Side=001 | Walk=0
Time=582225000 | Ped=0 | Highway=001 | Side=100 | Walk=0
Time=582285000 | Ped=0 | Highway=010 | Side=100 | Walk=0
Time=582315000 | Ped=0 | Highway=100 | Side=001 | Walk=0
Time=582375000 | Ped=0 | Highway=001 | Side=100 | Walk=0
Time=582435000 | Ped=0 | Highway=010 | Side=100 | Walk=0
Time=582465000 | Ped=0 | Highway=100 | Side=001 | Walk=0
Time=582525000 | Ped=0 | Highway=001 | Side=100 | Walk=0
Time=582585000 | Ped=0 | Highway=010 | Side=100 | Walk=0
Time=582615000 | Ped=0 | Highway=100 | Side=001 | Walk=0
Time=582675000 | Ped=0 | Highway=001 | Side=100 | Walk=0
Time=582735000 | Ped=0 | Highway=010 | Side=100 | Walk=0
Time=582765000 | Ped=0 | Highway=100 | Side=001 | Walk=0
Time=582825000 | Ped=0 | Highway=001 | Side=100 | Walk=0
Time=582885000 | Ped=0 | Highway=010 | Side=100 | Walk=0
Time=582915000 | Ped=0 | Highway=100 | Side=001 | Walk=0
Time=582975000 | Ped=0 | Highway=001 | Side=100 | Walk=0
Time=583035000 | Ped=0 | Highway=010 | Side=100 | Walk=0
Time=583065000 | Ped=0 | Highway=100 | Side=001 | Walk=0
Time=583125000 | Ped=0 | Highway=001 | Side=100 | Walk=0
Time=583185000 | Ped=0 | Highway=010 | Side=100 | Walk=0
Time=583215000 | Ped=0 | Highway=100 | Side=001 | Walk=0
Time=583275000 | Ped=0 | Highway=001 | Side=100 | Walk=0
Time=583335000 | Ped=0 | Highway=010 | Side=100 | Walk=0
Time=583365000 | Ped=0 | Highway=100 | Side=001 | Walk=0
Time=583425000 | Ped=0 | Highway=001 | Side=100 | Walk=0
Time=583485000 | Ped=0 | Highway=010 | Side=100 | Walk=0
Time=583515000 | Ped=0 | Highway=100 | Side=001 | Walk=0
Time=583575000 | Ped=0 | Highway=001 | Side=100 | Walk=0
Time=583635000 | Ped=0 | Highway=010 | Side=100 | Walk=0
Time=583665000 | Ped=0 | Highway=100 | Side=001 | Walk=0
Time=583725000 | Ped=0 | Highway=001 | Side=100 | Walk=0
Time=583785000 | Ped=0 | Highway=010 | Side=100 | Walk=0
Time=583815000 | Ped=0 | Highway=100 | Side=001 | Walk=0
Time=583875000 | Ped=0 | Highway=001 | Side=100 | Walk=0
Time=583935000 | Ped=0 | Highway=010 | Side=100 | Walk=0
Time=583965000 | Ped=0 | Highway=100 | Side=001 | Walk=0
Time=584025000 | Ped=0 | Highway=001 | Side=100 | Walk=0
Time=584085000 | Ped=0 | Highway=010 | Side=100 | Walk=0
Time=584115000 | Ped=0 | Highway=100 | Side=001 | Walk=0
Time=584175000 | Ped=0 | Highway=001 | Side=100 | Walk=0
Time=584235000 | Ped=0 | Highway=010 | Side=100 | Walk=0
Time=584265000 | Ped=0 | Highway=100 | Side=001 | Walk=0
Time=584325000 | Ped=0 | Highway=001 | Side=100 | Walk=0
Time=584385000 | Ped=0 | Highway=010 | Side=100 | Walk=0
Time=584415000 | Ped=0 | Highway=100 | Side=001 | Walk=0
Time=584475000 | Ped=0 | Highway=001 | Side=100 | Walk=0
Time=584535000 | Ped=0 | Highway=010 | Side=100 | Walk=0
Time=584565000 | Ped=0 | Highway=100 | Side=001 | Walk=0
Time=584625000 | Ped=0 | Highway=001 | Side=100 | Walk=0
Time=584685000 | Ped=0 | Highway=010 | Side=100 | Walk=0
Time=584715000 | Ped=0 | Highway=100 | Side=001 | Walk=0
Time=584775000 | Ped=0 | Highway=001 | Side=100 | Walk=0
Time=584835000 | Ped=0 | Highway=010 | Side=100 | Walk=0
Time=584865000 | Ped=0 | Highway=100 | Side=001 | Walk=0
Time=584925000 | Ped=0 | Highway=001 | Side=100 | Walk=0
Time=584985000 | Ped=0 | Highway=010 | Side=100 | Walk=0
Time=585015000 | Ped=0 | Highway=100 | Side=001 | Walk=0
Time=585075000 | Ped=0 | Highway=001 | Side=100 | Walk=0
Time=585135000 | Ped=0 | Highway=010 | Side=100 | Walk=0
Time=585165000 | Ped=0 | Highway=100 | Side=001 | Walk=0
Time=585225000 | Ped=0 | Highway=001 | Side=100 | Walk=0
Time=585285000 | Ped=0 | Highway=010 | Side=100 | Walk=0
Time=585315000 | Ped=0 | Highway=100 | Side=001 | Walk=0
Time=585375000 | Ped=0 | Highway=001 | Side=100 | Walk=0
Time=585435000 | Ped=0 | Highway=010 | Side=100 | Walk=0
Time=585465000 | Ped=0 | Highway=100 | Side=001 | Walk=0
Time=585525000 | Ped=0 | Highway=001 | Side=100 | Walk=0
Time=585585000 | Ped=0 | Highway=010 | Side=100 | Walk=0
Time=585615000 | Ped=0 | Highway=100 | Side=001 | Walk=0
Time=585675000 | Ped=0 | Highway=001 | Side=100 | Walk=0
Time=585735000 | Ped=0 | Highway=010 | Side=100 | Walk=0
Time=585765000 | Ped=0 | Highway=100 | Side=001 | Walk=0
Time=585825000 | Ped=0 | Highway=001 | Side=100 | Walk=0
Time=585885000 | Ped=0 | Highway=010 | Side=100 | Walk=0
Time=585915000 | Ped=0 | Highway=100 | Side=001 | Walk=0
Time=585975000 | Ped=0 | Highway=001 | Side=100 | Walk=0
Time=586035000 | Ped=0 | Highway=010 | Side=100 | Walk=0
Time=586065000 | Ped=0 | Highway=100 | Side=001 | Walk=0
Time=586125000 | Ped=0 | Highway=001 | Side=100 | Walk=0
Time=586185000 | Ped=0 | Highway=010 | Side=100 | Walk=0
Time=586215000 | Ped=0 | Highway=100 | Side=001 | Walk=0
Time=586275000 | Ped=0 | Highway=001 | Side=100 | Walk=0
Time=586335000 | Ped=0 | Highway=010 | Side=100 | Walk=0
Time=586365000 | Ped=0 | Highway=100 | Side=001 | Walk=0
Time=586425000 | Ped=0 | Highway=001 | Side=100 | Walk=0
Time=586485000 | Ped=0 | Highway=010 | Side=100 | Walk=0
Time=586515000 | Ped=0 | Highway=100 | Side=001 | Walk=0
Time=586575000 | Ped=0 | Highway=001 | Side=100 | Walk=0
Time=586635000 | Ped=0 | Highway=010 | Side=100 | Walk=0
Time=586665000 | Ped=0 | Highway=100 | Side=001 | Walk=0
Time=586725000 | Ped=0 | Highway=001 | Side=100 | Walk=0
Time=586785000 | Ped=0 | Highway=010 | Side=100 | Walk=0
Time=586815000 | Ped=0 | Highway=100 | Side=001 | Walk=0
Time=586875000 | Ped=0 | Highway=001 | Side=100 | Walk=0
Time=586935000 | Ped=0 | Highway=010 | Side=100 | Walk=0
Time=586965000 | Ped=0 | Highway=100 | Side=001 | Walk=0
Time=587025000 | Ped=0 | Highway=001 | Side=100 | Walk=0
Time=587085000 | Ped=0 | Highway=010 | Side=100 | Walk=0
Time=587115000 | Ped=0 | Highway=100 | Side=001 | Walk=0
Time=587175000 | Ped=0 | Highway=001 | Side=100 | Walk=0
Time=587235000 | Ped=0 | Highway=010 | Side=100 | Walk=0
Time=587265000 | Ped=0 | Highway=100 | Side=001 | Walk=0
Time=587325000 | Ped=0 | Highway=001 | Side=100 | Walk=0
Time=587385000 | Ped=0 | Highway=010 | Side=100 | Walk=0
Time=587415000 | Ped=0 | Highway=100 | Side=001 | Walk=0
Time=587475000 | Ped=0 | Highway=001 | Side=100 | Walk=0
Time=587535000 | Ped=0 | Highway=010 | Side=100 | Walk=0
Time=587565000 | Ped=0 | Highway=100 | Side=001 | Walk=0
Time=587625000 | Ped=0 | Highway=001 | Side=100 | Walk=0
Time=587685000 | Ped=0 | Highway=010 | Side=100 | Walk=0
Time=587715000 | Ped=0 | Highway=100 | Side=001 | Walk=0
Time=587775000 | Ped=0 | Highway=001 | Side=100 | Walk=0
Time=587835000 | Ped=0 | Highway=010 | Side=100 | Walk=0
Time=587865000 | Ped=0 | Highway=100 | Side=001 | Walk=0
Time=587925000 | Ped=0 | Highway=001 | Side=100 | Walk=0
Time=587985000 | Ped=0 | Highway=010 | Side=100 | Walk=0
Time=588015000 | Ped=0 | Highway=100 | Side=001 | Walk=0
Time=588075000 | Ped=0 | Highway=001 | Side=100 | Walk=0
Time=588135000 | Ped=0 | Highway=010 | Side=100 | Walk=0
Time=588165000 | Ped=0 | Highway=100 | Side=001 | Walk=0
Time=588225000 | Ped=0 | Highway=001 | Side=100 | Walk=0
Time=588285000 | Ped=0 | Highway=010 | Side=100 | Walk=0
Time=588315000 | Ped=0 | Highway=100 | Side=001 | Walk=0
Time=588375000 | Ped=0 | Highway=001 | Side=100 | Walk=0
Time=588435000 | Ped=0 | Highway=010 | Side=100 | Walk=0
Time=588465000 | Ped=0 | Highway=100 | Side=001 | Walk=0
Time=588525000 | Ped=0 | Highway=001 | Side=100 | Walk=0
Time=588585000 | Ped=0 | Highway=010 | Side=100 | Walk=0
Time=588615000 | Ped=0 | Highway=100 | Side=001 | Walk=0
Time=588675000 | Ped=0 | Highway=001 | Side=100 | Walk=0
Time=588735000 | Ped=0 | Highway=010 | Side=100 | Walk=0
Time=588765000 | Ped=0 | Highway=100 | Side=001 | Walk=0
Time=588825000 | Ped=0 | Highway=001 | Side=100 | Walk=0
Time=588885000 | Ped=0 | Highway=010 | Side=100 | Walk=0
Time=588915000 | Ped=0 | Highway=100 | Side=001 | Walk=0
Time=588975000 | Ped=0 | Highway=001 | Side=100 | Walk=0
Time=589035000 | Ped=0 | Highway=010 | Side=100 | Walk=0
Time=589065000 | Ped=0 | Highway=100 | Side=001 | Walk=0
Time=589125000 | Ped=0 | Highway=001 | Side=100 | Walk=0
Time=589185000 | Ped=0 | Highway=010 | Side=100 | Walk=0
Time=589215000 | Ped=0 | Highway=100 | Side=001 | Walk=0
Time=589275000 | Ped=0 | Highway=001 | Side=100 | Walk=0
Time=589335000 | Ped=0 | Highway=010 | Side=100 | Walk=0
Time=589365000 | Ped=0 | Highway=100 | Side=001 | Walk=0
Time=589425000 | Ped=0 | Highway=001 | Side=100 | Walk=0
Time=589485000 | Ped=0 | Highway=010 | Side=100 | Walk=0
Time=589515000 | Ped=0 | Highway=100 | Side=001 | Walk=0
Time=589575000 | Ped=0 | Highway=001 | Side=100 | Walk=0
Time=589635000 | Ped=0 | Highway=010 | Side=100 | Walk=0
Time=589665000 | Ped=0 | Highway=100 | Side=001 | Walk=0
Time=589725000 | Ped=0 | Highway=001 | Side=100 | Walk=0
Time=589785000 | Ped=0 | Highway=010 | Side=100 | Walk=0
Time=589815000 | Ped=0 | Highway=100 | Side=001 | Walk=0
Time=589875000 | Ped=0 | Highway=001 | Side=100 | Walk=0
Time=589935000 | Ped=0 | Highway=010 | Side=100 | Walk=0
Time=589965000 | Ped=0 | Highway=100 | Side=001 | Walk=0
Time=590025000 | Ped=0 | Highway=001 | Side=100 | Walk=0
Time=590085000 | Ped=0 | Highway=010 | Side=100 | Walk=0
Time=590115000 | Ped=0 | Highway=100 | Side=001 | Walk=0
Time=590175000 | Ped=0 | Highway=001 | Side=100 | Walk=0
Time=590235000 | Ped=0 | Highway=010 | Side=100 | Walk=0
Time=590265000 | Ped=0 | Highway=100 | Side=001 | Walk=0
Time=590325000 | Ped=0 | Highway=001 | Side=100 | Walk=0
Time=590385000 | Ped=0 | Highway=010 | Side=100 | Walk=0
Time=590415000 | Ped=0 | Highway=100 | Side=001 | Walk=0
Time=590475000 | Ped=0 | Highway=001 | Side=100 | Walk=0
Time=590535000 | Ped=0 | Highway=010 | Side=100 | Walk=0
Time=590565000 | Ped=0 | Highway=100 | Side=001 | Walk=0
Time=590625000 | Ped=0 | Highway=001 | Side=100 | Walk=0
Time=590685000 | Ped=0 | Highway=010 | Side=100 | Walk=0
Time=590715000 | Ped=0 | Highway=100 | Side=001 | Walk=0
Time=590775000 | Ped=0 | Highway=001 | Side=100 | Walk=0
Time=590835000 | Ped=0 | Highway=010 | Side=100 | Walk=0
Time=590865000 | Ped=0 | Highway=100 | Side=001 | Walk=0
Time=590925000 | Ped=0 | Highway=001 | Side=100 | Walk=0
Time=590985000 | Ped=0 | Highway=010 | Side=100 | Walk=0
Time=591015000 | Ped=0 | Highway=100 | Side=001 | Walk=0
Time=591075000 | Ped=0 | Highway=001 | Side=100 | Walk=0
Time=591135000 | Ped=0 | Highway=010 | Side=100 | Walk=0
Time=591165000 | Ped=0 | Highway=100 | Side=001 | Walk=0
Time=591225000 | Ped=0 | Highway=001 | Side=100 | Walk=0
Time=591285000 | Ped=0 | Highway=010 | Side=100 | Walk=0
Time=591315000 | Ped=0 | Highway=100 | Side=001 | Walk=0
Time=591375000 | Ped=0 | Highway=001 | Side=100 | Walk=0
Time=591435000 | Ped=0 | Highway=010 | Side=100 | Walk=0
Time=591465000 | Ped=0 | Highway=100 | Side=001 | Walk=0
Time=591525000 | Ped=0 | Highway=001 | Side=100 | Walk=0
Time=591585000 | Ped=0 | Highway=010 | Side=100 | Walk=0
Time=591615000 | Ped=0 | Highway=100 | Side=001 | Walk=0
Time=591675000 | Ped=0 | Highway=001 | Side=100 | Walk=0
Time=591735000 | Ped=0 | Highway=010 | Side=100 | Walk=0
Time=591765000 | Ped=0 | Highway=100 | Side=001 | Walk=0
Time=591825000 | Ped=0 | Highway=001 | Side=100 | Walk=0
Time=591885000 | Ped=0 | Highway=010 | Side=100 | Walk=0
Time=591915000 | Ped=0 | Highway=100 | Side=001 | Walk=0
Time=591975000 | Ped=0 | Highway=001 | Side=100 | Walk=0
Time=592035000 | Ped=0 | Highway=010 | Side=100 | Walk=0
Time=592065000 | Ped=0 | Highway=100 | Side=001 | Walk=0
Time=592125000 | Ped=0 | Highway=001 | Side=100 | Walk=0
Time=592185000 | Ped=0 | Highway=010 | Side=100 | Walk=0
Time=592215000 | Ped=0 | Highway=100 | Side=001 | Walk=0
Time=592275000 | Ped=0 | Highway=001 | Side=100 | Walk=0
Time=592335000 | Ped=0 | Highway=010 | Side=100 | Walk=0
Time=592365000 | Ped=0 | Highway=100 | Side=001 | Walk=0
Time=592425000 | Ped=0 | Highway=001 | Side=100 | Walk=0
Time=592485000 | Ped=0 | Highway=010 | Side=100 | Walk=0
Time=592515000 | Ped=0 | Highway=100 | Side=001 | Walk=0
Time=592575000 | Ped=0 | Highway=001 | Side=100 | Walk=0
Time=592635000 | Ped=0 | Highway=010 | Side=100 | Walk=0
Time=592665000 | Ped=0 | Highway=100 | Side=001 | Walk=0
Time=592725000 | Ped=0 | Highway=001 | Side=100 | Walk=0
Time=592785000 | Ped=0 | Highway=010 | Side=100 | Walk=0
Time=592815000 | Ped=0 | Highway=100 | Side=001 | Walk=0
Time=592875000 | Ped=0 | Highway=001 | Side=100 | Walk=0
Time=592935000 | Ped=0 | Highway=010 | Side=100 | Walk=0
Time=592965000 | Ped=0 | Highway=100 | Side=001 | Walk=0
Time=593025000 | Ped=0 | Highway=001 | Side=100 | Walk=0
Time=593085000 | Ped=0 | Highway=010 | Side=100 | Walk=0
Time=593115000 | Ped=0 | Highway=100 | Side=001 | Walk=0
Time=593175000 | Ped=0 | Highway=001 | Side=100 | Walk=0
Time=593235000 | Ped=0 | Highway=010 | Side=100 | Walk=0
Time=593265000 | Ped=0 | Highway=100 | Side=001 | Walk=0
Time=593325000 | Ped=0 | Highway=001 | Side=100 | Walk=0
Time=593385000 | Ped=0 | Highway=010 | Side=100 | Walk=0
Time=593415000 | Ped=0 | Highway=100 | Side=001 | Walk=0
Time=593475000 | Ped=0 | Highway=001 | Side=100 | Walk=0
Time=593535000 | Ped=0 | Highway=010 | Side=100 | Walk=0
Time=593565000 | Ped=0 | Highway=100 | Side=001 | Walk=0
Time=593625000 | Ped=0 | Highway=001 | Side=100 | Walk=0
Time=593685000 | Ped=0 | Highway=010 | Side=100 | Walk=0
Time=593715000 | Ped=0 | Highway=100 | Side=001 | Walk=0
Time=593775000 | Ped=0 | Highway=001 | Side=100 | Walk=0
Time=593835000 | Ped=0 | Highway=010 | Side=100 | Walk=0
Time=593865000 | Ped=0 | Highway=100 | Side=001 | Walk=0
Time=593925000 | Ped=0 | Highway=001 | Side=100 | Walk=0
Time=593985000 | Ped=0 | Highway=010 | Side=100 | Walk=0
Time=594015000 | Ped=0 | Highway=100 | Side=001 | Walk=0
Time=594075000 | Ped=0 | Highway=001 | Side=100 | Walk=0
Time=594135000 | Ped=0 | Highway=010 | Side=100 | Walk=0
Time=594165000 | Ped=0 | Highway=100 | Side=001 | Walk=0
Time=594225000 | Ped=0 | Highway=001 | Side=100 | Walk=0
Time=594285000 | Ped=0 | Highway=010 | Side=100 | Walk=0
Time=594315000 | Ped=0 | Highway=100 | Side=001 | Walk=0
Time=594375000 | Ped=0 | Highway=001 | Side=100 | Walk=0
Time=594435000 | Ped=0 | Highway=010 | Side=100 | Walk=0
Time=594465000 | Ped=0 | Highway=100 | Side=001 | Walk=0
Time=594525000 | Ped=0 | Highway=001 | Side=100 | Walk=0
Time=594585000 | Ped=0 | Highway=010 | Side=100 | Walk=0
Time=594615000 | Ped=0 | Highway=100 | Side=001 | Walk=0
Time=594675000 | Ped=0 | Highway=001 | Side=100 | Walk=0
Time=594735000 | Ped=0 | Highway=010 | Side=100 | Walk=0
Time=594765000 | Ped=0 | Highway=100 | Side=001 | Walk=0
Time=594825000 | Ped=0 | Highway=001 | Side=100 | Walk=0
Time=594885000 | Ped=0 | Highway=010 | Side=100 | Walk=0
Time=594915000 | Ped=0 | Highway=100 | Side=001 | Walk=0
Time=594975000 | Ped=0 | Highway=001 | Side=100 | Walk=0
Time=595035000 | Ped=0 | Highway=010 | Side=100 | Walk=0
Time=595065000 | Ped=0 | Highway=100 | Side=001 | Walk=0
Time=595125000 | Ped=0 | Highway=001 | Side=100 | Walk=0
Time=595185000 | Ped=0 | Highway=010 | Side=100 | Walk=0
Time=595215000 | Ped=0 | Highway=100 | Side=001 | Walk=0
Time=595275000 | Ped=0 | Highway=001 | Side=100 | Walk=0
Time=595335000 | Ped=0 | Highway=010 | Side=100 | Walk=0
Time=595365000 | Ped=0 | Highway=100 | Side=001 | Walk=0
Time=595425000 | Ped=0 | Highway=001 | Side=100 | Walk=0
Time=595485000 | Ped=0 | Highway=010 | Side=100 | Walk=0
Time=595515000 | Ped=0 | Highway=100 | Side=001 | Walk=0
Time=595575000 | Ped=0 | Highway=001 | Side=100 | Walk=0
Time=595635000 | Ped=0 | Highway=010 | Side=100 | Walk=0
Time=595665000 | Ped=0 | Highway=100 | Side=001 | Walk=0
Time=595725000 | Ped=0 | Highway=001 | Side=100 | Walk=0
Time=595785000 | Ped=0 | Highway=010 | Side=100 | Walk=0
Time=595815000 | Ped=0 | Highway=100 | Side=001 | Walk=0
Time=595875000 | Ped=0 | Highway=001 | Side=100 | Walk=0
Time=595935000 | Ped=0 | Highway=010 | Side=100 | Walk=0
Time=595965000 | Ped=0 | Highway=100 | Side=001 | Walk=0
Time=596025000 | Ped=0 | Highway=001 | Side=100 | Walk=0
Time=596085000 | Ped=0 | Highway=010 | Side=100 | Walk=0
Time=596115000 | Ped=0 | Highway=100 | Side=001 | Walk=0
Time=596175000 | Ped=0 | Highway=001 | Side=100 | Walk=0
Time=596235000 | Ped=0 | Highway=010 | Side=100 | Walk=0
Time=596265000 | Ped=0 | Highway=100 | Side=001 | Walk=0
Time=596325000 | Ped=0 | Highway=001 | Side=100 | Walk=0
Time=596385000 | Ped=0 | Highway=010 | Side=100 | Walk=0
Time=596415000 | Ped=0 | Highway=100 | Side=001 | Walk=0
Time=596475000 | Ped=0 | Highway=001 | Side=100 | Walk=0
Time=596535000 | Ped=0 | Highway=010 | Side=100 | Walk=0
Time=596565000 | Ped=0 | Highway=100 | Side=001 | Walk=0
Time=596625000 | Ped=0 | Highway=001 | Side=100 | Walk=0
Time=596685000 | Ped=0 | Highway=010 | Side=100 | Walk=0
Time=596715000 | Ped=0 | Highway=100 | Side=001 | Walk=0
Time=596775000 | Ped=0 | Highway=001 | Side=100 | Walk=0
Time=596835000 | Ped=0 | Highway=010 | Side=100 | Walk=0
Time=596865000 | Ped=0 | Highway=100 | Side=001 | Walk=0
Time=596925000 | Ped=0 | Highway=001 | Side=100 | Walk=0
Time=596985000 | Ped=0 | Highway=010 | Side=100 | Walk=0
Time=597015000 | Ped=0 | Highway=100 | Side=001 | Walk=0
Time=597075000 | Ped=0 | Highway=001 | Side=100 | Walk=0
Time=597135000 | Ped=0 | Highway=010 | Side=100 | Walk=0
Time=597165000 | Ped=0 | Highway=100 | Side=001 | Walk=0
Time=597225000 | Ped=0 | Highway=001 | Side=100 | Walk=0
Time=597285000 | Ped=0 | Highway=010 | Side=100 | Walk=0
Time=597315000 | Ped=0 | Highway=100 | Side=001 | Walk=0
Time=597375000 | Ped=0 | Highway=001 | Side=100 | Walk=0
Time=597435000 | Ped=0 | Highway=010 | Side=100 | Walk=0
Time=597465000 | Ped=0 | Highway=100 | Side=001 | Walk=0
Time=597525000 | Ped=0 | Highway=001 | Side=100 | Walk=0
Time=597585000 | Ped=0 | Highway=010 | Side=100 | Walk=0
Time=597615000 | Ped=0 | Highway=100 | Side=001 | Walk=0
Time=597675000 | Ped=0 | Highway=001 | Side=100 | Walk=0
Time=597735000 | Ped=0 | Highway=010 | Side=100 | Walk=0
Time=597765000 | Ped=0 | Highway=100 | Side=001 | Walk=0
Time=597825000 | Ped=0 | Highway=001 | Side=100 | Walk=0
Time=597885000 | Ped=0 | Highway=010 | Side=100 | Walk=0
Time=597915000 | Ped=0 | Highway=100 | Side=001 | Walk=0
Time=597975000 | Ped=0 | Highway=001 | Side=100 | Walk=0
Time=598035000 | Ped=0 | Highway=010 | Side=100 | Walk=0
Time=598065000 | Ped=0 | Highway=100 | Side=001 | Walk=0
Time=598125000 | Ped=0 | Highway=001 | Side=100 | Walk=0
Time=598185000 | Ped=0 | Highway=010 | Side=100 | Walk=0
Time=598215000 | Ped=0 | Highway=100 | Side=001 | Walk=0
Time=598275000 | Ped=0 | Highway=001 | Side=100 | Walk=0
Time=598335000 | Ped=0 | Highway=010 | Side=100 | Walk=0
Time=598365000 | Ped=0 | Highway=100 | Side=001 | Walk=0
Time=598425000 | Ped=0 | Highway=001 | Side=100 | Walk=0
Time=598485000 | Ped=0 | Highway=010 | Side=100 | Walk=0
Time=598515000 | Ped=0 | Highway=100 | Side=001 | Walk=0
Time=598575000 | Ped=0 | Highway=001 | Side=100 | Walk=0
Time=598635000 | Ped=0 | Highway=010 | Side=100 | Walk=0
Time=598665000 | Ped=0 | Highway=100 | Side=001 | Walk=0
Time=598725000 | Ped=0 | Highway=001 | Side=100 | Walk=0
Time=598785000 | Ped=0 | Highway=010 | Side=100 | Walk=0
Time=598815000 | Ped=0 | Highway=100 | Side=001 | Walk=0
Time=598875000 | Ped=0 | Highway=001 | Side=100 | Walk=0
Time=598935000 | Ped=0 | Highway=010 | Side=100 | Walk=0
Time=598965000 | Ped=0 | Highway=100 | Side=001 | Walk=0
Time=599025000 | Ped=0 | Highway=001 | Side=100 | Walk=0
Time=599085000 | Ped=0 | Highway=010 | Side=100 | Walk=0
Time=599115000 | Ped=0 | Highway=100 | Side=001 | Walk=0
Time=599175000 | Ped=0 | Highway=001 | Side=100 | Walk=0
Time=599235000 | Ped=0 | Highway=010 | Side=100 | Walk=0
Time=599265000 | Ped=0 | Highway=100 | Side=001 | Walk=0
Time=599325000 | Ped=0 | Highway=001 | Side=100 | Walk=0
Time=599385000 | Ped=0 | Highway=010 | Side=100 | Walk=0
Time=599415000 | Ped=0 | Highway=100 | Side=001 | Walk=0
Time=599475000 | Ped=0 | Highway=001 | Side=100 | Walk=0
Time=599535000 | Ped=0 | Highway=010 | Side=100 | Walk=0
Time=599565000 | Ped=0 | Highway=100 | Side=001 | Walk=0
Time=599625000 | Ped=0 | Highway=001 | Side=100 | Walk=0
Time=599685000 | Ped=0 | Highway=010 | Side=100 | Walk=0
Time=599715000 | Ped=0 | Highway=100 | Side=001 | Walk=0
Time=599775000 | Ped=0 | Highway=001 | Side=100 | Walk=0
Time=599835000 | Ped=0 | Highway=010 | Side=100 | Walk=0
Time=599865000 | Ped=0 | Highway=100 | Side=001 | Walk=0
Time=599925000 | Ped=0 | Highway=001 | Side=100 | Walk=0
Time=599985000 | Ped=0 | Highway=010 | Side=100 | Walk=0
Time=600015000 | Ped=0 | Highway=100 | Side=001 | Walk=0
Time=600075000 | Ped=0 | Highway=001 | Side=100 | Walk=0
Time=600135000 | Ped=0 | Highway=010 | Side=100 | Walk=0
Time=600165000 | Ped=0 | Highway=100 | Side=001 | Walk=0
Time=600225000 | Ped=0 | Highway=001 | Side=100 | Walk=0
Time=600285000 | Ped=0 | Highway=010 | Side=100 | Walk=0
Time=600315000 | Ped=0 | Highway=100 | Side=001 | Walk=0
Time=600375000 | Ped=0 | Highway=001 | Side=100 | Walk=0
Time=600435000 | Ped=0 | Highway=010 | Side=100 | Walk=0
Time=600465000 | Ped=0 | Highway=100 | Side=001 | Walk=0
Time=600525000 | Ped=0 | Highway=001 | Side=100 | Walk=0
Time=600585000 | Ped=0 | Highway=010 | Side=100 | Walk=0
Time=600615000 | Ped=0 | Highway=100 | Side=001 | Walk=0
Time=600675000 | Ped=0 | Highway=001 | Side=100 | Walk=0
Time=600735000 | Ped=0 | Highway=010 | Side=100 | Walk=0
Time=600765000 | Ped=0 | Highway=100 | Side=001 | Walk=0
Time=600825000 | Ped=0 | Highway=001 | Side=100 | Walk=0
Time=600885000 | Ped=0 | Highway=010 | Side=100 | Walk=0
Time=600915000 | Ped=0 | Highway=100 | Side=001 | Walk=0
Time=600975000 | Ped=0 | Highway=001 | Side=100 | Walk=0
Time=601035000 | Ped=0 | Highway=010 | Side=100 | Walk=0
Time=601065000 | Ped=0 | Highway=100 | Side=001 | Walk=0
Time=601125000 | Ped=0 | Highway=001 | Side=100 | Walk=0
Time=601185000 | Ped=0 | Highway=010 | Side=100 | Walk=0
Time=601215000 | Ped=0 | Highway=100 | Side=001 | Walk=0
Time=601275000 | Ped=0 | Highway=001 | Side=100 | Walk=0
Time=601335000 | Ped=0 | Highway=010 | Side=100 | Walk=0
Time=601365000 | Ped=0 | Highway=100 | Side=001 | Walk=0
Time=601425000 | Ped=0 | Highway=001 | Side=100 | Walk=0
Time=601485000 | Ped=0 | Highway=010 | Side=100 | Walk=0
Time=601515000 | Ped=0 | Highway=100 | Side=001 | Walk=0
Time=601575000 | Ped=0 | Highway=001 | Side=100 | Walk=0
Time=601635000 | Ped=0 | Highway=010 | Side=100 | Walk=0
Time=601665000 | Ped=0 | Highway=100 | Side=001 | Walk=0
Time=601725000 | Ped=0 | Highway=001 | Side=100 | Walk=0
Time=601785000 | Ped=0 | Highway=010 | Side=100 | Walk=0
Time=601815000 | Ped=0 | Highway=100 | Side=001 | Walk=0
Time=601875000 | Ped=0 | Highway=001 | Side=100 | Walk=0
Time=601935000 | Ped=0 | Highway=010 | Side=100 | Walk=0
Time=601965000 | Ped=0 | Highway=100 | Side=001 | Walk=0
Time=602025000 | Ped=0 | Highway=001 | Side=100 | Walk=0
Time=602085000 | Ped=0 | Highway=010 | Side=100 | Walk=0
Time=602115000 | Ped=0 | Highway=100 | Side=001 | Walk=0
Time=602175000 | Ped=0 | Highway=001 | Side=100 | Walk=0
Time=602235000 | Ped=0 | Highway=010 | Side=100 | Walk=0
Time=602265000 | Ped=0 | Highway=100 | Side=001 | Walk=0
Time=602325000 | Ped=0 | Highway=001 | Side=100 | Walk=0
Time=602385000 | Ped=0 | Highway=010 | Side=100 | Walk=0
Time=602415000 | Ped=0 | Highway=100 | Side=001 | Walk=0
Time=602475000 | Ped=0 | Highway=001 | Side=100 | Walk=0
Time=602535000 | Ped=0 | Highway=010 | Side=100 | Walk=0
Time=602565000 | Ped=0 | Highway=100 | Side=001 | Walk=0
Time=602625000 | Ped=0 | Highway=001 | Side=100 | Walk=0
Time=602685000 | Ped=0 | Highway=010 | Side=100 | Walk=0
Time=602715000 | Ped=0 | Highway=100 | Side=001 | Walk=0
Time=602775000 | Ped=0 | Highway=001 | Side=100 | Walk=0
Time=602835000 | Ped=0 | Highway=010 | Side=100 | Walk=0
Time=602865000 | Ped=0 | Highway=100 | Side=001 | Walk=0
Time=602925000 | Ped=0 | Highway=001 | Side=100 | Walk=0
Time=602985000 | Ped=0 | Highway=010 | Side=100 | Walk=0
Time=603015000 | Ped=0 | Highway=100 | Side=001 | Walk=0
Time=603075000 | Ped=0 | Highway=001 | Side=100 | Walk=0
Time=603135000 | Ped=0 | Highway=010 | Side=100 | Walk=0
Time=603165000 | Ped=0 | Highway=100 | Side=001 | Walk=0
Time=603225000 | Ped=0 | Highway=001 | Side=100 | Walk=0
Time=603285000 | Ped=0 | Highway=010 | Side=100 | Walk=0
Time=603315000 | Ped=0 | Highway=100 | Side=001 | Walk=0
Time=603375000 | Ped=0 | Highway=001 | Side=100 | Walk=0
Time=603435000 | Ped=0 | Highway=010 | Side=100 | Walk=0
Time=603465000 | Ped=0 | Highway=100 | Side=001 | Walk=0
Time=603525000 | Ped=0 | Highway=001 | Side=100 | Walk=0
Time=603585000 | Ped=0 | Highway=010 | Side=100 | Walk=0
Time=603615000 | Ped=0 | Highway=100 | Side=001 | Walk=0
Time=603675000 | Ped=0 | Highway=001 | Side=100 | Walk=0
Time=603735000 | Ped=0 | Highway=010 | Side=100 | Walk=0
Time=603765000 | Ped=0 | Highway=100 | Side=001 | Walk=0
Time=603825000 | Ped=0 | Highway=001 | Side=100 | Walk=0
Time=603885000 | Ped=0 | Highway=010 | Side=100 | Walk=0
Time=603915000 | Ped=0 | Highway=100 | Side=001 | Walk=0
Time=603975000 | Ped=0 | Highway=001 | Side=100 | Walk=0
Time=604035000 | Ped=0 | Highway=010 | Side=100 | Walk=0
Time=604065000 | Ped=0 | Highway=100 | Side=001 | Walk=0
Time=604125000 | Ped=0 | Highway=001 | Side=100 | Walk=0
Time=604185000 | Ped=0 | Highway=010 | Side=100 | Walk=0
Time=604215000 | Ped=0 | Highway=100 | Side=001 | Walk=0
Time=604275000 | Ped=0 | Highway=001 | Side=100 | Walk=0
Time=604335000 | Ped=0 | Highway=010 | Side=100 | Walk=0
Time=604365000 | Ped=0 | Highway=100 | Side=001 | Walk=0
Time=604425000 | Ped=0 | Highway=001 | Side=100 | Walk=0
Time=604485000 | Ped=0 | Highway=010 | Side=100 | Walk=0
Time=604515000 | Ped=0 | Highway=100 | Side=001 | Walk=0
Time=604575000 | Ped=0 | Highway=001 | Side=100 | Walk=0
Time=604635000 | Ped=0 | Highway=010 | Side=100 | Walk=0
Time=604665000 | Ped=0 | Highway=100 | Side=001 | Walk=0
Time=604725000 | Ped=0 | Highway=001 | Side=100 | Walk=0
Time=604785000 | Ped=0 | Highway=010 | Side=100 | Walk=0
Time=604815000 | Ped=0 | Highway=100 | Side=001 | Walk=0
Time=604875000 | Ped=0 | Highway=001 | Side=100 | Walk=0
Time=604935000 | Ped=0 | Highway=010 | Side=100 | Walk=0
Time=604965000 | Ped=0 | Highway=100 | Side=001 | Walk=0
Time=605025000 | Ped=0 | Highway=001 | Side=100 | Walk=0
Time=605085000 | Ped=0 | Highway=010 | Side=100 | Walk=0
Time=605115000 | Ped=0 | Highway=100 | Side=001 | Walk=0
Time=605175000 | Ped=0 | Highway=001 | Side=100 | Walk=0
Time=605235000 | Ped=0 | Highway=010 | Side=100 | Walk=0
Time=605265000 | Ped=0 | Highway=100 | Side=001 | Walk=0
Time=605325000 | Ped=0 | Highway=001 | Side=100 | Walk=0
Time=605385000 | Ped=0 | Highway=010 | Side=100 | Walk=0
Time=605415000 | Ped=0 | Highway=100 | Side=001 | Walk=0
Time=605475000 | Ped=0 | Highway=001 | Side=100 | Walk=0
Time=605535000 | Ped=0 | Highway=010 | Side=100 | Walk=0
Time=605565000 | Ped=0 | Highway=100 | Side=001 | Walk=0
Time=605625000 | Ped=0 | Highway=001 | Side=100 | Walk=0
Time=605685000 | Ped=0 | Highway=010 | Side=100 | Walk=0
Time=605715000 | Ped=0 | Highway=100 | Side=001 | Walk=0
Time=605775000 | Ped=0 | Highway=001 | Side=100 | Walk=0
Time=605835000 | Ped=0 | Highway=010 | Side=100 | Walk=0
Time=605865000 | Ped=0 | Highway=100 | Side=001 | Walk=0
Time=605925000 | Ped=0 | Highway=001 | Side=100 | Walk=0
Time=605985000 | Ped=0 | Highway=010 | Side=100 | Walk=0
Time=606015000 | Ped=0 | Highway=100 | Side=001 | Walk=0
Time=606075000 | Ped=0 | Highway=001 | Side=100 | Walk=0
Time=606135000 | Ped=0 | Highway=010 | Side=100 | Walk=0
Time=606165000 | Ped=0 | Highway=100 | Side=001 | Walk=0
Time=606225000 | Ped=0 | Highway=001 | Side=100 | Walk=0
Time=606285000 | Ped=0 | Highway=010 | Side=100 | Walk=0
Time=606315000 | Ped=0 | Highway=100 | Side=001 | Walk=0
Time=606375000 | Ped=0 | Highway=001 | Side=100 | Walk=0
Time=606435000 | Ped=0 | Highway=010 | Side=100 | Walk=0
Time=606465000 | Ped=0 | Highway=100 | Side=001 | Walk=0
Time=606525000 | Ped=0 | Highway=001 | Side=100 | Walk=0
Time=606585000 | Ped=0 | Highway=010 | Side=100 | Walk=0
Time=606615000 | Ped=0 | Highway=100 | Side=001 | Walk=0
Time=606675000 | Ped=0 | Highway=001 | Side=100 | Walk=0
Time=606735000 | Ped=0 | Highway=010 | Side=100 | Walk=0
Time=606765000 | Ped=0 | Highway=100 | Side=001 | Walk=0
Time=606825000 | Ped=0 | Highway=001 | Side=100 | Walk=0
Time=606885000 | Ped=0 | Highway=010 | Side=100 | Walk=0
Time=606915000 | Ped=0 | Highway=100 | Side=001 | Walk=0
Time=606975000 | Ped=0 | Highway=001 | Side=100 | Walk=0
Time=607035000 | Ped=0 | Highway=010 | Side=100 | Walk=0
Time=607065000 | Ped=0 | Highway=100 | Side=001 | Walk=0
Time=607125000 | Ped=0 | Highway=001 | Side=100 | Walk=0
Time=607185000 | Ped=0 | Highway=010 | Side=100 | Walk=0
Time=607215000 | Ped=0 | Highway=100 | Side=001 | Walk=0
Time=607275000 | Ped=0 | Highway=001 | Side=100 | Walk=0
Time=607335000 | Ped=0 | Highway=010 | Side=100 | Walk=0
Time=607365000 | Ped=0 | Highway=100 | Side=001 | Walk=0
Time=607425000 | Ped=0 | Highway=001 | Side=100 | Walk=0
Time=607485000 | Ped=0 | Highway=010 | Side=100 | Walk=0
Time=607515000 | Ped=0 | Highway=100 | Side=001 | Walk=0
Time=607575000 | Ped=0 | Highway=001 | Side=100 | Walk=0
Time=607635000 | Ped=0 | Highway=010 | Side=100 | Walk=0
Time=607665000 | Ped=0 | Highway=100 | Side=001 | Walk=0
Time=607725000 | Ped=0 | Highway=001 | Side=100 | Walk=0
Time=607785000 | Ped=0 | Highway=010 | Side=100 | Walk=0
Time=607815000 | Ped=0 | Highway=100 | Side=001 | Walk=0
Time=607875000 | Ped=0 | Highway=001 | Side=100 | Walk=0
Time=607935000 | Ped=0 | Highway=010 | Side=100 | Walk=0
Time=607965000 | Ped=0 | Highway=100 | Side=001 | Walk=0
Time=608025000 | Ped=0 | Highway=001 | Side=100 | Walk=0
Time=608085000 | Ped=0 | Highway=010 | Side=100 | Walk=0
Time=608115000 | Ped=0 | Highway=100 | Side=001 | Walk=0
Time=608175000 | Ped=0 | Highway=001 | Side=100 | Walk=0
Time=608235000 | Ped=0 | Highway=010 | Side=100 | Walk=0
Time=608265000 | Ped=0 | Highway=100 | Side=001 | Walk=0
Time=608325000 | Ped=0 | Highway=001 | Side=100 | Walk=0
Time=608385000 | Ped=0 | Highway=010 | Side=100 | Walk=0
Time=608415000 | Ped=0 | Highway=100 | Side=001 | Walk=0
Time=608475000 | Ped=0 | Highway=001 | Side=100 | Walk=0
Time=608535000 | Ped=0 | Highway=010 | Side=100 | Walk=0
Time=608565000 | Ped=0 | Highway=100 | Side=001 | Walk=0
Time=608625000 | Ped=0 | Highway=001 | Side=100 | Walk=0
Time=608685000 | Ped=0 | Highway=010 | Side=100 | Walk=0
Time=608715000 | Ped=0 | Highway=100 | Side=001 | Walk=0
Time=608775000 | Ped=0 | Highway=001 | Side=100 | Walk=0
Time=608835000 | Ped=0 | Highway=010 | Side=100 | Walk=0
Time=608865000 | Ped=0 | Highway=100 | Side=001 | Walk=0
Time=608925000 | Ped=0 | Highway=001 | Side=100 | Walk=0
Time=608985000 | Ped=0 | Highway=010 | Side=100 | Walk=0
Time=609015000 | Ped=0 | Highway=100 | Side=001 | Walk=0
Time=609075000 | Ped=0 | Highway=001 | Side=100 | Walk=0
Time=609135000 | Ped=0 | Highway=010 | Side=100 | Walk=0
Time=609165000 | Ped=0 | Highway=100 | Side=001 | Walk=0
Time=609225000 | Ped=0 | Highway=001 | Side=100 | Walk=0
Time=609285000 | Ped=0 | Highway=010 | Side=100 | Walk=0
Time=609315000 | Ped=0 | Highway=100 | Side=001 | Walk=0
Time=609375000 | Ped=0 | Highway=001 | Side=100 | Walk=0
Time=609435000 | Ped=0 | Highway=010 | Side=100 | Walk=0
Time=609465000 | Ped=0 | Highway=100 | Side=001 | Walk=0
Time=609525000 | Ped=0 | Highway=001 | Side=100 | Walk=0
Time=609585000 | Ped=0 | Highway=010 | Side=100 | Walk=0
Time=609615000 | Ped=0 | Highway=100 | Side=001 | Walk=0
Time=609675000 | Ped=0 | Highway=001 | Side=100 | Walk=0
Time=609735000 | Ped=0 | Highway=010 | Side=100 | Walk=0
Time=609765000 | Ped=0 | Highway=100 | Side=001 | Walk=0
Time=609825000 | Ped=0 | Highway=001 | Side=100 | Walk=0
Time=609885000 | Ped=0 | Highway=010 | Side=100 | Walk=0
Time=609915000 | Ped=0 | Highway=100 | Side=001 | Walk=0
Time=609975000 | Ped=0 | Highway=001 | Side=100 | Walk=0
Time=610035000 | Ped=0 | Highway=010 | Side=100 | Walk=0
Time=610065000 | Ped=0 | Highway=100 | Side=001 | Walk=0
Time=610125000 | Ped=0 | Highway=001 | Side=100 | Walk=0
Time=610185000 | Ped=0 | Highway=010 | Side=100 | Walk=0
Time=610215000 | Ped=0 | Highway=100 | Side=001 | Walk=0
Time=610275000 | Ped=0 | Highway=001 | Side=100 | Walk=0
Time=610335000 | Ped=0 | Highway=010 | Side=100 | Walk=0
Time=610365000 | Ped=0 | Highway=100 | Side=001 | Walk=0
Time=610425000 | Ped=0 | Highway=001 | Side=100 | Walk=0
Time=610485000 | Ped=0 | Highway=010 | Side=100 | Walk=0
Time=610515000 | Ped=0 | Highway=100 | Side=001 | Walk=0
Time=610575000 | Ped=0 | Highway=001 | Side=100 | Walk=0
Time=610635000 | Ped=0 | Highway=010 | Side=100 | Walk=0
Time=610665000 | Ped=0 | Highway=100 | Side=001 | Walk=0
Time=610725000 | Ped=0 | Highway=001 | Side=100 | Walk=0
Time=610785000 | Ped=0 | Highway=010 | Side=100 | Walk=0
Time=610815000 | Ped=0 | Highway=100 | Side=001 | Walk=0
Time=610875000 | Ped=0 | Highway=001 | Side=100 | Walk=0
Time=610935000 | Ped=0 | Highway=010 | Side=100 | Walk=0
Time=610965000 | Ped=0 | Highway=100 | Side=001 | Walk=0
Time=611025000 | Ped=0 | Highway=001 | Side=100 | Walk=0
Time=611085000 | Ped=0 | Highway=010 | Side=100 | Walk=0
Time=611115000 | Ped=0 | Highway=100 | Side=001 | Walk=0
Time=611175000 | Ped=0 | Highway=001 | Side=100 | Walk=0
Time=611235000 | Ped=0 | Highway=010 | Side=100 | Walk=0
Time=611265000 | Ped=0 | Highway=100 | Side=001 | Walk=0
Time=611325000 | Ped=0 | Highway=001 | Side=100 | Walk=0
Time=611385000 | Ped=0 | Highway=010 | Side=100 | Walk=0
Time=611415000 | Ped=0 | Highway=100 | Side=001 | Walk=0
Time=611475000 | Ped=0 | Highway=001 | Side=100 | Walk=0
Time=611535000 | Ped=0 | Highway=010 | Side=100 | Walk=0
Time=611565000 | Ped=0 | Highway=100 | Side=001 | Walk=0
Time=611625000 | Ped=0 | Highway=001 | Side=100 | Walk=0
Time=611685000 | Ped=0 | Highway=010 | Side=100 | Walk=0
Time=611715000 | Ped=0 | Highway=100 | Side=001 | Walk=0
Time=611775000 | Ped=0 | Highway=001 | Side=100 | Walk=0
Time=611835000 | Ped=0 | Highway=010 | Side=100 | Walk=0
Time=611865000 | Ped=0 | Highway=100 | Side=001 | Walk=0
Time=611925000 | Ped=0 | Highway=001 | Side=100 | Walk=0
Time=611985000 | Ped=0 | Highway=010 | Side=100 | Walk=0
